<?xml version="1.0"?>
<lifecycleMappingMetadata>
  <pluginExecutions>
    <pluginExecution>
      <pluginExecutionFilter>
        <groupId>org.jacoco</groupId>
        <artifactId>jacoco-maven-plugin</artifactId>
        <versionRange>[0.6.2.201302030002,)</versionRange>
        <goals>
          <goal>prepare-agent</goal>
        </goals>
      </pluginExecutionFilter>
      <action>
        <execute></execute>
      </action>
    </pluginExecution>
    <pluginExecution>
      <pluginExecutionFilter>
        <groupId>org.apache.maven.plugins</groupId>
        <artifactId>maven-checkstyle-plugin</artifactId>
        <versionRange>[2.9.1,)</versionRange>
        <goals>
          <goal>check</goal>
        </goals>
      </pluginExecutionFilter>
      <action>
        <ignore></ignore>
      </action>
    </pluginExecution>    
  </pluginExecutions>
</lifecycleMappingMetadata>
