<?xml version="1.0" encoding="UTF-8"?>
<!DOCTYPE module PUBLIC "-//Puppy Crawl//DTD Check Configuration 1.2//EN" "http://www.puppycrawl.com/dtds/configuration_1_2.dtd">
<!-- Generated by Sonar -->
<module name="Checker">
   <module name="SuppressionCommentFilter" />
   <module name="SuppressWarningsFilter" />
   <module name="JavadocPackage">
      <property name="severity" value="info" />
   </module>
   <module name="UniqueProperties">
      <property name="severity" value="warning" />
      <property name="fileExtensions" value="properties" />
   </module>
   <module name="TreeWalker">
      <module name="FileContentsHolder" />
      <module name="SuppressWarningsHolder" />
      <module name="AbbreviationAsWordInName">
         <property name="severity" value="warning" />
         <property name="allowedAbbreviations" value="UDDI,SAML" />
         <property name="ignoreStatic" value="true" />
         <property name="allowedAbbreviationLength" value="3" />
         <property name="ignoreFinal" value="true" />
         <property name="ignoreOverriddenMethods" value="true" />
      </module>
      <module name="AnnotationLocation">
         <property name="severity" value="warning" />
         <property name="allowSamelineSingleParameterlessAnnotation" value="true" />
         <property name="allowSamelineMultipleAnnotations" value="false" />
         <property name="allowSamelineParameterizedAnnotation" value="false" />
      </module>
      <module name="ArrayTrailingComma">
         <property name="severity" value="warning" />
      </module>
      <module name="AtclauseOrder">
         <property name="severity" value="info" />
         <property name="tagOrder" value="@author, @version, @param, @return, @throws, @exception, @see, @since, @serial, @serialField, @serialData, @deprecated" />
      </module>
      <module name="AvoidEscapedUnicodeCharacters">
         <property name="severity" value="warning" />
         <property name="allowEscapesForControlCharacters" value="false" />
         <property name="allowByTailComment" value="false" />
         <property name="allowNonPrintableEscapes" value="false" />
         <property name="allowIfAllCharactersEscaped" value="false" />
      </module>
      <module name="ClassDataAbstractionCoupling">
         <property name="severity" value="info" />
         <property name="max" value="7" />
      </module>
      <module name="EmptyForInitializerPad">
         <property name="severity" value="info" />
      </module>
      <module name="EmptyForIteratorPad">
         <property name="severity" value="info" />
      </module>
      <module name="FinalLocalVariable">
         <property name="severity" value="info" />
         <property name="validateEnhancedForLoopVariable" value="false" />
      </module>
      <module name="GenericWhitespace">
         <property name="severity" value="info" />
      </module>
      <module name="IllegalCatch">
         <property name="severity" value="info" />
      </module>
      <module name="IllegalInstantiation">
         <property name="severity" value="warning" />
      </module>
      <module name="IllegalType">
         <property name="severity" value="warning" />
         <property name="validateAbstractClassNames" value="false" />
      </module>
      <module name="InnerTypeLast">
         <property name="severity" value="info" />
      </module>
      <module name="InterfaceTypeParameterName">
         <property name="severity" value="warning" />
         <property name="format" value="^[A-Z]$" />
      </module>
      <module name="JavaNCSS">
         <property name="severity" value="warning" />
      </module>
      <module name="JavadocParagraph">
         <property name="severity" value="info" />
      </module>
      <module name="MethodCount">
         <property name="severity" value="warning" />
         <property name="maxTotal" value="100" />
         <property name="maxPrivate" value="100" />
         <property name="maxPackage" value="100" />
         <property name="maxProtected" value="100" />
         <property name="maxPublic" value="100" />
      </module>
      <module name="MethodParamPad">
         <property name="severity" value="warning" />
      </module>
      <module name="MissingOverride">
         <property name="severity" value="warning" />
      </module>
      <module name="NPathComplexity">
         <property name="severity" value="warning" />
      </module>
      <module name="NoClone">
         <property name="severity" value="warning" />
      </module>
      <module name="NoWhitespaceAfter">
         <property name="severity" value="info" />
      </module>
      <module name="NoWhitespaceBefore">
         <property name="severity" value="info" />
      </module>
      <module name="NonEmptyAtclauseDescription">
         <property name="severity" value="info" />
      </module>
      <module name="OneTopLevelClass">
         <property name="severity" value="warning" />
      </module>
      <module name="OuterTypeFilename">
         <property name="severity" value="warning" />
      </module>
      <module name="OuterTypeNumber">
         <property name="severity" value="info" />
      </module>
      <module name="OverloadMethodsDeclarationOrder">
         <property name="severity" value="warning" />
      </module>
      <module name="PackageAnnotation">
         <property name="severity" value="info" />
      </module>
      <module name="ParenPad">
         <property name="severity" value="info" />
      </module>
      <module name="RedundantModifier">
         <property name="severity" value="info" />
      </module>
      <module name="SingleLineJavadoc">
         <property name="severity" value="info" />
         <property name="ignoreInlineTags" value="true" />
      </module>
      <module name="SuppressWarnings">
         <property name="severity" value="warning" />
      </module>
      <module name="TypecastParenPad">
         <property name="severity" value="warning" />
      </module>
      <module name="UncommentedMain">
         <property name="severity" value="warning" />
      </module>
      <module name="VariableDeclarationUsageDistance">
         <property name="severity" value="warning" />
         <property name="validateBetweenScopes" value="false" />
         <property name="allowedDistance" value="20" />
         <property name="ignoreFinal" value="true" />
      </module>
      <module name="WhitespaceAfter">
         <property name="severity" value="info" />
      </module>
      <module name="WhitespaceAround">
         <property name="severity" value="info" />
         <property name="ignoreEnhancedForColon" value="true" />
         <property name="allowEmptyLoops" value="false" />
         <property name="allowEmptyTypes" value="false" />
      </module>
      <module name="WriteTag">
         <property name="severity" value="info" />
      </module>
   </module>
</module>