<?xml version="1.0"?>
<Config>
	<RallyConnection>
		<Url>rally1.rallydev.com</Url>
		<WorkspaceName>BT Financial Group</WorkspaceName>
		<Projects>
			<Project>CashHub</Project>
		</Projects>
		<User>qc_user@btfinancialgroup.com</User>
		<Password>encoded-V-G-V-z-d-G-l-u-Z-z-E-=-</Password>
		<ArtifactType>Defect</ArtifactType>
		<ExternalIDField>ExternalID</ExternalIDField>
		<UpdateSelectors>
			<UpdateSelector>State = Fix</UpdateSelector>
		</UpdateSelectors>
	</RallyConnection>

	<QCConnection>
		<Url>https://www.qc.srv.westpac.com.au/qcbin</Url>
		<Domain>INVESTMENT_SOLUTIONS</Domain>
		<Project>BAU_2013_NextGen</Project>
		<User>app_rally</User>
		<Password>encoded-V-G-V-z-d-G-l-u-Z-z-E-=-</Password>
		<ArtifactType>BUG</ArtifactType>
		<CopySelectors>
			<CopySelector>BG_STATUS = ANALYSE</CopySelector>
			<CopySelector>BG_USER_12 = ASSIGNED-IT</CopySelector>
		</CopySelectors>
		<UpdateSelectors>
			<UpdateSelector>BG_STATUS != NEW</UpdateSelector>
		</UpdateSelectors>
		<IDField>BG_BUG_ID</IDField>
		<ExternalIDField>BG_USER_13</ExternalIDField>
		<ExternalEndUserIDField>BG_USER_14</ExternalEndUserIDField>
	</QCConnection>

	<Connector>
		<RelatedObjectLinkers>
			<RallyAttachmentLinker/>
		</RelatedObjectLinkers>
		<FieldMapping>
			<Field>
				<Rally>Name</Rally>
				<Other>BG_SUMMARY</Other>
			</Field>
			<Field>
				<Rally>State</Rally>
				<Other>BG_STATUS</Other>
			</Field>
			<Field>
				<Rally>SubStatus</Rally>
				<Other>BG_USER_12</Other>
			</Field>
			<Field>
				<Rally>PhaseInjected</Rally>
				<Other>BG_USER_02</Other>
			</Field>
			<Field>
				<Rally>DefectSource</Rally>
				<Other>BG_USER_01</Other>
			</Field>
			<Field>
				<Rally>Severity</Rally>
				<Other>BG_SEVERITY</Other>
			</Field>
			<Field>
				<Rally>Priority</Rally>
				<Other>BG_PRIORITY</Other>
			</Field>
			<Field>
				<Rally>Owner</Rally>
				<Other>BG_RESPONSIBLE</Other>
			</Field>
			<Field>
				<Rally>SubmittedBy</Rally>
				<Other>BG_DETECTED_BY</Other>
			</Field>
			<Field>
				<Rally>Notes</Rally>
				<Other>BG_DEV_COMMENTS</Other>
			</Field>
			<Field>
				<Rally>Description</Rally>
				<Other>BG_DESCRIPTION</Other>
			</Field>
		</FieldMapping>

		<RallyFieldHandlers>
			<RallyUserFieldHandler>
				<FieldName>Owner</FieldName>
				<ReferencedFieldLookupID>MiddleName</ReferencedFieldLookupID>
			</RallyUserFieldHandler>
			<RallyUserFieldHandler>
				<FieldName>SubmittedBy</FieldName>
				<ReferencedFieldLookupID>MiddleName</ReferencedFieldLookupID>
			</RallyUserFieldHandler>
		</RallyFieldHandlers>

		<OtherFieldHandlers>
			<QCRtfFieldHandler>
				<FieldName>BG_DESCRIPTION</FieldName>
			</QCRtfFieldHandler>
			<QCRtfFieldHandler>
				<FieldName>BG_DEV_COMMENTS</FieldName>
			</QCRtfFieldHandler>
			<OtherEnumFieldHandler>
				<FieldName>BG_STATUS</FieldName>
				<Mappings>
					<Field>
						<Rally>Open</Rally>
						<Other>NEW</Other>
					</Field>
					<Field>
						<Rally>Analyse</Rally>
						<Other>ANALYSE</Other>
					</Field>
					<Field>
						<Rally>Deploy</Rally>
						<Other>DEPLOY</Other>
					</Field>
					<Field>
						<Rally>Fix</Rally>
						<Other>FIX</Other>
					</Field>
					<Field>
						<Rally>Retest</Rally>
						<Other>RETEST</Other>
					</Field>
					<Field>
						<Rally>Closed</Rally>
						<Other>CLOSED</Other>
					</Field>
				</Mappings>
			</OtherEnumFieldHandler>
			<OtherEnumFieldHandler>
				<FieldName>BG_SEVERITY</FieldName>
				<Mappings>
					<Field>
						<Rally>Cosmetic</Rally>
						<Other>4-Low</Other>
					</Field>
					<Field>
						<Rally>Minor Problem</Rally>
						<Other>3-Medium</Other>
					</Field>
					<Field>
						<Rally>Major Problem</Rally>
						<Other>2-High</Other>
					</Field>
					<Field>
						<Rally>Crash/Data Loss</Rally>
						<Other>1-Critical</Other>
					</Field>
				</Mappings>
			</OtherEnumFieldHandler>
			<OtherEnumFieldHandler>
				<FieldName>BG_PRIORITY</FieldName>
				<Mappings>
					<Field>
						<Rally>Normal</Rally>
						<Other>3-Low</Other>
					</Field>
					<Field>
						<Rally>High Attention</Rally>
						<Other>2-Medium</Other>
					</Field>
					<Field>
						<Rally>Resolve Immediately</Rally>
						<Other>1-High</Other>
					</Field>
				</Mappings>
			</OtherEnumFieldHandler>
			<OtherEnumFieldHandler>
				<FieldName>BG_USER_12</FieldName>
				<Mappings>
					<Field>
						<Rally>NEW</Rally>
						<Other>NEW</Other>
					</Field>
					<Field>
						<Rally>ASSIGNED-IT</Rally>
						<Other>ASSIGNED-IT</Other>
					</Field>
					<Field>
						<Rally>ASSIGNED-BUS</Rally>
						<Other>ASSIGNED-BUS</Other>
					</Field>
					<Field>
						<Rally>ASSIGNED-RAISER</Rally>
						<Other>ASSIGNED-RAISER</Other>
					</Field>
					<Field>
						<Rally>DUPLICATE</Rally>
						<Other>DUPLICATE</Other>
					</Field>
					<Field>
						<Rally>REJECTED</Rally>
						<Other>REJECTED</Other>
					</Field>
					<Field>
						<Rally>SUCCESSFUL</Rally>
						<Other>SUCCESSFUL</Other>
					</Field>
					<Field>
						<Rally>BLOCKED BY CR</Rally>
						<Other>BLOCKED BY CR</Other>
					</Field>
					<Field>
						<Rally>BLOCKED BY DATA</Rally>
						<Other>BLOCKED BY DATA</Other>
					</Field>
					<Field>
						<Rally>BLOCKED BY DEFECT</Rally>
						<Other>BLOCKED BY DEFECT</Other>
					</Field>
					<Field>
						<Rally>BLOCKED BY ENVIRONMENT</Rally>
						<Other>BLOCKED BY ENVIRONMENT</Other>
					</Field>
					<Field>
						<Rally>DEFERRED</Rally>
						<Other>DEFERRED</Other>
					</Field>
					<Field>
						<Rally>ESCALATED</Rally>
						<Other>ESCALATED</Other>
					</Field>
					<Field>
						<Rally>PROCEED</Rally>
						<Other>PROCEED</Other>
					</Field>
				</Mappings>
			</OtherEnumFieldHandler>
			<OtherEnumFieldHandler>
				<FieldName>BG_USER_02</FieldName>
				<Mappings>
					<Field>
						<Rally>01-Conceptual Design</Rally>
						<Other>01-Conceptual Design</Other>
					</Field>
					<Field>
						<Rally>02-Detailed Design</Rally>
						<Other>02-Detailed Design</Other>
					</Field>
					<Field>
						<Rally>03-Build/Unit Test</Rally>
						<Other>03-Build/Unit Test</Other>
					</Field>
					<Field>
						<Rally>04-System Test (ST)</Rally>
						<Other>04-System Test (ST)</Other>
					</Field>
					<Field>
						<Rally>05-System Integration Test (SIT)</Rally>
						<Other>05-System Integration Test (SIT)</Other>
					</Field>
					<Field>
						<Rally>06-Non Functional Test (SVP)</Rally>
						<Other>06-Non Functional Test (SVP)</Other>
					</Field>
					<Field>
						<Rally>07-Release (Stage)</Rally>
						<Other>07-Release (Stage)</Other>
					</Field>
					<Field>
						<Rally>08-User Acceptance Test (UAT)</Rally>
						<Other>08-User Acceptance Test (UAT)</Other>
					</Field>
					<Field>
						<Rally>09-Post Implementation Verification (PIV)</Rally>
						<Other>09-Post Implementation Verification (PIV)</Other>
					</Field>
					<Field>
						<Rally>10-Production Warranty Period</Rally>
						<Other>10-Production Warranty Period</Other>
					</Field>
				</Mappings>
			</OtherEnumFieldHandler>
		</OtherFieldHandlers>
	</Connector>

	<ConnectorRunner>
		<Preview>False</Preview>
		<LogLevel>Debug</LogLevel>
		<Services>COPY_QC_TO_RALLY, UPDATE_QC_TO_RALLY
		</Services>
		<Emailer>
			<Level>Error</Level>
			<SendEmailFrom>rally2qc@btfinancialgroup.com</SendEmailFrom>
			<SendEmailTo>james.sammut@btfinancialgroup.com</SendEmailTo>
			<SMTPServer>mailhost</SMTPServer>
			<SMTPPort>25</SMTPPort>
		</Emailer>
	</ConnectorRunner>
</Config>
