--Note: Changes manually done on exported database backup script.
-- 1) Ignore BSB_BILLER and BSB view creation DDL scripts
-- 2) Remove scripts populating BSB with data. (Alternative: Ignore BSB and BPAY_BILLER objects while exporting)
-- 3) Added / before block statements appear below.
-- 4) Selected only first 100 users
--------------------------------------------------------
--  File created - Wednesday-January-21-2015   
--------------------------------------------------------
--------------------------------------------------------
--  DDL for Sequence ACL_CLASS_SEQ
--------------------------------------------------------

   CREATE SEQUENCE  "ACL_CLASS_SEQ"  MINVALUE 1 MAXVALUE 9999999999999999999999999999 INCREMENT BY 1 START WITH 1 CACHE 20 NOORDER  NOCYCLE ;
--------------------------------------------------------
--  DDL for Sequence ACL_ENTRY_SEQ
--------------------------------------------------------

   CREATE SEQUENCE  "ACL_ENTRY_SEQ"  MINVALUE 1 MAXVALUE 9999999999999999999999999999 INCREMENT BY 1 START WITH 1 CACHE 20 NOORDER  NOCYCLE ;
--------------------------------------------------------
--  DDL for Sequence ACL_OBJECT_IDENTITY_SEQ
--------------------------------------------------------

   CREATE SEQUENCE  "ACL_OBJECT_IDENTITY_SEQ"  MINVALUE 1 MAXVALUE 9999999999999999999999999999 INCREMENT BY 1 START WITH 1 CACHE 20 NOORDER  NOCYCLE ;
--------------------------------------------------------
--  DDL for Sequence ACL_SID_SEQ
--------------------------------------------------------

   CREATE SEQUENCE  "ACL_SID_SEQ"  MINVALUE 1 MAXVALUE 9999999999999999999999999999 INCREMENT BY 1 START WITH 1 CACHE 20 NOORDER  NOCYCLE ;
--------------------------------------------------------
--  DDL for Sequence CLIENT_APPLICATION_SEQ
--------------------------------------------------------

   CREATE SEQUENCE  "CLIENT_APPLICATION_SEQ"  MINVALUE 1 MAXVALUE 9999999999999999999999999999 INCREMENT BY 1 START WITH 1001 CACHE 20 NOORDER  NOCYCLE ;
--------------------------------------------------------
--  DDL for Sequence ONBOARDING_APPLICATION_SEQ
--------------------------------------------------------

   CREATE SEQUENCE  "ONBOARDING_APPLICATION_SEQ"  MINVALUE 1 MAXVALUE 9999999999999999999999999999 INCREMENT BY 1 START WITH 521 CACHE 20 NOORDER  NOCYCLE ;
--------------------------------------------------------
--  DDL for Sequence PAYEE_SEQ
--------------------------------------------------------

   CREATE SEQUENCE  "PAYEE_SEQ"  MINVALUE 1 MAXVALUE 9999999999999999999999999999 INCREMENT BY 1 START WITH 101 CACHE 20 NOORDER  NOCYCLE ;
--------------------------------------------------------
--  DDL for Table ACL_CLASS
--------------------------------------------------------

  CREATE TABLE "ACL_CLASS" 
   (	"ID" NUMBER(38,0), 
	"CLASS" VARCHAR2(255 CHAR)
   ) ;
--------------------------------------------------------
--  DDL for Table ACL_ENTRY
--------------------------------------------------------

  CREATE TABLE "ACL_ENTRY" 
   (	"ID" NUMBER(38,0), 
	"ACL_OBJECT_IDENTITY" NUMBER(38,0), 
	"ACE_ORDER" NUMBER(38,0), 
	"SID" NUMBER(38,0), 
	"MASK" NUMBER(38,0), 
	"GRANTING" NUMBER(*,0), 
	"AUDIT_SUCCESS" NUMBER(*,0), 
	"AUDIT_FAILURE" NUMBER(*,0)
   ) ;
--------------------------------------------------------
--  DDL for Table ACL_OBJECT_IDENTITY
--------------------------------------------------------

  CREATE TABLE "ACL_OBJECT_IDENTITY" 
   (	"ID" NUMBER(38,0), 
	"OBJECT_ID_CLASS" NUMBER(38,0), 
	"OBJECT_ID_IDENTITY" NUMBER(38,0), 
	"PARENT_OBJECT" NUMBER(38,0) DEFAULT NULL, 
	"OWNER_SID" NUMBER(38,0) DEFAULT NULL, 
	"ENTRIES_INHERITING" NUMBER(*,0)
   ) ;
--------------------------------------------------------
--  DDL for Table ACL_SID
--------------------------------------------------------

  CREATE TABLE "ACL_SID" 
   (	"ID" NUMBER(38,0), 
	"PRINCIPAL" NUMBER(*,0), 
	"SID" VARCHAR2(100 CHAR)
   ) ;
--------------------------------------------------------
--  DDL for Table BPAY_PAYEE
--------------------------------------------------------

  CREATE TABLE "BPAY_PAYEE" 
   (	"PAYEE_SEQ" NUMBER(19,0), 
	"BILLER_CODE" VARCHAR2(10 CHAR), 
	"CUSTOMER_REFERENCE" VARCHAR2(50 CHAR)
   ) ;
--------------------------------------------------------
--  DDL for Table CLIENT_APPLICATION
--------------------------------------------------------

  CREATE TABLE "CLIENT_APPLICATION" 
   (	"CLIENT_APPLICATION_ID" NUMBER, 
	"ADVISER_POSITION_ID" VARCHAR2(20 BYTE), 
	"LAST_MODIFIED" TIMESTAMP (6), 
	"LAST_MODIFIED_ID" VARCHAR2(20 BYTE), 
	"FORM_DATA" CLOB, 
	"STATUS" VARCHAR2(10 BYTE) DEFAULT 'draft', 
	"ONBOARDING_APPLICATION_ID" NUMBER(20,0), 
	"PRODUCT_ID" VARCHAR2(50 BYTE)
   ) ;
--------------------------------------------------------
--  DDL for Table DATABASECHANGELOG
--------------------------------------------------------

  CREATE TABLE "DATABASECHANGELOG" 
   (	"ID" VARCHAR2(255 BYTE), 
	"AUTHOR" VARCHAR2(255 BYTE), 
	"FILENAME" VARCHAR2(255 BYTE), 
	"DATEEXECUTED" TIMESTAMP (6), 
	"ORDEREXECUTED" NUMBER(10,0), 
	"EXECTYPE" VARCHAR2(10 BYTE), 
	"MD5SUM" VARCHAR2(35 BYTE), 
	"DESCRIPTION" VARCHAR2(255 BYTE), 
	"COMMENTS" VARCHAR2(255 BYTE), 
	"TAG" VARCHAR2(255 BYTE), 
	"LIQUIBASE" VARCHAR2(20 BYTE)
   ) ;
--------------------------------------------------------
--  DDL for Table DATABASECHANGELOGLOCK
--------------------------------------------------------

  CREATE TABLE "DATABASECHANGELOGLOCK" 
   (	"ID" NUMBER(10,0), 
	"LOCKED" NUMBER(1,0), 
	"LOCKGRANTED" TIMESTAMP (6), 
	"LOCKEDBY" VARCHAR2(255 BYTE)
   ) ;
--------------------------------------------------------
--  DDL for Table DEALER_PRODUCTS
--------------------------------------------------------

  CREATE TABLE "DEALER_PRODUCTS" 
   (	"DEALER_GRP" CHAR(255 BYTE), 
	"PRODUCT_ID" CHAR(12 BYTE), 
	"PRODUCT_NAME" CHAR(255 BYTE), 
	"ONG_MAX_DOLLAR" NUMBER(12,2), 
	"ONG_MAX_PERCENT" NUMBER(12,2), 
	"LIC_MAX_PERCENT" NUMBER(12,2), 
	"LIC_MAX_DOLLAR" NUMBER(12,2)
   ) ;
--------------------------------------------------------
--  DDL for Table LINKED_ACCOUNT
--------------------------------------------------------

  CREATE TABLE "LINKED_ACCOUNT" 
   (	"PAYEE_SEQ" NUMBER(19,0), 
	"ACCOUNT_NAME" VARCHAR2(50 CHAR), 
	"BSB_CODE" CHAR(6 CHAR), 
	"ACCOUNT_NUMBER" CHAR(9 CHAR)
   ) ;
--------------------------------------------------------
--  DDL for Table ONBOARDING_ACCOUNT
--------------------------------------------------------

  CREATE TABLE "ONBOARDING_ACCOUNT" 
   (	"ONBOARDING_ACCOUNT_SEQ" NUMBER(3,0), 
	"ONBOARDING_APPLICATION_ID" NUMBER(20,0), 
	"ACCOUNT_NUMBER" VARCHAR2(30 BYTE), 
	"LAST_MODIFIED_DATE" TIMESTAMP (6), 
	"LAST_MODIFIED_ID" VARCHAR2(20 BYTE)
   ) ;
--------------------------------------------------------
--  DDL for Table ONBOARDING_APPLICATION
--------------------------------------------------------

  CREATE TABLE "ONBOARDING_APPLICATION" 
   (	"ID" NUMBER(20,0), 
	"APPLICATION_TYPE" VARCHAR2(10 BYTE), 
	"AVALOQ_ORDER_ID" VARCHAR2(30 BYTE), 
	"STATUS" VARCHAR2(30 BYTE), 
	"FAILURE_MESSAGE" VARCHAR2(4000 BYTE), 
	"LAST_MODIFIED_DATE" TIMESTAMP (6), 
	"LAST_MODIFIED_ID" VARCHAR2(20 BYTE)
   ) ;
--------------------------------------------------------
--  DDL for Table ONBOARDING_COMMUNICATION
--------------------------------------------------------

  CREATE TABLE "ONBOARDING_COMMUNICATION" 
   (	"COMMUNICATION_ID" VARCHAR2(50 BYTE), 
	"ONBOARDING_APPLICATION_ID" NUMBER(20,0), 
	"GCM_PAN" VARCHAR2(30 BYTE), 
	"STATUS" VARCHAR2(30 BYTE), 
	"EMAIL_ADDRESS" VARCHAR2(100 BYTE), 
	"COMMUNICATION_INITIATION_TIME" TIMESTAMP (6), 
	"LAST_MODIFIED_DATE" TIMESTAMP (6), 
	"LAST_MODIFIED_ID" VARCHAR2(20 BYTE), 
	"TRACKING_ID" VARCHAR2(50 BYTE), 
	"CREATED_DATE" TIMESTAMP (6), 
	"FAILURE_MESSAGE" VARCHAR2(4000 BYTE)
   ) ;
--------------------------------------------------------
--  DDL for Table ONBOARDING_PARTY
--------------------------------------------------------

  CREATE TABLE "ONBOARDING_PARTY" 
   (	"ONBOARDING_PARTY_SEQ" NUMBER(3,0), 
	"ONBOARDING_APPLICATION_ID" NUMBER(20,0), 
	"GCM_PAN" VARCHAR2(30 BYTE), 
	"STATUS" VARCHAR2(30 BYTE), 
	"FAILURE_MESSAGE" VARCHAR2(4000 BYTE), 
	"LAST_MODIFIED_DATE" TIMESTAMP (6), 
	"LAST_MODIFIED_ID" VARCHAR2(20 BYTE)
   ) ;
--------------------------------------------------------
--  DDL for Table PAYEE
--------------------------------------------------------

  CREATE TABLE "PAYEE" 
   (	"PAYEE_SEQ" NUMBER(19,0), 
	"CASH_ACCOUNT_ID" CHAR(9 CHAR), 
	"PAYEE_TYPE" VARCHAR2(20 CHAR), 
	"NICKNAME" VARCHAR2(50 CHAR), 
	"PAYMENT_CATEGORY" VARCHAR2(100 CHAR), 
	"PAYMENT_SUB_CATEGORY" VARCHAR2(100 CHAR)
   ) ;
--------------------------------------------------------
--  DDL for Table PAYEE_TYPE
--------------------------------------------------------

  CREATE TABLE "PAYEE_TYPE" 
   (	"PAYEE_TYPE" VARCHAR2(20 CHAR), 
	"DESCRIPTION" VARCHAR2(50 CHAR)
   ) ;
--------------------------------------------------------
--  DDL for Table PAY_ANYONE_PAYEE
--------------------------------------------------------

  CREATE TABLE "PAY_ANYONE_PAYEE" 
   (	"PAYEE_SEQ" NUMBER(19,0), 
	"NAME" VARCHAR2(50 CHAR), 
	"BSB_CODE" CHAR(6 CHAR), 
	"ACCOUNT_NUMBER" CHAR(9 CHAR)
   ) ;
--------------------------------------------------------
--  DDL for Table USERS
--------------------------------------------------------

  CREATE TABLE "USERS" 
   (	"USER_ID" VARCHAR2(20 CHAR), 
	"ADVISER_ID" VARCHAR2(20 CHAR), 
	"ISFIRSTTIME_LOGGEDIN" CHAR(1 CHAR), 
	"TNC_ACCEPTED" CHAR(1 CHAR), 
	"TNC_ACCEPTED_ON" DATE, 
	"WHATS_NEW_VERSION" VARCHAR2(50 BYTE)
   ) ;
--------------------------------------------------------
--  DDL for Table VERSION
--------------------------------------------------------

  CREATE TABLE "VERSION" 
   (	"APPVERSION" CHAR(50 CHAR)
   ) ;
--------------------------------------------------------
--  DDL for View BPAY_BILLER
--------------------------------------------------------
--CREATE OR REPLACE VIEW "BPAY_BILLER" ("BILLER_CODE", "BILLER_NAME", "PAYMENT_METHOD", "ACTIVE_DATE", "DEACTIVE_DATE", "CRN_CHECK_DIGIT_ROUTINE", "CRN_VALID_LENGTHS", "CRN_FIXED_DIGITS_MASK") AS
--  SELECT "BILLER_CODE","BILLER_NAME","PAYMENT_METHOD","ACTIVE_DATE","DEACTIVE_DATE","CRN_CHECK_DIGIT_ROUTINE","CRN_VALID_LENGTHS","CRN_FIXED_DIGITS_MASK" FROM BSB_BATCH_DEV1.BPAY_BILLER_MST_000001;
--------------------------------------------------------
--  DDL for View BSB
--------------------------------------------------------

-- CREATE OR REPLACE VIEW "BSB" ("BSB_CODE") AS
--  select "BSB_CODE" from OPS$NGCTM.bsb_DEV1_1404773206;
REM INSERTING into ACL_CLASS
SET DEFINE OFF;
Insert into ACL_CLASS (ID,CLASS) values (2,'ADDRESSBOOK');
Insert into ACL_CLASS (ID,CLASS) values (5,'CLIENTONBOARDING');
Insert into ACL_CLASS (ID,CLASS) values (6,'MANAGEDPORTFOLIO');
Insert into ACL_CLASS (ID,CLASS) values (1,'MOVEMONEY');
Insert into ACL_CLASS (ID,CLASS) values (4,'TERMDEPOSIT');
Insert into ACL_CLASS (ID,CLASS) values (3,'TRANSACTION');
REM INSERTING into ACL_ENTRY
SET DEFINE OFF;
Insert into ACL_ENTRY (ID,ACL_OBJECT_IDENTITY,ACE_ORDER,SID,MASK,GRANTING,AUDIT_SUCCESS,AUDIT_FAILURE) values (1,1,1,1,9,1,0,0);
Insert into ACL_ENTRY (ID,ACL_OBJECT_IDENTITY,ACE_ORDER,SID,MASK,GRANTING,AUDIT_SUCCESS,AUDIT_FAILURE) values (2,1,2,1,10,1,0,0);
Insert into ACL_ENTRY (ID,ACL_OBJECT_IDENTITY,ACE_ORDER,SID,MASK,GRANTING,AUDIT_SUCCESS,AUDIT_FAILURE) values (3,1,3,2,11,1,0,0);
Insert into ACL_ENTRY (ID,ACL_OBJECT_IDENTITY,ACE_ORDER,SID,MASK,GRANTING,AUDIT_SUCCESS,AUDIT_FAILURE) values (4,1,4,1,11,0,0,0);
Insert into ACL_ENTRY (ID,ACL_OBJECT_IDENTITY,ACE_ORDER,SID,MASK,GRANTING,AUDIT_SUCCESS,AUDIT_FAILURE) values (5,1,5,4,11,0,0,0);
Insert into ACL_ENTRY (ID,ACL_OBJECT_IDENTITY,ACE_ORDER,SID,MASK,GRANTING,AUDIT_SUCCESS,AUDIT_FAILURE) values (6,1,7,1,12,1,0,0);
Insert into ACL_ENTRY (ID,ACL_OBJECT_IDENTITY,ACE_ORDER,SID,MASK,GRANTING,AUDIT_SUCCESS,AUDIT_FAILURE) values (7,1,8,2,12,1,0,0);
Insert into ACL_ENTRY (ID,ACL_OBJECT_IDENTITY,ACE_ORDER,SID,MASK,GRANTING,AUDIT_SUCCESS,AUDIT_FAILURE) values (8,1,9,4,12,0,0,0);
Insert into ACL_ENTRY (ID,ACL_OBJECT_IDENTITY,ACE_ORDER,SID,MASK,GRANTING,AUDIT_SUCCESS,AUDIT_FAILURE) values (9,1,11,1,13,1,0,0);
Insert into ACL_ENTRY (ID,ACL_OBJECT_IDENTITY,ACE_ORDER,SID,MASK,GRANTING,AUDIT_SUCCESS,AUDIT_FAILURE) values (10,1,12,2,13,1,0,0);
Insert into ACL_ENTRY (ID,ACL_OBJECT_IDENTITY,ACE_ORDER,SID,MASK,GRANTING,AUDIT_SUCCESS,AUDIT_FAILURE) values (11,1,13,4,13,0,0,0);
Insert into ACL_ENTRY (ID,ACL_OBJECT_IDENTITY,ACE_ORDER,SID,MASK,GRANTING,AUDIT_SUCCESS,AUDIT_FAILURE) values (12,3,1,1,14,1,0,0);
Insert into ACL_ENTRY (ID,ACL_OBJECT_IDENTITY,ACE_ORDER,SID,MASK,GRANTING,AUDIT_SUCCESS,AUDIT_FAILURE) values (13,3,2,2,14,1,0,0);
Insert into ACL_ENTRY (ID,ACL_OBJECT_IDENTITY,ACE_ORDER,SID,MASK,GRANTING,AUDIT_SUCCESS,AUDIT_FAILURE) values (14,3,3,4,14,0,0,0);
Insert into ACL_ENTRY (ID,ACL_OBJECT_IDENTITY,ACE_ORDER,SID,MASK,GRANTING,AUDIT_SUCCESS,AUDIT_FAILURE) values (15,4,1,1,2,1,0,0);
Insert into ACL_ENTRY (ID,ACL_OBJECT_IDENTITY,ACE_ORDER,SID,MASK,GRANTING,AUDIT_SUCCESS,AUDIT_FAILURE) values (16,4,2,2,2,1,0,0);
Insert into ACL_ENTRY (ID,ACL_OBJECT_IDENTITY,ACE_ORDER,SID,MASK,GRANTING,AUDIT_SUCCESS,AUDIT_FAILURE) values (17,4,9,4,2,1,0,0);
Insert into ACL_ENTRY (ID,ACL_OBJECT_IDENTITY,ACE_ORDER,SID,MASK,GRANTING,AUDIT_SUCCESS,AUDIT_FAILURE) values (18,1,15,5,12,0,0,0);
Insert into ACL_ENTRY (ID,ACL_OBJECT_IDENTITY,ACE_ORDER,SID,MASK,GRANTING,AUDIT_SUCCESS,AUDIT_FAILURE) values (19,1,16,6,12,0,0,0);
Insert into ACL_ENTRY (ID,ACL_OBJECT_IDENTITY,ACE_ORDER,SID,MASK,GRANTING,AUDIT_SUCCESS,AUDIT_FAILURE) values (20,1,17,8,12,0,0,0);
Insert into ACL_ENTRY (ID,ACL_OBJECT_IDENTITY,ACE_ORDER,SID,MASK,GRANTING,AUDIT_SUCCESS,AUDIT_FAILURE) values (21,1,18,7,12,1,0,0);
Insert into ACL_ENTRY (ID,ACL_OBJECT_IDENTITY,ACE_ORDER,SID,MASK,GRANTING,AUDIT_SUCCESS,AUDIT_FAILURE) values (22,1,19,5,13,1,0,0);
Insert into ACL_ENTRY (ID,ACL_OBJECT_IDENTITY,ACE_ORDER,SID,MASK,GRANTING,AUDIT_SUCCESS,AUDIT_FAILURE) values (23,1,20,6,13,0,0,0);
Insert into ACL_ENTRY (ID,ACL_OBJECT_IDENTITY,ACE_ORDER,SID,MASK,GRANTING,AUDIT_SUCCESS,AUDIT_FAILURE) values (24,1,21,8,13,1,0,0);
Insert into ACL_ENTRY (ID,ACL_OBJECT_IDENTITY,ACE_ORDER,SID,MASK,GRANTING,AUDIT_SUCCESS,AUDIT_FAILURE) values (25,1,22,7,13,0,0,0);
Insert into ACL_ENTRY (ID,ACL_OBJECT_IDENTITY,ACE_ORDER,SID,MASK,GRANTING,AUDIT_SUCCESS,AUDIT_FAILURE) values (26,4,3,5,2,0,0,0);
Insert into ACL_ENTRY (ID,ACL_OBJECT_IDENTITY,ACE_ORDER,SID,MASK,GRANTING,AUDIT_SUCCESS,AUDIT_FAILURE) values (27,4,4,6,2,0,0,0);
Insert into ACL_ENTRY (ID,ACL_OBJECT_IDENTITY,ACE_ORDER,SID,MASK,GRANTING,AUDIT_SUCCESS,AUDIT_FAILURE) values (28,4,5,8,2,1,0,0);
Insert into ACL_ENTRY (ID,ACL_OBJECT_IDENTITY,ACE_ORDER,SID,MASK,GRANTING,AUDIT_SUCCESS,AUDIT_FAILURE) values (29,4,6,7,2,1,0,0);
Insert into ACL_ENTRY (ID,ACL_OBJECT_IDENTITY,ACE_ORDER,SID,MASK,GRANTING,AUDIT_SUCCESS,AUDIT_FAILURE) values (30,2,1,3,1,1,0,0);
Insert into ACL_ENTRY (ID,ACL_OBJECT_IDENTITY,ACE_ORDER,SID,MASK,GRANTING,AUDIT_SUCCESS,AUDIT_FAILURE) values (31,2,2,3,2,1,0,0);
Insert into ACL_ENTRY (ID,ACL_OBJECT_IDENTITY,ACE_ORDER,SID,MASK,GRANTING,AUDIT_SUCCESS,AUDIT_FAILURE) values (32,1,24,9,2,0,0,0);
Insert into ACL_ENTRY (ID,ACL_OBJECT_IDENTITY,ACE_ORDER,SID,MASK,GRANTING,AUDIT_SUCCESS,AUDIT_FAILURE) values (33,2,4,9,2,0,0,0);
Insert into ACL_ENTRY (ID,ACL_OBJECT_IDENTITY,ACE_ORDER,SID,MASK,GRANTING,AUDIT_SUCCESS,AUDIT_FAILURE) values (34,4,7,9,2,0,0,0);
Insert into ACL_ENTRY (ID,ACL_OBJECT_IDENTITY,ACE_ORDER,SID,MASK,GRANTING,AUDIT_SUCCESS,AUDIT_FAILURE) values (35,5,1,10,2,0,0,0);
Insert into ACL_ENTRY (ID,ACL_OBJECT_IDENTITY,ACE_ORDER,SID,MASK,GRANTING,AUDIT_SUCCESS,AUDIT_FAILURE) values (36,4,8,10,2,0,0,0);
Insert into ACL_ENTRY (ID,ACL_OBJECT_IDENTITY,ACE_ORDER,SID,MASK,GRANTING,AUDIT_SUCCESS,AUDIT_FAILURE) values (37,6,1,1,2,1,0,0);
Insert into ACL_ENTRY (ID,ACL_OBJECT_IDENTITY,ACE_ORDER,SID,MASK,GRANTING,AUDIT_SUCCESS,AUDIT_FAILURE) values (38,6,2,2,2,1,0,0);
Insert into ACL_ENTRY (ID,ACL_OBJECT_IDENTITY,ACE_ORDER,SID,MASK,GRANTING,AUDIT_SUCCESS,AUDIT_FAILURE) values (39,6,3,5,2,0,0,0);
Insert into ACL_ENTRY (ID,ACL_OBJECT_IDENTITY,ACE_ORDER,SID,MASK,GRANTING,AUDIT_SUCCESS,AUDIT_FAILURE) values (40,6,4,6,2,0,0,0);
Insert into ACL_ENTRY (ID,ACL_OBJECT_IDENTITY,ACE_ORDER,SID,MASK,GRANTING,AUDIT_SUCCESS,AUDIT_FAILURE) values (41,6,5,7,2,1,0,0);
Insert into ACL_ENTRY (ID,ACL_OBJECT_IDENTITY,ACE_ORDER,SID,MASK,GRANTING,AUDIT_SUCCESS,AUDIT_FAILURE) values (42,6,6,8,2,1,0,0);
Insert into ACL_ENTRY (ID,ACL_OBJECT_IDENTITY,ACE_ORDER,SID,MASK,GRANTING,AUDIT_SUCCESS,AUDIT_FAILURE) values (43,7,9,2,0,0,0,0);
REM INSERTING into ACL_OBJECT_IDENTITY
SET DEFINE OFF;
Insert into ACL_OBJECT_IDENTITY (ID,OBJECT_ID_CLASS,OBJECT_ID_IDENTITY,PARENT_OBJECT,OWNER_SID,ENTRIES_INHERITING) values (1,1,1,null,1,1);
Insert into ACL_OBJECT_IDENTITY (ID,OBJECT_ID_CLASS,OBJECT_ID_IDENTITY,PARENT_OBJECT,OWNER_SID,ENTRIES_INHERITING) values (2,2,2,null,1,1);
Insert into ACL_OBJECT_IDENTITY (ID,OBJECT_ID_CLASS,OBJECT_ID_IDENTITY,PARENT_OBJECT,OWNER_SID,ENTRIES_INHERITING) values (3,3,3,null,1,1);
Insert into ACL_OBJECT_IDENTITY (ID,OBJECT_ID_CLASS,OBJECT_ID_IDENTITY,PARENT_OBJECT,OWNER_SID,ENTRIES_INHERITING) values (4,4,4,null,1,1);
Insert into ACL_OBJECT_IDENTITY (ID,OBJECT_ID_CLASS,OBJECT_ID_IDENTITY,PARENT_OBJECT,OWNER_SID,ENTRIES_INHERITING) values (5,5,5,null,1,1);
Insert into ACL_OBJECT_IDENTITY (ID,OBJECT_ID_CLASS,OBJECT_ID_IDENTITY,PARENT_OBJECT,OWNER_SID,ENTRIES_INHERITING) values (6,6,6,null,1,1);
REM INSERTING into ACL_SID
SET DEFINE OFF;
Insert into ACL_SID (ID,PRINCIPAL,SID) values (10,0,'ASSIST');
Insert into ACL_SID (ID,PRINCIPAL,SID) values (3,0,'BP_ACC_MAINT');
Insert into ACL_SID (ID,PRINCIPAL,SID) values (6,0,'COURT_ORDER');
Insert into ACL_SID (ID,PRINCIPAL,SID) values (5,0,'DECEASED');
Insert into ACL_SID (ID,PRINCIPAL,SID) values (9,0,'EMULATOR');
Insert into ACL_SID (ID,PRINCIPAL,SID) values (7,0,'INPAY');
Insert into ACL_SID (ID,PRINCIPAL,SID) values (4,0,'NO_TRX');
Insert into ACL_SID (ID,PRINCIPAL,SID) values (8,0,'PAY');
Insert into ACL_SID (ID,PRINCIPAL,SID) values (1,0,'PAY_INPAY_ALL');
Insert into ACL_SID (ID,PRINCIPAL,SID) values (2,0,'PAY_INPAY_LINK');
REM INSERTING into BPAY_PAYEE
SET DEFINE OFF;
REM INSERTING into CLIENT_APPLICATION
SET DEFINE OFF;
Insert into CLIENT_APPLICATION (CLIENT_APPLICATION_ID,ADVISER_POSITION_ID,LAST_MODIFIED,LAST_MODIFIED_ID,STATUS,ONBOARDING_APPLICATION_ID,PRODUCT_ID) values (985,'107210',to_timestamp('21/JAN/15 10:30:25.592000000 AM','DD/MON/RR HH12:MI:SSXFF AM'),'217160010','deleted',null,'91345');
Insert into CLIENT_APPLICATION (CLIENT_APPLICATION_ID,ADVISER_POSITION_ID,LAST_MODIFIED,LAST_MODIFIED_ID,STATUS,ONBOARDING_APPLICATION_ID,PRODUCT_ID) values (988,'107210',to_timestamp('21/JAN/15 10:30:22.618000000 AM','DD/MON/RR HH12:MI:SSXFF AM'),'217160010','deleted',null,'91345');
Insert into CLIENT_APPLICATION (CLIENT_APPLICATION_ID,ADVISER_POSITION_ID,LAST_MODIFIED,LAST_MODIFIED_ID,STATUS,ONBOARDING_APPLICATION_ID,PRODUCT_ID) values (991,'107182',to_timestamp('21/JAN/15 10:52:59.695000000 AM','DD/MON/RR HH12:MI:SSXFF AM'),'217160014','draft',null,'91345');
Insert into CLIENT_APPLICATION (CLIENT_APPLICATION_ID,ADVISER_POSITION_ID,LAST_MODIFIED,LAST_MODIFIED_ID,STATUS,ONBOARDING_APPLICATION_ID,PRODUCT_ID) values (992,'107190',to_timestamp('21/JAN/15 11:00:34.916000000 AM','DD/MON/RR HH12:MI:SSXFF AM'),'217160015','draft',null,'91345');
Insert into CLIENT_APPLICATION (CLIENT_APPLICATION_ID,ADVISER_POSITION_ID,LAST_MODIFIED,LAST_MODIFIED_ID,STATUS,ONBOARDING_APPLICATION_ID,PRODUCT_ID) values (995,'107210',to_timestamp('21/JAN/15 01:50:11.151000000 PM','DD/MON/RR HH12:MI:SSXFF AM'),'217160010','processing',510,'91345');
Insert into CLIENT_APPLICATION (CLIENT_APPLICATION_ID,ADVISER_POSITION_ID,LAST_MODIFIED,LAST_MODIFIED_ID,STATUS,ONBOARDING_APPLICATION_ID,PRODUCT_ID) values (993,'107217',to_timestamp('21/JAN/15 11:28:23.747000000 AM','DD/MON/RR HH12:MI:SSXFF AM'),'217160011','draft',null,'91345');
Insert into CLIENT_APPLICATION (CLIENT_APPLICATION_ID,ADVISER_POSITION_ID,LAST_MODIFIED,LAST_MODIFIED_ID,STATUS,ONBOARDING_APPLICATION_ID,PRODUCT_ID) values (994,'107217',to_timestamp('21/JAN/15 01:44:41.417000000 PM','DD/MON/RR HH12:MI:SSXFF AM'),'217160011','draft',null,'91345');
Insert into CLIENT_APPLICATION (CLIENT_APPLICATION_ID,ADVISER_POSITION_ID,LAST_MODIFIED,LAST_MODIFIED_ID,STATUS,ONBOARDING_APPLICATION_ID,PRODUCT_ID) values (980,'107210',to_timestamp('21/JAN/15 10:48:22.798000000 AM','DD/MON/RR HH12:MI:SSXFF AM'),'217160010','draft',null,'91345');
Insert into CLIENT_APPLICATION (CLIENT_APPLICATION_ID,ADVISER_POSITION_ID,LAST_MODIFIED,LAST_MODIFIED_ID,STATUS,ONBOARDING_APPLICATION_ID,PRODUCT_ID) values (984,'107217',to_timestamp('21/JAN/15 10:17:32.978000000 AM','DD/MON/RR HH12:MI:SSXFF AM'),'217160011','processing',507,'91345');
Insert into CLIENT_APPLICATION (CLIENT_APPLICATION_ID,ADVISER_POSITION_ID,LAST_MODIFIED,LAST_MODIFIED_ID,STATUS,ONBOARDING_APPLICATION_ID,PRODUCT_ID) values (996,'107210',to_timestamp('21/JAN/15 02:34:07.600000000 PM','DD/MON/RR HH12:MI:SSXFF AM'),'217160010','processing',511,'91345');
Insert into CLIENT_APPLICATION (CLIENT_APPLICATION_ID,ADVISER_POSITION_ID,LAST_MODIFIED,LAST_MODIFIED_ID,STATUS,ONBOARDING_APPLICATION_ID,PRODUCT_ID) values (981,'107217',to_timestamp('21/JAN/15 09:44:05.254000000 AM','DD/MON/RR HH12:MI:SSXFF AM'),'217160011','draft',null,'91345');
Insert into CLIENT_APPLICATION (CLIENT_APPLICATION_ID,ADVISER_POSITION_ID,LAST_MODIFIED,LAST_MODIFIED_ID,STATUS,ONBOARDING_APPLICATION_ID,PRODUCT_ID) values (982,'107210',to_timestamp('21/JAN/15 10:30:06.774000000 AM','DD/MON/RR HH12:MI:SSXFF AM'),'217160010','draft',null,'91345');
Insert into CLIENT_APPLICATION (CLIENT_APPLICATION_ID,ADVISER_POSITION_ID,LAST_MODIFIED,LAST_MODIFIED_ID,STATUS,ONBOARDING_APPLICATION_ID,PRODUCT_ID) values (983,'107217',to_timestamp('21/JAN/15 09:57:57.639000000 AM','DD/MON/RR HH12:MI:SSXFF AM'),'217160011','processing',506,'91345');
Insert into CLIENT_APPLICATION (CLIENT_APPLICATION_ID,ADVISER_POSITION_ID,LAST_MODIFIED,LAST_MODIFIED_ID,STATUS,ONBOARDING_APPLICATION_ID,PRODUCT_ID) values (986,'107210',to_timestamp('21/JAN/15 10:29:47.805000000 AM','DD/MON/RR HH12:MI:SSXFF AM'),'217160010','deleted',null,'91345');
Insert into CLIENT_APPLICATION (CLIENT_APPLICATION_ID,ADVISER_POSITION_ID,LAST_MODIFIED,LAST_MODIFIED_ID,STATUS,ONBOARDING_APPLICATION_ID,PRODUCT_ID) values (987,'107210',to_timestamp('21/JAN/15 10:29:44.314000000 AM','DD/MON/RR HH12:MI:SSXFF AM'),'217160010','deleted',null,'91345');
Insert into CLIENT_APPLICATION (CLIENT_APPLICATION_ID,ADVISER_POSITION_ID,LAST_MODIFIED,LAST_MODIFIED_ID,STATUS,ONBOARDING_APPLICATION_ID,PRODUCT_ID) values (989,'107210',to_timestamp('21/JAN/15 02:27:22.428000000 PM','DD/MON/RR HH12:MI:SSXFF AM'),'217160010','draft',null,'91345');
Insert into CLIENT_APPLICATION (CLIENT_APPLICATION_ID,ADVISER_POSITION_ID,LAST_MODIFIED,LAST_MODIFIED_ID,STATUS,ONBOARDING_APPLICATION_ID,PRODUCT_ID) values (990,'107217',to_timestamp('21/JAN/15 10:32:30.642000000 AM','DD/MON/RR HH12:MI:SSXFF AM'),'217160011','processing',508,'91345');
REM INSERTING into DATABASECHANGELOG
SET DEFINE OFF;
Insert into DATABASECHANGELOG (ID,AUTHOR,FILENAME,DATEEXECUTED,ORDEREXECUTED,EXECTYPE,MD5SUM,DESCRIPTION,COMMENTS,TAG,LIQUIBASE) values ('increase_communication_id_length-onboarding_communication','L070813','persistence/db.changelog-2.0.xml',to_timestamp('04/DEC/14 03:05:40.453856000 PM','DD/MON/RR HH12:MI:SSXFF AM'),60,'EXECUTED','7:129925d08cabc35a6050f6077c360b35','modifyDataType',null,null,'3.2.2');
Insert into DATABASECHANGELOG (ID,AUTHOR,FILENAME,DATEEXECUTED,ORDEREXECUTED,EXECTYPE,MD5SUM,DESCRIPTION,COMMENTS,TAG,LIQUIBASE) values ('add__not_null_constraint-onboarding_communication-email_address','L070813','persistence/db.changelog-2.0.xml',to_timestamp('17/DEC/14 08:49:33.157500000 AM','DD/MON/RR HH12:MI:SSXFF AM'),67,'EXECUTED','7:c48a5378b0b3451f87da7ed4b019b04f','addNotNullConstraint',null,null,'3.2.2');
Insert into DATABASECHANGELOG (ID,AUTHOR,FILENAME,DATEEXECUTED,ORDEREXECUTED,EXECTYPE,MD5SUM,DESCRIPTION,COMMENTS,TAG,LIQUIBASE) values ('add_not_null_constraint-onboarding_communication-communication_initiation','L070813','persistence/db.changelog-2.0.xml',to_timestamp('17/DEC/14 08:49:33.192089000 AM','DD/MON/RR HH12:MI:SSXFF AM'),68,'EXECUTED','7:bdacb9b59eb84b68fa87c4776697d3f3','addNotNullConstraint',null,null,'3.2.2');
Insert into DATABASECHANGELOG (ID,AUTHOR,FILENAME,DATEEXECUTED,ORDEREXECUTED,EXECTYPE,MD5SUM,DESCRIPTION,COMMENTS,TAG,LIQUIBASE) values ('add_not_null_constraint-onboarding_communication-created_date','L070813','persistence/db.changelog-2.0.xml',to_timestamp('17/DEC/14 08:49:33.210266000 AM','DD/MON/RR HH12:MI:SSXFF AM'),69,'EXECUTED','7:dd4438d6deb31405bf25692bcfbeee2e','addNotNullConstraint',null,null,'3.2.2');
Insert into DATABASECHANGELOG (ID,AUTHOR,FILENAME,DATEEXECUTED,ORDEREXECUTED,EXECTYPE,MD5SUM,DESCRIPTION,COMMENTS,TAG,LIQUIBASE) values ('add_column-whats_new_version-users','f030695','persistence/db.changelog-2.0.xml',to_timestamp('20/JAN/15 11:28:32.812059000 AM','DD/MON/RR HH12:MI:SSXFF AM'),71,'MARK_RAN','7:dbb6d598ac8859340e519d7e9eeada47','addColumn',null,null,'3.2.2');
Insert into DATABASECHANGELOG (ID,AUTHOR,FILENAME,DATEEXECUTED,ORDEREXECUTED,EXECTYPE,MD5SUM,DESCRIPTION,COMMENTS,TAG,LIQUIBASE) values ('cash-oracle-tables','m034259','persistence/db.changelog-cash.xml',to_timestamp('20/NOV/14 05:13:10.324996000 PM','DD/MON/RR HH12:MI:SSXFF AM'),1,'MARK_RAN','7:c05b13e771933422bd6abbcdbb7c61ee','sqlFile (x10)','Oracle: Setup structure',null,'3.2.2');
Insert into DATABASECHANGELOG (ID,AUTHOR,FILENAME,DATEEXECUTED,ORDEREXECUTED,EXECTYPE,MD5SUM,DESCRIPTION,COMMENTS,TAG,LIQUIBASE) values ('cash-oracle-acl','m034259','persistence/db.changelog-cash.xml',to_timestamp('20/NOV/14 05:13:10.821185000 PM','DD/MON/RR HH12:MI:SSXFF AM'),2,'EXECUTED','7:205a742b3d6c7f0c9155f11c9d516ded','sqlFile','Oracle: Authorisation data',null,'3.2.2');
Insert into DATABASECHANGELOG (ID,AUTHOR,FILENAME,DATEEXECUTED,ORDEREXECUTED,EXECTYPE,MD5SUM,DESCRIPTION,COMMENTS,TAG,LIQUIBASE) values ('tbl-dealer_product','m034259','persistence/db.changelog-2.0.xml',to_timestamp('20/NOV/14 05:13:10.842477000 PM','DD/MON/RR HH12:MI:SSXFF AM'),3,'EXECUTED','7:6e4f2ed6484972833c9990ed4448ddcc','sqlFile',null,null,'3.2.2');
Insert into DATABASECHANGELOG (ID,AUTHOR,FILENAME,DATEEXECUTED,ORDEREXECUTED,EXECTYPE,MD5SUM,DESCRIPTION,COMMENTS,TAG,LIQUIBASE) values ('tbl-tracking','m034259','persistence/db.changelog-2.0.xml',to_timestamp('20/NOV/14 05:13:10.914538000 PM','DD/MON/RR HH12:MI:SSXFF AM'),4,'EXECUTED','7:39555edd45cae4a43d7aa1ad6eb1afbf','sqlFile',null,null,'3.2.2');
Insert into DATABASECHANGELOG (ID,AUTHOR,FILENAME,DATEEXECUTED,ORDEREXECUTED,EXECTYPE,MD5SUM,DESCRIPTION,COMMENTS,TAG,LIQUIBASE) values ('seq-tracking','m034259','persistence/db.changelog-2.0.xml',to_timestamp('20/NOV/14 05:13:11.029698000 PM','DD/MON/RR HH12:MI:SSXFF AM'),5,'EXECUTED','7:c14b2c395c9577f6371f30e779c5d6b8','sqlFile',null,null,'3.2.2');
Insert into DATABASECHANGELOG (ID,AUTHOR,FILENAME,DATEEXECUTED,ORDEREXECUTED,EXECTYPE,MD5SUM,DESCRIPTION,COMMENTS,TAG,LIQUIBASE) values ('draft_account-drop','l070813','persistence/db.changelog-2.0.xml',to_timestamp('20/NOV/14 05:13:11.121240000 PM','DD/MON/RR HH12:MI:SSXFF AM'),6,'MARK_RAN','7:6928efcc1d972b625726ffca66e938a4','dropTable',null,null,'3.2.2');
Insert into DATABASECHANGELOG (ID,AUTHOR,FILENAME,DATEEXECUTED,ORDEREXECUTED,EXECTYPE,MD5SUM,DESCRIPTION,COMMENTS,TAG,LIQUIBASE) values ('draft_account_seq-drop','l071142','persistence/db.changelog-2.0.xml',to_timestamp('20/NOV/14 05:13:11.230698000 PM','DD/MON/RR HH12:MI:SSXFF AM'),7,'MARK_RAN','7:c80d24a585c94446f280b80edf5a5a70','dropSequence',null,null,'3.2.2');
Insert into DATABASECHANGELOG (ID,AUTHOR,FILENAME,DATEEXECUTED,ORDEREXECUTED,EXECTYPE,MD5SUM,DESCRIPTION,COMMENTS,TAG,LIQUIBASE) values ('client_application_seq-create','l071142','persistence/db.changelog-2.0.xml',to_timestamp('20/NOV/14 05:13:11.241465000 PM','DD/MON/RR HH12:MI:SSXFF AM'),8,'EXECUTED','7:9db191a178af3517c490a7b84d713e81','createSequence',null,null,'3.2.2');
Insert into DATABASECHANGELOG (ID,AUTHOR,FILENAME,DATEEXECUTED,ORDEREXECUTED,EXECTYPE,MD5SUM,DESCRIPTION,COMMENTS,TAG,LIQUIBASE) values ('client_application-create','l071142','persistence/db.changelog-2.0.xml',to_timestamp('20/NOV/14 05:13:11.311279000 PM','DD/MON/RR HH12:MI:SSXFF AM'),9,'EXECUTED','7:c1cdfa7a9b3f19f0518d1bcb6ff74124','createTable',null,null,'3.2.2');
Insert into DATABASECHANGELOG (ID,AUTHOR,FILENAME,DATEEXECUTED,ORDEREXECUTED,EXECTYPE,MD5SUM,DESCRIPTION,COMMENTS,TAG,LIQUIBASE) values ('client_application-add-status-check-constraint','l071142','persistence/db.changelog-2.0.xml',to_timestamp('20/NOV/14 05:13:11.327380000 PM','DD/MON/RR HH12:MI:SSXFF AM'),10,'EXECUTED','7:933ad1cf8d14223e192b5d35855b1e2e','sql',null,null,'3.2.2');
Insert into DATABASECHANGELOG (ID,AUTHOR,FILENAME,DATEEXECUTED,ORDEREXECUTED,EXECTYPE,MD5SUM,DESCRIPTION,COMMENTS,TAG,LIQUIBASE) values ('proc-insert_or_update_app_id','m034259','persistence/db.changelog-2.0.xml',to_timestamp('20/NOV/14 05:13:11.732474000 PM','DD/MON/RR HH12:MI:SSXFF AM'),11,'EXECUTED','7:a10e11ee5a64c001534d12e4353ea78a','sqlFile',null,null,'3.2.2');
Insert into DATABASECHANGELOG (ID,AUTHOR,FILENAME,DATEEXECUTED,ORDEREXECUTED,EXECTYPE,MD5SUM,DESCRIPTION,COMMENTS,TAG,LIQUIBASE) values ('proc-insert_or_update_account_id','m034259','persistence/db.changelog-2.0.xml',to_timestamp('20/NOV/14 05:13:11.765572000 PM','DD/MON/RR HH12:MI:SSXFF AM'),12,'EXECUTED','7:7fb705b156ce65614a2c6d2d5a8abd2a','sqlFile',null,null,'3.2.2');
Insert into DATABASECHANGELOG (ID,AUTHOR,FILENAME,DATEEXECUTED,ORDEREXECUTED,EXECTYPE,MD5SUM,DESCRIPTION,COMMENTS,TAG,LIQUIBASE) values ('proc-insert_or_update_party_id','m034259','persistence/db.changelog-2.0.xml',to_timestamp('20/NOV/14 05:13:11.790588000 PM','DD/MON/RR HH12:MI:SSXFF AM'),13,'EXECUTED','7:6fa9492e9928d419fcdc21b042b0433f','sqlFile',null,null,'3.2.2');
Insert into DATABASECHANGELOG (ID,AUTHOR,FILENAME,DATEEXECUTED,ORDEREXECUTED,EXECTYPE,MD5SUM,DESCRIPTION,COMMENTS,TAG,LIQUIBASE) values ('proc-insert_or_update_address_id','m034259','persistence/db.changelog-2.0.xml',to_timestamp('20/NOV/14 05:13:11.822075000 PM','DD/MON/RR HH12:MI:SSXFF AM'),14,'EXECUTED','7:3bd9d087ae709aa47aeb5aed82c02560','sqlFile',null,null,'3.2.2');
Insert into DATABASECHANGELOG (ID,AUTHOR,FILENAME,DATEEXECUTED,ORDEREXECUTED,EXECTYPE,MD5SUM,DESCRIPTION,COMMENTS,TAG,LIQUIBASE) values ('proc-update_application_status','m034259','persistence/db.changelog-2.0.xml',to_timestamp('20/NOV/14 05:13:11.888626000 PM','DD/MON/RR HH12:MI:SSXFF AM'),15,'EXECUTED','7:2353d9daa28caa1021dbae1cef635fa7','sqlFile',null,null,'3.2.2');
Insert into DATABASECHANGELOG (ID,AUTHOR,FILENAME,DATEEXECUTED,ORDEREXECUTED,EXECTYPE,MD5SUM,DESCRIPTION,COMMENTS,TAG,LIQUIBASE) values ('proc-update_account_status','m034259','persistence/db.changelog-2.0.xml',to_timestamp('20/NOV/14 05:13:11.911603000 PM','DD/MON/RR HH12:MI:SSXFF AM'),16,'EXECUTED','7:080b24be3a42e5e4423a9f01346f7955','sqlFile',null,null,'3.2.2');
Insert into DATABASECHANGELOG (ID,AUTHOR,FILENAME,DATEEXECUTED,ORDEREXECUTED,EXECTYPE,MD5SUM,DESCRIPTION,COMMENTS,TAG,LIQUIBASE) values ('proc-update_party_status','m034259','persistence/db.changelog-2.0.xml',to_timestamp('20/NOV/14 05:13:11.932619000 PM','DD/MON/RR HH12:MI:SSXFF AM'),17,'EXECUTED','7:eba41c5bce313d5b84bfe70a56f68428','sqlFile',null,null,'3.2.2');
Insert into DATABASECHANGELOG (ID,AUTHOR,FILENAME,DATEEXECUTED,ORDEREXECUTED,EXECTYPE,MD5SUM,DESCRIPTION,COMMENTS,TAG,LIQUIBASE) values ('tracking-tables-drop','l070813','persistence/db.changelog-2.0.xml',to_timestamp('20/NOV/14 05:13:12.185548000 PM','DD/MON/RR HH12:MI:SSXFF AM'),18,'EXECUTED','7:57b8d3e559f6a0c91ba21f86274626fe','dropTable (x5)',null,null,'3.2.2');
Insert into DATABASECHANGELOG (ID,AUTHOR,FILENAME,DATEEXECUTED,ORDEREXECUTED,EXECTYPE,MD5SUM,DESCRIPTION,COMMENTS,TAG,LIQUIBASE) values ('tracking-sequences-drop','l070813','persistence/db.changelog-2.0.xml',to_timestamp('20/NOV/14 05:13:12.216003000 PM','DD/MON/RR HH12:MI:SSXFF AM'),19,'EXECUTED','7:e5d9e75ed78aacd5eb7696b53fa33bf5','dropSequence (x4)',null,null,'3.2.2');
Insert into DATABASECHANGELOG (ID,AUTHOR,FILENAME,DATEEXECUTED,ORDEREXECUTED,EXECTYPE,MD5SUM,DESCRIPTION,COMMENTS,TAG,LIQUIBASE) values ('drop-proc-insert_or_update_app_id','l070813','persistence/db.changelog-2.0.xml',to_timestamp('20/NOV/14 05:13:12.406428000 PM','DD/MON/RR HH12:MI:SSXFF AM'),20,'EXECUTED','7:9d0906fd35bc4dd602d4561a790c7c96','dropProcedure',null,null,'3.2.2');
Insert into DATABASECHANGELOG (ID,AUTHOR,FILENAME,DATEEXECUTED,ORDEREXECUTED,EXECTYPE,MD5SUM,DESCRIPTION,COMMENTS,TAG,LIQUIBASE) values ('drop-proc-insert_or_update_account_id','l070813','persistence/db.changelog-2.0.xml',to_timestamp('20/NOV/14 05:13:12.429993000 PM','DD/MON/RR HH12:MI:SSXFF AM'),21,'EXECUTED','7:9dbdba900085431f3e09e63023efd808','dropProcedure',null,null,'3.2.2');
Insert into DATABASECHANGELOG (ID,AUTHOR,FILENAME,DATEEXECUTED,ORDEREXECUTED,EXECTYPE,MD5SUM,DESCRIPTION,COMMENTS,TAG,LIQUIBASE) values ('drop-proc-insert_or_update_party_id','l070813','persistence/db.changelog-2.0.xml',to_timestamp('20/NOV/14 05:13:12.451060000 PM','DD/MON/RR HH12:MI:SSXFF AM'),22,'EXECUTED','7:a4103087bfb55a32cbe66bd8c68f929c','dropProcedure',null,null,'3.2.2');
Insert into DATABASECHANGELOG (ID,AUTHOR,FILENAME,DATEEXECUTED,ORDEREXECUTED,EXECTYPE,MD5SUM,DESCRIPTION,COMMENTS,TAG,LIQUIBASE) values ('drop-proc-insert_or_update_address_id','l070813','persistence/db.changelog-2.0.xml',to_timestamp('20/NOV/14 05:13:12.470941000 PM','DD/MON/RR HH12:MI:SSXFF AM'),23,'EXECUTED','7:5eb2b7c8f648bdb0039f4df670becefc','dropProcedure',null,null,'3.2.2');
Insert into DATABASECHANGELOG (ID,AUTHOR,FILENAME,DATEEXECUTED,ORDEREXECUTED,EXECTYPE,MD5SUM,DESCRIPTION,COMMENTS,TAG,LIQUIBASE) values ('drop-proc-update_application_status','l070813','persistence/db.changelog-2.0.xml',to_timestamp('20/NOV/14 05:13:12.487438000 PM','DD/MON/RR HH12:MI:SSXFF AM'),24,'EXECUTED','7:7e88ca0cd086301a14e1b38a5b1fb69b','dropProcedure',null,null,'3.2.2');
Insert into DATABASECHANGELOG (ID,AUTHOR,FILENAME,DATEEXECUTED,ORDEREXECUTED,EXECTYPE,MD5SUM,DESCRIPTION,COMMENTS,TAG,LIQUIBASE) values ('drop-proc-update_account_status','l070813','persistence/db.changelog-2.0.xml',to_timestamp('20/NOV/14 05:13:12.503341000 PM','DD/MON/RR HH12:MI:SSXFF AM'),25,'EXECUTED','7:1420476b2d986b6ff4e7a37d4d02bfaf','dropProcedure',null,null,'3.2.2');
Insert into DATABASECHANGELOG (ID,AUTHOR,FILENAME,DATEEXECUTED,ORDEREXECUTED,EXECTYPE,MD5SUM,DESCRIPTION,COMMENTS,TAG,LIQUIBASE) values ('drop-proc-update_party_status','l070813','persistence/db.changelog-2.0.xml',to_timestamp('20/NOV/14 05:13:12.518270000 PM','DD/MON/RR HH12:MI:SSXFF AM'),26,'EXECUTED','7:c98da46620cefee49f7dc3d2bf328c2b','dropProcedure',null,null,'3.2.2');
Insert into DATABASECHANGELOG (ID,AUTHOR,FILENAME,DATEEXECUTED,ORDEREXECUTED,EXECTYPE,MD5SUM,DESCRIPTION,COMMENTS,TAG,LIQUIBASE) values ('onboarding_application-create','l070813','persistence/db.changelog-2.0.xml',to_timestamp('20/NOV/14 05:13:12.541566000 PM','DD/MON/RR HH12:MI:SSXFF AM'),27,'EXECUTED','7:5d2e95254cc6b32abbf547e0203e04c5','createTable',null,null,'3.2.2');
Insert into DATABASECHANGELOG (ID,AUTHOR,FILENAME,DATEEXECUTED,ORDEREXECUTED,EXECTYPE,MD5SUM,DESCRIPTION,COMMENTS,TAG,LIQUIBASE) values ('account-correlation-create','l070813','persistence/db.changelog-2.0.xml',to_timestamp('20/NOV/14 05:13:12.561809000 PM','DD/MON/RR HH12:MI:SSXFF AM'),28,'EXECUTED','7:154453cc3e0ff132ed5a36f828eac256','createTable',null,null,'3.2.2');
Insert into DATABASECHANGELOG (ID,AUTHOR,FILENAME,DATEEXECUTED,ORDEREXECUTED,EXECTYPE,MD5SUM,DESCRIPTION,COMMENTS,TAG,LIQUIBASE) values ('add-onboarding-account-fk-constraint','l070813','persistence/db.changelog-2.0.xml',to_timestamp('20/NOV/14 05:13:12.592011000 PM','DD/MON/RR HH12:MI:SSXFF AM'),29,'EXECUTED','7:18779d8cfbb37c353a10b93ecd43bd21','addForeignKeyConstraint',null,null,'3.2.2');
Insert into DATABASECHANGELOG (ID,AUTHOR,FILENAME,DATEEXECUTED,ORDEREXECUTED,EXECTYPE,MD5SUM,DESCRIPTION,COMMENTS,TAG,LIQUIBASE) values ('add-onboarding-account','l070813','persistence/db.changelog-2.0.xml',to_timestamp('20/NOV/14 05:13:12.612217000 PM','DD/MON/RR HH12:MI:SSXFF AM'),30,'EXECUTED','7:5403227bafbafb5754d2b791d74d5085','addPrimaryKey',null,null,'3.2.2');
Insert into DATABASECHANGELOG (ID,AUTHOR,FILENAME,DATEEXECUTED,ORDEREXECUTED,EXECTYPE,MD5SUM,DESCRIPTION,COMMENTS,TAG,LIQUIBASE) values ('party-create','l070813','persistence/db.changelog-2.0.xml',to_timestamp('20/NOV/14 05:13:12.628295000 PM','DD/MON/RR HH12:MI:SSXFF AM'),31,'EXECUTED','7:50f143213fae6347dc3d5e0652d67d7f','createTable',null,null,'3.2.2');
Insert into DATABASECHANGELOG (ID,AUTHOR,FILENAME,DATEEXECUTED,ORDEREXECUTED,EXECTYPE,MD5SUM,DESCRIPTION,COMMENTS,TAG,LIQUIBASE) values ('add-onboarding-party-fk-constraint','l070813','persistence/db.changelog-2.0.xml',to_timestamp('20/NOV/14 05:13:12.647670000 PM','DD/MON/RR HH12:MI:SSXFF AM'),32,'EXECUTED','7:a3a8266b058b01b5a865fd5e50e20799','addForeignKeyConstraint',null,null,'3.2.2');
Insert into DATABASECHANGELOG (ID,AUTHOR,FILENAME,DATEEXECUTED,ORDEREXECUTED,EXECTYPE,MD5SUM,DESCRIPTION,COMMENTS,TAG,LIQUIBASE) values ('add-party-primary-key','l070813','persistence/db.changelog-2.0.xml',to_timestamp('20/NOV/14 05:13:12.662879000 PM','DD/MON/RR HH12:MI:SSXFF AM'),33,'EXECUTED','7:8459d759b168c1ce4de0fe85da956235','addPrimaryKey',null,null,'3.2.2');
Insert into DATABASECHANGELOG (ID,AUTHOR,FILENAME,DATEEXECUTED,ORDEREXECUTED,EXECTYPE,MD5SUM,DESCRIPTION,COMMENTS,TAG,LIQUIBASE) values ('alter-client-application-add-fk-col','l070813','persistence/db.changelog-2.0.xml',to_timestamp('20/NOV/14 05:13:12.770261000 PM','DD/MON/RR HH12:MI:SSXFF AM'),37,'EXECUTED','7:e9e6a72bb5e1a4b5a78fe1009607c5ba','addColumn',null,null,'3.2.2');
Insert into DATABASECHANGELOG (ID,AUTHOR,FILENAME,DATEEXECUTED,ORDEREXECUTED,EXECTYPE,MD5SUM,DESCRIPTION,COMMENTS,TAG,LIQUIBASE) values ('add-client-application-fk-constraint','l070813','persistence/db.changelog-2.0.xml',to_timestamp('20/NOV/14 05:13:12.787734000 PM','DD/MON/RR HH12:MI:SSXFF AM'),38,'EXECUTED','7:b8d5b4ab6f1b09cbd7de4ddc67a0e96e','addForeignKeyConstraint',null,null,'3.2.2');
Insert into DATABASECHANGELOG (ID,AUTHOR,FILENAME,DATEEXECUTED,ORDEREXECUTED,EXECTYPE,MD5SUM,DESCRIPTION,COMMENTS,TAG,LIQUIBASE) values ('onboarding_application_seq-create','l071142','persistence/db.changelog-2.0.xml',to_timestamp('20/NOV/14 05:13:12.799009000 PM','DD/MON/RR HH12:MI:SSXFF AM'),39,'EXECUTED','7:98641fc8e88754663bb6db7f45821bc6','createSequence',null,null,'3.2.2');
Insert into DATABASECHANGELOG (ID,AUTHOR,FILENAME,DATEEXECUTED,ORDEREXECUTED,EXECTYPE,MD5SUM,DESCRIPTION,COMMENTS,TAG,LIQUIBASE) values ('package-onboarding_id_updates','l070813','persistence/db.changelog-2.0.xml',to_timestamp('20/NOV/14 05:13:12.970913000 PM','DD/MON/RR HH12:MI:SSXFF AM'),40,'EXECUTED','7:936918392c20c4c8eff8bdda9a766ef8','sqlFile (x2)',null,null,'3.2.2');
Insert into DATABASECHANGELOG (ID,AUTHOR,FILENAME,DATEEXECUTED,ORDEREXECUTED,EXECTYPE,MD5SUM,DESCRIPTION,COMMENTS,TAG,LIQUIBASE) values ('package-onboarding_status_updates','l070813','persistence/db.changelog-2.0.xml',to_timestamp('08/DEC/14 01:20:16.675206000 PM','DD/MON/RR HH12:MI:SSXFF AM'),41,'RERAN','7:e3c5d0c6244af5b6ce0feff0c21055ca','sqlFile (x2)',null,null,'3.2.2');
Insert into DATABASECHANGELOG (ID,AUTHOR,FILENAME,DATEEXECUTED,ORDEREXECUTED,EXECTYPE,MD5SUM,DESCRIPTION,COMMENTS,TAG,LIQUIBASE) values ('proc-reg_ob_correlation_xml_schema','l070813','persistence/db.changelog-2.0.xml',to_timestamp('20/NOV/14 05:13:15.152451000 PM','DD/MON/RR HH12:MI:SSXFF AM'),42,'EXECUTED','7:1a0c10c8ec83144307ee36e466f005e8','sqlFile, sql',null,null,'3.2.2');
Insert into DATABASECHANGELOG (ID,AUTHOR,FILENAME,DATEEXECUTED,ORDEREXECUTED,EXECTYPE,MD5SUM,DESCRIPTION,COMMENTS,TAG,LIQUIBASE) values ('communication-create','l070813','persistence/db.changelog-2.0.xml',to_timestamp('20/NOV/14 05:13:15.181627000 PM','DD/MON/RR HH12:MI:SSXFF AM'),43,'EXECUTED','7:8fe874af5604b0ca93a3bea422902114','createTable',null,null,'3.2.2');
Insert into DATABASECHANGELOG (ID,AUTHOR,FILENAME,DATEEXECUTED,ORDEREXECUTED,EXECTYPE,MD5SUM,DESCRIPTION,COMMENTS,TAG,LIQUIBASE) values ('add-onboarding-communication-fk-constraint','l070813','persistence/db.changelog-2.0.xml',to_timestamp('20/NOV/14 05:13:15.205372000 PM','DD/MON/RR HH12:MI:SSXFF AM'),44,'EXECUTED','7:bc3d6b797ba2fb26aa6d78a098fcb15a','addForeignKeyConstraint',null,null,'3.2.2');
Insert into DATABASECHANGELOG (ID,AUTHOR,FILENAME,DATEEXECUTED,ORDEREXECUTED,EXECTYPE,MD5SUM,DESCRIPTION,COMMENTS,TAG,LIQUIBASE) values ('add-communication-primary-key','l070813','persistence/db.changelog-2.0.xml',to_timestamp('20/NOV/14 05:13:15.227290000 PM','DD/MON/RR HH12:MI:SSXFF AM'),45,'EXECUTED','7:6e110839517368cdc1bddae7e2f0bbef','addPrimaryKey',null,null,'3.2.2');
Insert into DATABASECHANGELOG (ID,AUTHOR,FILENAME,DATEEXECUTED,ORDEREXECUTED,EXECTYPE,MD5SUM,DESCRIPTION,COMMENTS,TAG,LIQUIBASE) values ('package-onboarding_communication','l070813','persistence/db.changelog-2.0.xml',to_timestamp('08/DEC/14 01:20:16.764790000 PM','DD/MON/RR HH12:MI:SSXFF AM'),46,'RERAN','7:42d07974f4ef04f2f646927bee754a0f','sqlFile (x2)',null,null,'3.2.2');
Insert into DATABASECHANGELOG (ID,AUTHOR,FILENAME,DATEEXECUTED,ORDEREXECUTED,EXECTYPE,MD5SUM,DESCRIPTION,COMMENTS,TAG,LIQUIBASE) values ('renameColumn-example','L069260','persistence/db.changelog-2.0.xml',to_timestamp('20/NOV/14 05:13:15.306963000 PM','DD/MON/RR HH12:MI:SSXFF AM'),47,'EXECUTED','7:fae570b9fa47439398e81c1b446e1e02','renameColumn',null,null,'3.2.2');
Insert into DATABASECHANGELOG (ID,AUTHOR,FILENAME,DATEEXECUTED,ORDEREXECUTED,EXECTYPE,MD5SUM,DESCRIPTION,COMMENTS,TAG,LIQUIBASE) values ('add_unique_constraint-client_application','L070813','persistence/db.changelog-2.0.xml',to_timestamp('20/NOV/14 05:13:15.324716000 PM','DD/MON/RR HH12:MI:SSXFF AM'),48,'EXECUTED','7:c5693bf243062fd4215f9fafd4003d54','addUniqueConstraint',null,null,'3.2.2');
Insert into DATABASECHANGELOG (ID,AUTHOR,FILENAME,DATEEXECUTED,ORDEREXECUTED,EXECTYPE,MD5SUM,DESCRIPTION,COMMENTS,TAG,LIQUIBASE) values ('increase_failure_message_length-onboarding_application','L070813','persistence/db.changelog-2.0.xml',to_timestamp('20/NOV/14 05:13:15.390479000 PM','DD/MON/RR HH12:MI:SSXFF AM'),49,'EXECUTED','7:4d1616ca81253ef9e965e38ba6d013a2','modifyDataType',null,null,'3.2.2');
Insert into DATABASECHANGELOG (ID,AUTHOR,FILENAME,DATEEXECUTED,ORDEREXECUTED,EXECTYPE,MD5SUM,DESCRIPTION,COMMENTS,TAG,LIQUIBASE) values ('increase_failure_message_length-onboarding_party','L070813','persistence/db.changelog-2.0.xml',to_timestamp('20/NOV/14 05:13:15.405512000 PM','DD/MON/RR HH12:MI:SSXFF AM'),50,'EXECUTED','7:6f5ee7d526718c3dac17b154a79e2a68','modifyDataType',null,null,'3.2.2');
Insert into DATABASECHANGELOG (ID,AUTHOR,FILENAME,DATEEXECUTED,ORDEREXECUTED,EXECTYPE,MD5SUM,DESCRIPTION,COMMENTS,TAG,LIQUIBASE) values ('client_application-remove-status-constraint','samfoo','persistence/db.changelog-2.0.xml',to_timestamp('20/NOV/14 05:13:15.420913000 PM','DD/MON/RR HH12:MI:SSXFF AM'),51,'EXECUTED','7:c7f1e45ae162b54db618bbea619e26be','sql',null,null,'3.2.2');
Insert into DATABASECHANGELOG (ID,AUTHOR,FILENAME,DATEEXECUTED,ORDEREXECUTED,EXECTYPE,MD5SUM,DESCRIPTION,COMMENTS,TAG,LIQUIBASE) values ('client_application-add-status-check-constraint2','l069260','persistence/db.changelog-2.0.xml',to_timestamp('20/NOV/14 05:13:15.444212000 PM','DD/MON/RR HH12:MI:SSXFF AM'),52,'EXECUTED','7:1888e2ffa8fea6a47ca37fb15d321518','sql',null,null,'3.2.2');
Insert into DATABASECHANGELOG (ID,AUTHOR,FILENAME,DATEEXECUTED,ORDEREXECUTED,EXECTYPE,MD5SUM,DESCRIPTION,COMMENTS,TAG,LIQUIBASE) values ('alter-client-application-add-product-id','l071468','persistence/db.changelog-2.0.xml',to_timestamp('20/NOV/14 05:13:15.470655000 PM','DD/MON/RR HH12:MI:SSXFF AM'),53,'EXECUTED','7:70c3587e6321b2dab444b0f3260814b5','addColumn',null,null,'3.2.2');
Insert into DATABASECHANGELOG (ID,AUTHOR,FILENAME,DATEEXECUTED,ORDEREXECUTED,EXECTYPE,MD5SUM,DESCRIPTION,COMMENTS,TAG,LIQUIBASE) values ('cash-oracle-test-data','m034259','persistence/db.changelog-cash.xml',to_timestamp('04/DEC/14 11:56:21.542688000 AM','DD/MON/RR HH12:MI:SSXFF AM'),54,'MARK_RAN','7:8d15337ea3f86108f781c5c32eec3149','sqlFile (x4)','Oracle: Used to boot strap with test data',null,'3.2.2');
Insert into DATABASECHANGELOG (ID,AUTHOR,FILENAME,DATEEXECUTED,ORDEREXECUTED,EXECTYPE,MD5SUM,DESCRIPTION,COMMENTS,TAG,LIQUIBASE) values ('alter-onboarding_communication','L070813','persistence/db.changelog-2.0.xml',to_timestamp('04/DEC/14 11:56:22.257700000 AM','DD/MON/RR HH12:MI:SSXFF AM'),55,'EXECUTED','7:f45032f7b98e3f925e2877eece4bd409','modifyDataType, renameColumn, addColumn',null,null,'3.2.2');
Insert into DATABASECHANGELOG (ID,AUTHOR,FILENAME,DATEEXECUTED,ORDEREXECUTED,EXECTYPE,MD5SUM,DESCRIPTION,COMMENTS,TAG,LIQUIBASE) values ('alter-onboarding_communication-primary_key','l070813','persistence/db.changelog-2.0.xml',to_timestamp('04/DEC/14 11:56:22.517303000 AM','DD/MON/RR HH12:MI:SSXFF AM'),56,'EXECUTED','7:b41252780131623256e68e62dda6f61a','dropPrimaryKey, sql, addPrimaryKey',null,null,'3.2.2');
Insert into DATABASECHANGELOG (ID,AUTHOR,FILENAME,DATEEXECUTED,ORDEREXECUTED,EXECTYPE,MD5SUM,DESCRIPTION,COMMENTS,TAG,LIQUIBASE) values ('add-unique_constraint-onboarding_party','L070813','persistence/db.changelog-2.0.xml',to_timestamp('04/DEC/14 11:56:22.672526000 AM','DD/MON/RR HH12:MI:SSXFF AM'),58,'EXECUTED','7:d2c2cb17d625bbbd0db3024bdaca63a3','sql, addNotNullConstraint, addUniqueConstraint',null,null,'3.2.2');
Insert into DATABASECHANGELOG (ID,AUTHOR,FILENAME,DATEEXECUTED,ORDEREXECUTED,EXECTYPE,MD5SUM,DESCRIPTION,COMMENTS,TAG,LIQUIBASE) values ('alter-onboarding_communication-fk_constraint','l070813','persistence/db.changelog-2.0.xml',to_timestamp('04/DEC/14 11:56:22.722174000 AM','DD/MON/RR HH12:MI:SSXFF AM'),59,'EXECUTED','7:74c1f057357d761c091455ffc77b2952','dropForeignKeyConstraint, addForeignKeyConstraint',null,null,'3.2.2');
Insert into DATABASECHANGELOG (ID,AUTHOR,FILENAME,DATEEXECUTED,ORDEREXECUTED,EXECTYPE,MD5SUM,DESCRIPTION,COMMENTS,TAG,LIQUIBASE) values ('delete-party-if-gcm_pan-null','L070813','persistence/db.changelog-2.0.xml',to_timestamp('08/DEC/14 01:20:16.780014000 PM','DD/MON/RR HH12:MI:SSXFF AM'),61,'EXECUTED','7:885f3e6741f0c8a59b41507ee718a304','sql',null,null,'3.2.2');
Insert into DATABASECHANGELOG (ID,AUTHOR,FILENAME,DATEEXECUTED,ORDEREXECUTED,EXECTYPE,MD5SUM,DESCRIPTION,COMMENTS,TAG,LIQUIBASE) values ('add-gcm_pan-not-null-constraint-onboarding_party','L070813','persistence/db.changelog-2.0.xml',to_timestamp('08/DEC/14 01:20:16.788816000 PM','DD/MON/RR HH12:MI:SSXFF AM'),62,'MARK_RAN','7:3407237ca5a6c7d0f2f8e468d14c574e','addNotNullConstraint',null,null,'3.2.2');
Insert into DATABASECHANGELOG (ID,AUTHOR,FILENAME,DATEEXECUTED,ORDEREXECUTED,EXECTYPE,MD5SUM,DESCRIPTION,COMMENTS,TAG,LIQUIBASE) values ('add-unique-constraint-onboarding_party','L070813','persistence/db.changelog-2.0.xml',to_timestamp('08/DEC/14 01:20:16.800751000 PM','DD/MON/RR HH12:MI:SSXFF AM'),63,'MARK_RAN','7:542d3f50c8586a5732f40b2e34588ddf','addUniqueConstraint',null,null,'3.2.2');
Insert into DATABASECHANGELOG (ID,AUTHOR,FILENAME,DATEEXECUTED,ORDEREXECUTED,EXECTYPE,MD5SUM,DESCRIPTION,COMMENTS,TAG,LIQUIBASE) values ('drop-foreign-key-constraint-onboarding_communication','L070813','persistence/db.changelog-2.0.xml',to_timestamp('08/DEC/14 01:20:16.812746000 PM','DD/MON/RR HH12:MI:SSXFF AM'),64,'MARK_RAN','7:41e140a983a4e4cee1dfaaa5a661a5b7','dropForeignKeyConstraint',null,null,'3.2.2');
Insert into DATABASECHANGELOG (ID,AUTHOR,FILENAME,DATEEXECUTED,ORDEREXECUTED,EXECTYPE,MD5SUM,DESCRIPTION,COMMENTS,TAG,LIQUIBASE) values ('add-onboarding_communication-fk_constraint','L070813','persistence/db.changelog-2.0.xml',to_timestamp('08/DEC/14 01:20:16.832008000 PM','DD/MON/RR HH12:MI:SSXFF AM'),65,'MARK_RAN','7:98b49c0617ae604096ca257d930c3d36','addForeignKeyConstraint',null,null,'3.2.2');
Insert into DATABASECHANGELOG (ID,AUTHOR,FILENAME,DATEEXECUTED,ORDEREXECUTED,EXECTYPE,MD5SUM,DESCRIPTION,COMMENTS,TAG,LIQUIBASE) values ('increase_tracking_id_length-onboarding_communication','L070813','persistence/db.changelog-2.0.xml',to_timestamp('08/DEC/14 01:20:16.922293000 PM','DD/MON/RR HH12:MI:SSXFF AM'),66,'EXECUTED','7:de538be98ba9a561f182c67024af8a2f','modifyDataType',null,null,'3.2.2');
Insert into DATABASECHANGELOG (ID,AUTHOR,FILENAME,DATEEXECUTED,ORDEREXECUTED,EXECTYPE,MD5SUM,DESCRIPTION,COMMENTS,TAG,LIQUIBASE) values ('add_whats_new_version_column-users-oracle','f030695','persistence/db.changelog-2.0.xml',to_timestamp('08/JAN/15 04:07:34.235939000 PM','DD/MON/RR HH12:MI:SSXFF AM'),70,'EXECUTED','7:3cdeab226d4260a198fcd2c5d0e61e20','sqlFile','Oracle: Adds whats_new_version column to the users table',null,'3.2.2');
REM INSERTING into DATABASECHANGELOGLOCK
SET DEFINE OFF;
Insert into DATABASECHANGELOGLOCK (ID,LOCKED,LOCKGRANTED,LOCKEDBY) values (1,0,null,null);
REM INSERTING into DEALER_PRODUCTS
SET DEFINE OFF;
REM INSERTING into LINKED_ACCOUNT
SET DEFINE OFF;
REM INSERTING into ONBOARDING_ACCOUNT
SET DEFINE OFF;
Insert into ONBOARDING_ACCOUNT (ONBOARDING_ACCOUNT_SEQ,ONBOARDING_APPLICATION_ID,ACCOUNT_NUMBER,LAST_MODIFIED_DATE,LAST_MODIFIED_ID) values (0,32,'82290',null,null);
Insert into ONBOARDING_ACCOUNT (ONBOARDING_ACCOUNT_SEQ,ONBOARDING_APPLICATION_ID,ACCOUNT_NUMBER,LAST_MODIFIED_DATE,LAST_MODIFIED_ID) values (0,45,'82581',null,null);
Insert into ONBOARDING_ACCOUNT (ONBOARDING_ACCOUNT_SEQ,ONBOARDING_APPLICATION_ID,ACCOUNT_NUMBER,LAST_MODIFIED_DATE,LAST_MODIFIED_ID) values (0,46,'82588',null,null);
Insert into ONBOARDING_ACCOUNT (ONBOARDING_ACCOUNT_SEQ,ONBOARDING_APPLICATION_ID,ACCOUNT_NUMBER,LAST_MODIFIED_DATE,LAST_MODIFIED_ID) values (0,48,'82608',null,null);
Insert into ONBOARDING_ACCOUNT (ONBOARDING_ACCOUNT_SEQ,ONBOARDING_APPLICATION_ID,ACCOUNT_NUMBER,LAST_MODIFIED_DATE,LAST_MODIFIED_ID) values (0,58,'82697',null,null);
Insert into ONBOARDING_ACCOUNT (ONBOARDING_ACCOUNT_SEQ,ONBOARDING_APPLICATION_ID,ACCOUNT_NUMBER,LAST_MODIFIED_DATE,LAST_MODIFIED_ID) values (0,84,'82902',null,null);
Insert into ONBOARDING_ACCOUNT (ONBOARDING_ACCOUNT_SEQ,ONBOARDING_APPLICATION_ID,ACCOUNT_NUMBER,LAST_MODIFIED_DATE,LAST_MODIFIED_ID) values (0,85,'82909',null,null);
Insert into ONBOARDING_ACCOUNT (ONBOARDING_ACCOUNT_SEQ,ONBOARDING_APPLICATION_ID,ACCOUNT_NUMBER,LAST_MODIFIED_DATE,LAST_MODIFIED_ID) values (0,90,'82951',null,null);
Insert into ONBOARDING_ACCOUNT (ONBOARDING_ACCOUNT_SEQ,ONBOARDING_APPLICATION_ID,ACCOUNT_NUMBER,LAST_MODIFIED_DATE,LAST_MODIFIED_ID) values (0,120,'120017934',null,null);
Insert into ONBOARDING_ACCOUNT (ONBOARDING_ACCOUNT_SEQ,ONBOARDING_APPLICATION_ID,ACCOUNT_NUMBER,LAST_MODIFIED_DATE,LAST_MODIFIED_ID) values (0,130,'120019179',null,null);
Insert into ONBOARDING_ACCOUNT (ONBOARDING_ACCOUNT_SEQ,ONBOARDING_APPLICATION_ID,ACCOUNT_NUMBER,LAST_MODIFIED_DATE,LAST_MODIFIED_ID) values (0,132,'120018072',null,null);
Insert into ONBOARDING_ACCOUNT (ONBOARDING_ACCOUNT_SEQ,ONBOARDING_APPLICATION_ID,ACCOUNT_NUMBER,LAST_MODIFIED_DATE,LAST_MODIFIED_ID) values (0,147,'94199',null,null);
Insert into ONBOARDING_ACCOUNT (ONBOARDING_ACCOUNT_SEQ,ONBOARDING_APPLICATION_ID,ACCOUNT_NUMBER,LAST_MODIFIED_DATE,LAST_MODIFIED_ID) values (0,166,'120019013',null,null);
Insert into ONBOARDING_ACCOUNT (ONBOARDING_ACCOUNT_SEQ,ONBOARDING_APPLICATION_ID,ACCOUNT_NUMBER,LAST_MODIFIED_DATE,LAST_MODIFIED_ID) values (0,178,'120018320',null,null);
Insert into ONBOARDING_ACCOUNT (ONBOARDING_ACCOUNT_SEQ,ONBOARDING_APPLICATION_ID,ACCOUNT_NUMBER,LAST_MODIFIED_DATE,LAST_MODIFIED_ID) values (0,187,'120018338',null,null);
Insert into ONBOARDING_ACCOUNT (ONBOARDING_ACCOUNT_SEQ,ONBOARDING_APPLICATION_ID,ACCOUNT_NUMBER,LAST_MODIFIED_DATE,LAST_MODIFIED_ID) values (0,188,'120018346',null,null);
Insert into ONBOARDING_ACCOUNT (ONBOARDING_ACCOUNT_SEQ,ONBOARDING_APPLICATION_ID,ACCOUNT_NUMBER,LAST_MODIFIED_DATE,LAST_MODIFIED_ID) values (0,195,'120018379',null,null);
Insert into ONBOARDING_ACCOUNT (ONBOARDING_ACCOUNT_SEQ,ONBOARDING_APPLICATION_ID,ACCOUNT_NUMBER,LAST_MODIFIED_DATE,LAST_MODIFIED_ID) values (0,227,'120018452',null,null);
Insert into ONBOARDING_ACCOUNT (ONBOARDING_ACCOUNT_SEQ,ONBOARDING_APPLICATION_ID,ACCOUNT_NUMBER,LAST_MODIFIED_DATE,LAST_MODIFIED_ID) values (0,228,'120018460',null,null);
Insert into ONBOARDING_ACCOUNT (ONBOARDING_ACCOUNT_SEQ,ONBOARDING_APPLICATION_ID,ACCOUNT_NUMBER,LAST_MODIFIED_DATE,LAST_MODIFIED_ID) values (0,229,'120018478',null,null);
Insert into ONBOARDING_ACCOUNT (ONBOARDING_ACCOUNT_SEQ,ONBOARDING_APPLICATION_ID,ACCOUNT_NUMBER,LAST_MODIFIED_DATE,LAST_MODIFIED_ID) values (0,230,'120018494',null,null);
Insert into ONBOARDING_ACCOUNT (ONBOARDING_ACCOUNT_SEQ,ONBOARDING_APPLICATION_ID,ACCOUNT_NUMBER,LAST_MODIFIED_DATE,LAST_MODIFIED_ID) values (0,235,'94543',null,null);
Insert into ONBOARDING_ACCOUNT (ONBOARDING_ACCOUNT_SEQ,ONBOARDING_APPLICATION_ID,ACCOUNT_NUMBER,LAST_MODIFIED_DATE,LAST_MODIFIED_ID) values (0,239,'94572',null,null);
Insert into ONBOARDING_ACCOUNT (ONBOARDING_ACCOUNT_SEQ,ONBOARDING_APPLICATION_ID,ACCOUNT_NUMBER,LAST_MODIFIED_DATE,LAST_MODIFIED_ID) values (0,240,'94579',null,null);
Insert into ONBOARDING_ACCOUNT (ONBOARDING_ACCOUNT_SEQ,ONBOARDING_APPLICATION_ID,ACCOUNT_NUMBER,LAST_MODIFIED_DATE,LAST_MODIFIED_ID) values (0,256,'94745',null,null);
Insert into ONBOARDING_ACCOUNT (ONBOARDING_ACCOUNT_SEQ,ONBOARDING_APPLICATION_ID,ACCOUNT_NUMBER,LAST_MODIFIED_DATE,LAST_MODIFIED_ID) values (0,257,'94758',null,null);
Insert into ONBOARDING_ACCOUNT (ONBOARDING_ACCOUNT_SEQ,ONBOARDING_APPLICATION_ID,ACCOUNT_NUMBER,LAST_MODIFIED_DATE,LAST_MODIFIED_ID) values (0,259,'94873',null,null);
Insert into ONBOARDING_ACCOUNT (ONBOARDING_ACCOUNT_SEQ,ONBOARDING_APPLICATION_ID,ACCOUNT_NUMBER,LAST_MODIFIED_DATE,LAST_MODIFIED_ID) values (0,262,'94910',null,null);
Insert into ONBOARDING_ACCOUNT (ONBOARDING_ACCOUNT_SEQ,ONBOARDING_APPLICATION_ID,ACCOUNT_NUMBER,LAST_MODIFIED_DATE,LAST_MODIFIED_ID) values (0,263,'94917',null,null);
Insert into ONBOARDING_ACCOUNT (ONBOARDING_ACCOUNT_SEQ,ONBOARDING_APPLICATION_ID,ACCOUNT_NUMBER,LAST_MODIFIED_DATE,LAST_MODIFIED_ID) values (0,276,'94944',null,null);
Insert into ONBOARDING_ACCOUNT (ONBOARDING_ACCOUNT_SEQ,ONBOARDING_APPLICATION_ID,ACCOUNT_NUMBER,LAST_MODIFIED_DATE,LAST_MODIFIED_ID) values (0,281,'95003',null,null);
Insert into ONBOARDING_ACCOUNT (ONBOARDING_ACCOUNT_SEQ,ONBOARDING_APPLICATION_ID,ACCOUNT_NUMBER,LAST_MODIFIED_DATE,LAST_MODIFIED_ID) values (0,295,'95024',null,null);
Insert into ONBOARDING_ACCOUNT (ONBOARDING_ACCOUNT_SEQ,ONBOARDING_APPLICATION_ID,ACCOUNT_NUMBER,LAST_MODIFIED_DATE,LAST_MODIFIED_ID) values (0,361,'120019161',null,null);
Insert into ONBOARDING_ACCOUNT (ONBOARDING_ACCOUNT_SEQ,ONBOARDING_APPLICATION_ID,ACCOUNT_NUMBER,LAST_MODIFIED_DATE,LAST_MODIFIED_ID) values (0,362,'95106',null,null);
Insert into ONBOARDING_ACCOUNT (ONBOARDING_ACCOUNT_SEQ,ONBOARDING_APPLICATION_ID,ACCOUNT_NUMBER,LAST_MODIFIED_DATE,LAST_MODIFIED_ID) values (0,363,'120019062',null,null);
Insert into ONBOARDING_ACCOUNT (ONBOARDING_ACCOUNT_SEQ,ONBOARDING_APPLICATION_ID,ACCOUNT_NUMBER,LAST_MODIFIED_DATE,LAST_MODIFIED_ID) values (0,364,'95140',null,null);
Insert into ONBOARDING_ACCOUNT (ONBOARDING_ACCOUNT_SEQ,ONBOARDING_APPLICATION_ID,ACCOUNT_NUMBER,LAST_MODIFIED_DATE,LAST_MODIFIED_ID) values (0,372,'120019146',null,null);
Insert into ONBOARDING_ACCOUNT (ONBOARDING_ACCOUNT_SEQ,ONBOARDING_APPLICATION_ID,ACCOUNT_NUMBER,LAST_MODIFIED_DATE,LAST_MODIFIED_ID) values (0,374,'120019153',null,null);
Insert into ONBOARDING_ACCOUNT (ONBOARDING_ACCOUNT_SEQ,ONBOARDING_APPLICATION_ID,ACCOUNT_NUMBER,LAST_MODIFIED_DATE,LAST_MODIFIED_ID) values (0,375,'120019195',null,null);
Insert into ONBOARDING_ACCOUNT (ONBOARDING_ACCOUNT_SEQ,ONBOARDING_APPLICATION_ID,ACCOUNT_NUMBER,LAST_MODIFIED_DATE,LAST_MODIFIED_ID) values (0,379,'120019237',null,null);
Insert into ONBOARDING_ACCOUNT (ONBOARDING_ACCOUNT_SEQ,ONBOARDING_APPLICATION_ID,ACCOUNT_NUMBER,LAST_MODIFIED_DATE,LAST_MODIFIED_ID) values (0,401,'120019427',null,null);
Insert into ONBOARDING_ACCOUNT (ONBOARDING_ACCOUNT_SEQ,ONBOARDING_APPLICATION_ID,ACCOUNT_NUMBER,LAST_MODIFIED_DATE,LAST_MODIFIED_ID) values (0,408,'120019534',null,null);
Insert into ONBOARDING_ACCOUNT (ONBOARDING_ACCOUNT_SEQ,ONBOARDING_APPLICATION_ID,ACCOUNT_NUMBER,LAST_MODIFIED_DATE,LAST_MODIFIED_ID) values (0,411,'120019542',null,null);
Insert into ONBOARDING_ACCOUNT (ONBOARDING_ACCOUNT_SEQ,ONBOARDING_APPLICATION_ID,ACCOUNT_NUMBER,LAST_MODIFIED_DATE,LAST_MODIFIED_ID) values (0,472,'120024906',null,null);
Insert into ONBOARDING_ACCOUNT (ONBOARDING_ACCOUNT_SEQ,ONBOARDING_APPLICATION_ID,ACCOUNT_NUMBER,LAST_MODIFIED_DATE,LAST_MODIFIED_ID) values (0,483,'120025002',null,null);
Insert into ONBOARDING_ACCOUNT (ONBOARDING_ACCOUNT_SEQ,ONBOARDING_APPLICATION_ID,ACCOUNT_NUMBER,LAST_MODIFIED_DATE,LAST_MODIFIED_ID) values (0,484,'120025010',null,null);
Insert into ONBOARDING_ACCOUNT (ONBOARDING_ACCOUNT_SEQ,ONBOARDING_APPLICATION_ID,ACCOUNT_NUMBER,LAST_MODIFIED_DATE,LAST_MODIFIED_ID) values (0,511,'120025259',null,null);
Insert into ONBOARDING_ACCOUNT (ONBOARDING_ACCOUNT_SEQ,ONBOARDING_APPLICATION_ID,ACCOUNT_NUMBER,LAST_MODIFIED_DATE,LAST_MODIFIED_ID) values (0,30,'82093',null,null);
Insert into ONBOARDING_ACCOUNT (ONBOARDING_ACCOUNT_SEQ,ONBOARDING_APPLICATION_ID,ACCOUNT_NUMBER,LAST_MODIFIED_DATE,LAST_MODIFIED_ID) values (0,42,'82346',null,null);
Insert into ONBOARDING_ACCOUNT (ONBOARDING_ACCOUNT_SEQ,ONBOARDING_APPLICATION_ID,ACCOUNT_NUMBER,LAST_MODIFIED_DATE,LAST_MODIFIED_ID) values (0,51,'82636',null,null);
Insert into ONBOARDING_ACCOUNT (ONBOARDING_ACCOUNT_SEQ,ONBOARDING_APPLICATION_ID,ACCOUNT_NUMBER,LAST_MODIFIED_DATE,LAST_MODIFIED_ID) values (0,53,'82650',null,null);
Insert into ONBOARDING_ACCOUNT (ONBOARDING_ACCOUNT_SEQ,ONBOARDING_APPLICATION_ID,ACCOUNT_NUMBER,LAST_MODIFIED_DATE,LAST_MODIFIED_ID) values (0,54,'82665',null,null);
Insert into ONBOARDING_ACCOUNT (ONBOARDING_ACCOUNT_SEQ,ONBOARDING_APPLICATION_ID,ACCOUNT_NUMBER,LAST_MODIFIED_DATE,LAST_MODIFIED_ID) values (0,59,'82704',null,null);
Insert into ONBOARDING_ACCOUNT (ONBOARDING_ACCOUNT_SEQ,ONBOARDING_APPLICATION_ID,ACCOUNT_NUMBER,LAST_MODIFIED_DATE,LAST_MODIFIED_ID) values (0,60,'82716',null,null);
Insert into ONBOARDING_ACCOUNT (ONBOARDING_ACCOUNT_SEQ,ONBOARDING_APPLICATION_ID,ACCOUNT_NUMBER,LAST_MODIFIED_DATE,LAST_MODIFIED_ID) values (0,62,'82738',null,null);
Insert into ONBOARDING_ACCOUNT (ONBOARDING_ACCOUNT_SEQ,ONBOARDING_APPLICATION_ID,ACCOUNT_NUMBER,LAST_MODIFIED_DATE,LAST_MODIFIED_ID) values (0,63,'82745',null,null);
Insert into ONBOARDING_ACCOUNT (ONBOARDING_ACCOUNT_SEQ,ONBOARDING_APPLICATION_ID,ACCOUNT_NUMBER,LAST_MODIFIED_DATE,LAST_MODIFIED_ID) values (0,67,'82780',null,null);
Insert into ONBOARDING_ACCOUNT (ONBOARDING_ACCOUNT_SEQ,ONBOARDING_APPLICATION_ID,ACCOUNT_NUMBER,LAST_MODIFIED_DATE,LAST_MODIFIED_ID) values (0,68,'82787',null,null);
Insert into ONBOARDING_ACCOUNT (ONBOARDING_ACCOUNT_SEQ,ONBOARDING_APPLICATION_ID,ACCOUNT_NUMBER,LAST_MODIFIED_DATE,LAST_MODIFIED_ID) values (0,69,'82794',null,null);
Insert into ONBOARDING_ACCOUNT (ONBOARDING_ACCOUNT_SEQ,ONBOARDING_APPLICATION_ID,ACCOUNT_NUMBER,LAST_MODIFIED_DATE,LAST_MODIFIED_ID) values (0,70,'82801',null,null);
Insert into ONBOARDING_ACCOUNT (ONBOARDING_ACCOUNT_SEQ,ONBOARDING_APPLICATION_ID,ACCOUNT_NUMBER,LAST_MODIFIED_DATE,LAST_MODIFIED_ID) values (0,79,'82858',null,null);
Insert into ONBOARDING_ACCOUNT (ONBOARDING_ACCOUNT_SEQ,ONBOARDING_APPLICATION_ID,ACCOUNT_NUMBER,LAST_MODIFIED_DATE,LAST_MODIFIED_ID) values (0,80,'82865',null,null);
Insert into ONBOARDING_ACCOUNT (ONBOARDING_ACCOUNT_SEQ,ONBOARDING_APPLICATION_ID,ACCOUNT_NUMBER,LAST_MODIFIED_DATE,LAST_MODIFIED_ID) values (0,91,'82958',null,null);
Insert into ONBOARDING_ACCOUNT (ONBOARDING_ACCOUNT_SEQ,ONBOARDING_APPLICATION_ID,ACCOUNT_NUMBER,LAST_MODIFIED_DATE,LAST_MODIFIED_ID) values (0,119,'120017926',null,null);
Insert into ONBOARDING_ACCOUNT (ONBOARDING_ACCOUNT_SEQ,ONBOARDING_APPLICATION_ID,ACCOUNT_NUMBER,LAST_MODIFIED_DATE,LAST_MODIFIED_ID) values (0,129,'120018049',null,null);
Insert into ONBOARDING_ACCOUNT (ONBOARDING_ACCOUNT_SEQ,ONBOARDING_APPLICATION_ID,ACCOUNT_NUMBER,LAST_MODIFIED_DATE,LAST_MODIFIED_ID) values (0,225,'120018445',null,null);
Insert into ONBOARDING_ACCOUNT (ONBOARDING_ACCOUNT_SEQ,ONBOARDING_APPLICATION_ID,ACCOUNT_NUMBER,LAST_MODIFIED_DATE,LAST_MODIFIED_ID) values (0,243,'94625',null,null);
Insert into ONBOARDING_ACCOUNT (ONBOARDING_ACCOUNT_SEQ,ONBOARDING_APPLICATION_ID,ACCOUNT_NUMBER,LAST_MODIFIED_DATE,LAST_MODIFIED_ID) values (0,249,'94689',null,null);
Insert into ONBOARDING_ACCOUNT (ONBOARDING_ACCOUNT_SEQ,ONBOARDING_APPLICATION_ID,ACCOUNT_NUMBER,LAST_MODIFIED_DATE,LAST_MODIFIED_ID) values (0,258,'94853',null,null);
Insert into ONBOARDING_ACCOUNT (ONBOARDING_ACCOUNT_SEQ,ONBOARDING_APPLICATION_ID,ACCOUNT_NUMBER,LAST_MODIFIED_DATE,LAST_MODIFIED_ID) values (0,279,'94969',null,null);
Insert into ONBOARDING_ACCOUNT (ONBOARDING_ACCOUNT_SEQ,ONBOARDING_APPLICATION_ID,ACCOUNT_NUMBER,LAST_MODIFIED_DATE,LAST_MODIFIED_ID) values (0,280,'94990',null,null);
Insert into ONBOARDING_ACCOUNT (ONBOARDING_ACCOUNT_SEQ,ONBOARDING_APPLICATION_ID,ACCOUNT_NUMBER,LAST_MODIFIED_DATE,LAST_MODIFIED_ID) values (0,293,'95017',null,null);
Insert into ONBOARDING_ACCOUNT (ONBOARDING_ACCOUNT_SEQ,ONBOARDING_APPLICATION_ID,ACCOUNT_NUMBER,LAST_MODIFIED_DATE,LAST_MODIFIED_ID) values (0,376,'120019203',null,null);
Insert into ONBOARDING_ACCOUNT (ONBOARDING_ACCOUNT_SEQ,ONBOARDING_APPLICATION_ID,ACCOUNT_NUMBER,LAST_MODIFIED_DATE,LAST_MODIFIED_ID) values (0,377,'120019211',null,null);
Insert into ONBOARDING_ACCOUNT (ONBOARDING_ACCOUNT_SEQ,ONBOARDING_APPLICATION_ID,ACCOUNT_NUMBER,LAST_MODIFIED_DATE,LAST_MODIFIED_ID) values (0,395,'120019369',null,null);
Insert into ONBOARDING_ACCOUNT (ONBOARDING_ACCOUNT_SEQ,ONBOARDING_APPLICATION_ID,ACCOUNT_NUMBER,LAST_MODIFIED_DATE,LAST_MODIFIED_ID) values (0,399,'120019401',null,null);
Insert into ONBOARDING_ACCOUNT (ONBOARDING_ACCOUNT_SEQ,ONBOARDING_APPLICATION_ID,ACCOUNT_NUMBER,LAST_MODIFIED_DATE,LAST_MODIFIED_ID) values (0,400,'120019419',null,null);
Insert into ONBOARDING_ACCOUNT (ONBOARDING_ACCOUNT_SEQ,ONBOARDING_APPLICATION_ID,ACCOUNT_NUMBER,LAST_MODIFIED_DATE,LAST_MODIFIED_ID) values (0,451,'120024732',null,null);
Insert into ONBOARDING_ACCOUNT (ONBOARDING_ACCOUNT_SEQ,ONBOARDING_APPLICATION_ID,ACCOUNT_NUMBER,LAST_MODIFIED_DATE,LAST_MODIFIED_ID) values (0,453,'120024757',null,null);
Insert into ONBOARDING_ACCOUNT (ONBOARDING_ACCOUNT_SEQ,ONBOARDING_APPLICATION_ID,ACCOUNT_NUMBER,LAST_MODIFIED_DATE,LAST_MODIFIED_ID) values (0,454,'120024765',null,null);
Insert into ONBOARDING_ACCOUNT (ONBOARDING_ACCOUNT_SEQ,ONBOARDING_APPLICATION_ID,ACCOUNT_NUMBER,LAST_MODIFIED_DATE,LAST_MODIFIED_ID) values (0,455,'120024864',null,null);
Insert into ONBOARDING_ACCOUNT (ONBOARDING_ACCOUNT_SEQ,ONBOARDING_APPLICATION_ID,ACCOUNT_NUMBER,LAST_MODIFIED_DATE,LAST_MODIFIED_ID) values (0,457,'120024880',null,null);
Insert into ONBOARDING_ACCOUNT (ONBOARDING_ACCOUNT_SEQ,ONBOARDING_APPLICATION_ID,ACCOUNT_NUMBER,LAST_MODIFIED_DATE,LAST_MODIFIED_ID) values (0,480,'120024989',null,null);
Insert into ONBOARDING_ACCOUNT (ONBOARDING_ACCOUNT_SEQ,ONBOARDING_APPLICATION_ID,ACCOUNT_NUMBER,LAST_MODIFIED_DATE,LAST_MODIFIED_ID) values (0,481,'120024997',null,null);
Insert into ONBOARDING_ACCOUNT (ONBOARDING_ACCOUNT_SEQ,ONBOARDING_APPLICATION_ID,ACCOUNT_NUMBER,LAST_MODIFIED_DATE,LAST_MODIFIED_ID) values (0,485,'120025028',null,null);
Insert into ONBOARDING_ACCOUNT (ONBOARDING_ACCOUNT_SEQ,ONBOARDING_APPLICATION_ID,ACCOUNT_NUMBER,LAST_MODIFIED_DATE,LAST_MODIFIED_ID) values (0,493,'120025119',null,null);
Insert into ONBOARDING_ACCOUNT (ONBOARDING_ACCOUNT_SEQ,ONBOARDING_APPLICATION_ID,ACCOUNT_NUMBER,LAST_MODIFIED_DATE,LAST_MODIFIED_ID) values (0,498,'120025168',null,null);
Insert into ONBOARDING_ACCOUNT (ONBOARDING_ACCOUNT_SEQ,ONBOARDING_APPLICATION_ID,ACCOUNT_NUMBER,LAST_MODIFIED_DATE,LAST_MODIFIED_ID) values (0,505,'120025234',null,null);
Insert into ONBOARDING_ACCOUNT (ONBOARDING_ACCOUNT_SEQ,ONBOARDING_APPLICATION_ID,ACCOUNT_NUMBER,LAST_MODIFIED_DATE,LAST_MODIFIED_ID) values (0,57,'82682',null,null);
Insert into ONBOARDING_ACCOUNT (ONBOARDING_ACCOUNT_SEQ,ONBOARDING_APPLICATION_ID,ACCOUNT_NUMBER,LAST_MODIFIED_DATE,LAST_MODIFIED_ID) values (0,61,'82723',null,null);
Insert into ONBOARDING_ACCOUNT (ONBOARDING_ACCOUNT_SEQ,ONBOARDING_APPLICATION_ID,ACCOUNT_NUMBER,LAST_MODIFIED_DATE,LAST_MODIFIED_ID) values (0,86,'82916',null,null);
Insert into ONBOARDING_ACCOUNT (ONBOARDING_ACCOUNT_SEQ,ONBOARDING_APPLICATION_ID,ACCOUNT_NUMBER,LAST_MODIFIED_DATE,LAST_MODIFIED_ID) values (0,122,'120017959',null,null);
Insert into ONBOARDING_ACCOUNT (ONBOARDING_ACCOUNT_SEQ,ONBOARDING_APPLICATION_ID,ACCOUNT_NUMBER,LAST_MODIFIED_DATE,LAST_MODIFIED_ID) values (0,125,'120017991',null,null);
Insert into ONBOARDING_ACCOUNT (ONBOARDING_ACCOUNT_SEQ,ONBOARDING_APPLICATION_ID,ACCOUNT_NUMBER,LAST_MODIFIED_DATE,LAST_MODIFIED_ID) values (0,126,'120018007',null,null);
Insert into ONBOARDING_ACCOUNT (ONBOARDING_ACCOUNT_SEQ,ONBOARDING_APPLICATION_ID,ACCOUNT_NUMBER,LAST_MODIFIED_DATE,LAST_MODIFIED_ID) values (0,133,'94065',null,null);
Insert into ONBOARDING_ACCOUNT (ONBOARDING_ACCOUNT_SEQ,ONBOARDING_APPLICATION_ID,ACCOUNT_NUMBER,LAST_MODIFIED_DATE,LAST_MODIFIED_ID) values (0,134,'94072',null,null);
Insert into ONBOARDING_ACCOUNT (ONBOARDING_ACCOUNT_SEQ,ONBOARDING_APPLICATION_ID,ACCOUNT_NUMBER,LAST_MODIFIED_DATE,LAST_MODIFIED_ID) values (0,139,'94130',null,null);
Insert into ONBOARDING_ACCOUNT (ONBOARDING_ACCOUNT_SEQ,ONBOARDING_APPLICATION_ID,ACCOUNT_NUMBER,LAST_MODIFIED_DATE,LAST_MODIFIED_ID) values (0,146,'94185',null,null);
Insert into ONBOARDING_ACCOUNT (ONBOARDING_ACCOUNT_SEQ,ONBOARDING_APPLICATION_ID,ACCOUNT_NUMBER,LAST_MODIFIED_DATE,LAST_MODIFIED_ID) values (0,1,'94192',null,null);
Insert into ONBOARDING_ACCOUNT (ONBOARDING_ACCOUNT_SEQ,ONBOARDING_APPLICATION_ID,ACCOUNT_NUMBER,LAST_MODIFIED_DATE,LAST_MODIFIED_ID) values (0,190,'120018361',null,null);
Insert into ONBOARDING_ACCOUNT (ONBOARDING_ACCOUNT_SEQ,ONBOARDING_APPLICATION_ID,ACCOUNT_NUMBER,LAST_MODIFIED_DATE,LAST_MODIFIED_ID) values (0,211,'120018387',null,null);
Insert into ONBOARDING_ACCOUNT (ONBOARDING_ACCOUNT_SEQ,ONBOARDING_APPLICATION_ID,ACCOUNT_NUMBER,LAST_MODIFIED_DATE,LAST_MODIFIED_ID) values (0,244,'94642',null,null);
Insert into ONBOARDING_ACCOUNT (ONBOARDING_ACCOUNT_SEQ,ONBOARDING_APPLICATION_ID,ACCOUNT_NUMBER,LAST_MODIFIED_DATE,LAST_MODIFIED_ID) values (0,245,'94649',null,null);
Insert into ONBOARDING_ACCOUNT (ONBOARDING_ACCOUNT_SEQ,ONBOARDING_APPLICATION_ID,ACCOUNT_NUMBER,LAST_MODIFIED_DATE,LAST_MODIFIED_ID) values (0,246,'94662',null,null);
Insert into ONBOARDING_ACCOUNT (ONBOARDING_ACCOUNT_SEQ,ONBOARDING_APPLICATION_ID,ACCOUNT_NUMBER,LAST_MODIFIED_DATE,LAST_MODIFIED_ID) values (0,261,'94893',null,null);
Insert into ONBOARDING_ACCOUNT (ONBOARDING_ACCOUNT_SEQ,ONBOARDING_APPLICATION_ID,ACCOUNT_NUMBER,LAST_MODIFIED_DATE,LAST_MODIFIED_ID) values (0,282,'95010',null,null);
Insert into ONBOARDING_ACCOUNT (ONBOARDING_ACCOUNT_SEQ,ONBOARDING_APPLICATION_ID,ACCOUNT_NUMBER,LAST_MODIFIED_DATE,LAST_MODIFIED_ID) values (0,301,'95048',null,null);
Insert into ONBOARDING_ACCOUNT (ONBOARDING_ACCOUNT_SEQ,ONBOARDING_APPLICATION_ID,ACCOUNT_NUMBER,LAST_MODIFIED_DATE,LAST_MODIFIED_ID) values (0,302,'95061',null,null);
Insert into ONBOARDING_ACCOUNT (ONBOARDING_ACCOUNT_SEQ,ONBOARDING_APPLICATION_ID,ACCOUNT_NUMBER,LAST_MODIFIED_DATE,LAST_MODIFIED_ID) values (0,365,'120019088',null,null);
Insert into ONBOARDING_ACCOUNT (ONBOARDING_ACCOUNT_SEQ,ONBOARDING_APPLICATION_ID,ACCOUNT_NUMBER,LAST_MODIFIED_DATE,LAST_MODIFIED_ID) values (0,366,'95154',null,null);
Insert into ONBOARDING_ACCOUNT (ONBOARDING_ACCOUNT_SEQ,ONBOARDING_APPLICATION_ID,ACCOUNT_NUMBER,LAST_MODIFIED_DATE,LAST_MODIFIED_ID) values (0,367,'120019104',null,null);
Insert into ONBOARDING_ACCOUNT (ONBOARDING_ACCOUNT_SEQ,ONBOARDING_APPLICATION_ID,ACCOUNT_NUMBER,LAST_MODIFIED_DATE,LAST_MODIFIED_ID) values (0,380,'120019245',null,null);
Insert into ONBOARDING_ACCOUNT (ONBOARDING_ACCOUNT_SEQ,ONBOARDING_APPLICATION_ID,ACCOUNT_NUMBER,LAST_MODIFIED_DATE,LAST_MODIFIED_ID) values (0,412,'120019559',null,null);
Insert into ONBOARDING_ACCOUNT (ONBOARDING_ACCOUNT_SEQ,ONBOARDING_APPLICATION_ID,ACCOUNT_NUMBER,LAST_MODIFIED_DATE,LAST_MODIFIED_ID) values (0,456,'120024872',null,null);
Insert into ONBOARDING_ACCOUNT (ONBOARDING_ACCOUNT_SEQ,ONBOARDING_APPLICATION_ID,ACCOUNT_NUMBER,LAST_MODIFIED_DATE,LAST_MODIFIED_ID) values (0,475,'120024922',null,null);
Insert into ONBOARDING_ACCOUNT (ONBOARDING_ACCOUNT_SEQ,ONBOARDING_APPLICATION_ID,ACCOUNT_NUMBER,LAST_MODIFIED_DATE,LAST_MODIFIED_ID) values (0,477,'120024955',null,null);
Insert into ONBOARDING_ACCOUNT (ONBOARDING_ACCOUNT_SEQ,ONBOARDING_APPLICATION_ID,ACCOUNT_NUMBER,LAST_MODIFIED_DATE,LAST_MODIFIED_ID) values (0,478,'120024963',null,null);
Insert into ONBOARDING_ACCOUNT (ONBOARDING_ACCOUNT_SEQ,ONBOARDING_APPLICATION_ID,ACCOUNT_NUMBER,LAST_MODIFIED_DATE,LAST_MODIFIED_ID) values (0,479,'120024971',null,null);
Insert into ONBOARDING_ACCOUNT (ONBOARDING_ACCOUNT_SEQ,ONBOARDING_APPLICATION_ID,ACCOUNT_NUMBER,LAST_MODIFIED_DATE,LAST_MODIFIED_ID) values (0,495,'120025135',null,null);
Insert into ONBOARDING_ACCOUNT (ONBOARDING_ACCOUNT_SEQ,ONBOARDING_APPLICATION_ID,ACCOUNT_NUMBER,LAST_MODIFIED_DATE,LAST_MODIFIED_ID) values (0,22,'82040',null,null);
Insert into ONBOARDING_ACCOUNT (ONBOARDING_ACCOUNT_SEQ,ONBOARDING_APPLICATION_ID,ACCOUNT_NUMBER,LAST_MODIFIED_DATE,LAST_MODIFIED_ID) values (0,29,'82081',null,null);
Insert into ONBOARDING_ACCOUNT (ONBOARDING_ACCOUNT_SEQ,ONBOARDING_APPLICATION_ID,ACCOUNT_NUMBER,LAST_MODIFIED_DATE,LAST_MODIFIED_ID) values (0,64,'82752',null,null);
Insert into ONBOARDING_ACCOUNT (ONBOARDING_ACCOUNT_SEQ,ONBOARDING_APPLICATION_ID,ACCOUNT_NUMBER,LAST_MODIFIED_DATE,LAST_MODIFIED_ID) values (0,65,'82759',null,null);
Insert into ONBOARDING_ACCOUNT (ONBOARDING_ACCOUNT_SEQ,ONBOARDING_APPLICATION_ID,ACCOUNT_NUMBER,LAST_MODIFIED_DATE,LAST_MODIFIED_ID) values (0,66,'82773',null,null);
Insert into ONBOARDING_ACCOUNT (ONBOARDING_ACCOUNT_SEQ,ONBOARDING_APPLICATION_ID,ACCOUNT_NUMBER,LAST_MODIFIED_DATE,LAST_MODIFIED_ID) values (0,73,'82829',null,null);
Insert into ONBOARDING_ACCOUNT (ONBOARDING_ACCOUNT_SEQ,ONBOARDING_APPLICATION_ID,ACCOUNT_NUMBER,LAST_MODIFIED_DATE,LAST_MODIFIED_ID) values (0,89,'82944',null,null);
Insert into ONBOARDING_ACCOUNT (ONBOARDING_ACCOUNT_SEQ,ONBOARDING_APPLICATION_ID,ACCOUNT_NUMBER,LAST_MODIFIED_DATE,LAST_MODIFIED_ID) values (0,92,'82965',null,null);
Insert into ONBOARDING_ACCOUNT (ONBOARDING_ACCOUNT_SEQ,ONBOARDING_APPLICATION_ID,ACCOUNT_NUMBER,LAST_MODIFIED_DATE,LAST_MODIFIED_ID) values (0,93,'82972',null,null);
Insert into ONBOARDING_ACCOUNT (ONBOARDING_ACCOUNT_SEQ,ONBOARDING_APPLICATION_ID,ACCOUNT_NUMBER,LAST_MODIFIED_DATE,LAST_MODIFIED_ID) values (0,112,'83029',null,null);
Insert into ONBOARDING_ACCOUNT (ONBOARDING_ACCOUNT_SEQ,ONBOARDING_APPLICATION_ID,ACCOUNT_NUMBER,LAST_MODIFIED_DATE,LAST_MODIFIED_ID) values (0,123,'120017975',null,null);
Insert into ONBOARDING_ACCOUNT (ONBOARDING_ACCOUNT_SEQ,ONBOARDING_APPLICATION_ID,ACCOUNT_NUMBER,LAST_MODIFIED_DATE,LAST_MODIFIED_ID) values (0,124,'120017983',null,null);
Insert into ONBOARDING_ACCOUNT (ONBOARDING_ACCOUNT_SEQ,ONBOARDING_APPLICATION_ID,ACCOUNT_NUMBER,LAST_MODIFIED_DATE,LAST_MODIFIED_ID) values (0,128,'120018031',null,null);
Insert into ONBOARDING_ACCOUNT (ONBOARDING_ACCOUNT_SEQ,ONBOARDING_APPLICATION_ID,ACCOUNT_NUMBER,LAST_MODIFIED_DATE,LAST_MODIFIED_ID) values (0,138,'94119',null,null);
Insert into ONBOARDING_ACCOUNT (ONBOARDING_ACCOUNT_SEQ,ONBOARDING_APPLICATION_ID,ACCOUNT_NUMBER,LAST_MODIFIED_DATE,LAST_MODIFIED_ID) values (0,143,'94156',null,null);
Insert into ONBOARDING_ACCOUNT (ONBOARDING_ACCOUNT_SEQ,ONBOARDING_APPLICATION_ID,ACCOUNT_NUMBER,LAST_MODIFIED_DATE,LAST_MODIFIED_ID) values (0,144,'94165',null,null);
Insert into ONBOARDING_ACCOUNT (ONBOARDING_ACCOUNT_SEQ,ONBOARDING_APPLICATION_ID,ACCOUNT_NUMBER,LAST_MODIFIED_DATE,LAST_MODIFIED_ID) values (0,212,'120018395',null,null);
Insert into ONBOARDING_ACCOUNT (ONBOARDING_ACCOUNT_SEQ,ONBOARDING_APPLICATION_ID,ACCOUNT_NUMBER,LAST_MODIFIED_DATE,LAST_MODIFIED_ID) values (0,237,'120018528',null,null);
Insert into ONBOARDING_ACCOUNT (ONBOARDING_ACCOUNT_SEQ,ONBOARDING_APPLICATION_ID,ACCOUNT_NUMBER,LAST_MODIFIED_DATE,LAST_MODIFIED_ID) values (0,238,'120018536',null,null);
Insert into ONBOARDING_ACCOUNT (ONBOARDING_ACCOUNT_SEQ,ONBOARDING_APPLICATION_ID,ACCOUNT_NUMBER,LAST_MODIFIED_DATE,LAST_MODIFIED_ID) values (0,241,'94586',null,null);
Insert into ONBOARDING_ACCOUNT (ONBOARDING_ACCOUNT_SEQ,ONBOARDING_APPLICATION_ID,ACCOUNT_NUMBER,LAST_MODIFIED_DATE,LAST_MODIFIED_ID) values (0,242,'94612',null,null);
Insert into ONBOARDING_ACCOUNT (ONBOARDING_ACCOUNT_SEQ,ONBOARDING_APPLICATION_ID,ACCOUNT_NUMBER,LAST_MODIFIED_DATE,LAST_MODIFIED_ID) values (0,254,'94721',null,null);
Insert into ONBOARDING_ACCOUNT (ONBOARDING_ACCOUNT_SEQ,ONBOARDING_APPLICATION_ID,ACCOUNT_NUMBER,LAST_MODIFIED_DATE,LAST_MODIFIED_ID) values (0,260,'94880',null,null);
Insert into ONBOARDING_ACCOUNT (ONBOARDING_ACCOUNT_SEQ,ONBOARDING_APPLICATION_ID,ACCOUNT_NUMBER,LAST_MODIFIED_DATE,LAST_MODIFIED_ID) values (0,370,'95168',null,null);
Insert into ONBOARDING_ACCOUNT (ONBOARDING_ACCOUNT_SEQ,ONBOARDING_APPLICATION_ID,ACCOUNT_NUMBER,LAST_MODIFIED_DATE,LAST_MODIFIED_ID) values (0,371,'120019120',null,null);
Insert into ONBOARDING_ACCOUNT (ONBOARDING_ACCOUNT_SEQ,ONBOARDING_APPLICATION_ID,ACCOUNT_NUMBER,LAST_MODIFIED_DATE,LAST_MODIFIED_ID) values (0,378,'120019229',null,null);
Insert into ONBOARDING_ACCOUNT (ONBOARDING_ACCOUNT_SEQ,ONBOARDING_APPLICATION_ID,ACCOUNT_NUMBER,LAST_MODIFIED_DATE,LAST_MODIFIED_ID) values (0,385,'120019286',null,null);
Insert into ONBOARDING_ACCOUNT (ONBOARDING_ACCOUNT_SEQ,ONBOARDING_APPLICATION_ID,ACCOUNT_NUMBER,LAST_MODIFIED_DATE,LAST_MODIFIED_ID) values (0,387,'120019294',null,null);
Insert into ONBOARDING_ACCOUNT (ONBOARDING_ACCOUNT_SEQ,ONBOARDING_APPLICATION_ID,ACCOUNT_NUMBER,LAST_MODIFIED_DATE,LAST_MODIFIED_ID) values (0,388,'120019302',null,null);
Insert into ONBOARDING_ACCOUNT (ONBOARDING_ACCOUNT_SEQ,ONBOARDING_APPLICATION_ID,ACCOUNT_NUMBER,LAST_MODIFIED_DATE,LAST_MODIFIED_ID) values (0,389,'120019310',null,null);
Insert into ONBOARDING_ACCOUNT (ONBOARDING_ACCOUNT_SEQ,ONBOARDING_APPLICATION_ID,ACCOUNT_NUMBER,LAST_MODIFIED_DATE,LAST_MODIFIED_ID) values (0,390,'120019328',null,null);
Insert into ONBOARDING_ACCOUNT (ONBOARDING_ACCOUNT_SEQ,ONBOARDING_APPLICATION_ID,ACCOUNT_NUMBER,LAST_MODIFIED_DATE,LAST_MODIFIED_ID) values (0,391,'120019336',null,null);
Insert into ONBOARDING_ACCOUNT (ONBOARDING_ACCOUNT_SEQ,ONBOARDING_APPLICATION_ID,ACCOUNT_NUMBER,LAST_MODIFIED_DATE,LAST_MODIFIED_ID) values (0,393,'120019344',null,null);
Insert into ONBOARDING_ACCOUNT (ONBOARDING_ACCOUNT_SEQ,ONBOARDING_APPLICATION_ID,ACCOUNT_NUMBER,LAST_MODIFIED_DATE,LAST_MODIFIED_ID) values (0,394,'120019351',null,null);
Insert into ONBOARDING_ACCOUNT (ONBOARDING_ACCOUNT_SEQ,ONBOARDING_APPLICATION_ID,ACCOUNT_NUMBER,LAST_MODIFIED_DATE,LAST_MODIFIED_ID) values (0,396,'120019377',null,null);
Insert into ONBOARDING_ACCOUNT (ONBOARDING_ACCOUNT_SEQ,ONBOARDING_APPLICATION_ID,ACCOUNT_NUMBER,LAST_MODIFIED_DATE,LAST_MODIFIED_ID) values (0,397,'120019385',null,null);
Insert into ONBOARDING_ACCOUNT (ONBOARDING_ACCOUNT_SEQ,ONBOARDING_APPLICATION_ID,ACCOUNT_NUMBER,LAST_MODIFIED_DATE,LAST_MODIFIED_ID) values (0,406,'120019518',null,null);
Insert into ONBOARDING_ACCOUNT (ONBOARDING_ACCOUNT_SEQ,ONBOARDING_APPLICATION_ID,ACCOUNT_NUMBER,LAST_MODIFIED_DATE,LAST_MODIFIED_ID) values (0,407,'120019526',null,null);
Insert into ONBOARDING_ACCOUNT (ONBOARDING_ACCOUNT_SEQ,ONBOARDING_APPLICATION_ID,ACCOUNT_NUMBER,LAST_MODIFIED_DATE,LAST_MODIFIED_ID) values (0,418,'120019609',null,null);
Insert into ONBOARDING_ACCOUNT (ONBOARDING_ACCOUNT_SEQ,ONBOARDING_APPLICATION_ID,ACCOUNT_NUMBER,LAST_MODIFIED_DATE,LAST_MODIFIED_ID) values (0,461,'120025044',null,null);
Insert into ONBOARDING_ACCOUNT (ONBOARDING_ACCOUNT_SEQ,ONBOARDING_APPLICATION_ID,ACCOUNT_NUMBER,LAST_MODIFIED_DATE,LAST_MODIFIED_ID) values (0,491,'120025093',null,null);
Insert into ONBOARDING_ACCOUNT (ONBOARDING_ACCOUNT_SEQ,ONBOARDING_APPLICATION_ID,ACCOUNT_NUMBER,LAST_MODIFIED_DATE,LAST_MODIFIED_ID) values (0,492,'120025101',null,null);
Insert into ONBOARDING_ACCOUNT (ONBOARDING_ACCOUNT_SEQ,ONBOARDING_APPLICATION_ID,ACCOUNT_NUMBER,LAST_MODIFIED_DATE,LAST_MODIFIED_ID) values (0,494,'120025127',null,null);
Insert into ONBOARDING_ACCOUNT (ONBOARDING_ACCOUNT_SEQ,ONBOARDING_APPLICATION_ID,ACCOUNT_NUMBER,LAST_MODIFIED_DATE,LAST_MODIFIED_ID) values (0,496,'120025143',null,null);
Insert into ONBOARDING_ACCOUNT (ONBOARDING_ACCOUNT_SEQ,ONBOARDING_APPLICATION_ID,ACCOUNT_NUMBER,LAST_MODIFIED_DATE,LAST_MODIFIED_ID) values (0,497,'120025150',null,null);
Insert into ONBOARDING_ACCOUNT (ONBOARDING_ACCOUNT_SEQ,ONBOARDING_APPLICATION_ID,ACCOUNT_NUMBER,LAST_MODIFIED_DATE,LAST_MODIFIED_ID) values (0,499,'120025176',null,null);
Insert into ONBOARDING_ACCOUNT (ONBOARDING_ACCOUNT_SEQ,ONBOARDING_APPLICATION_ID,ACCOUNT_NUMBER,LAST_MODIFIED_DATE,LAST_MODIFIED_ID) values (0,19,'81985',null,null);
Insert into ONBOARDING_ACCOUNT (ONBOARDING_ACCOUNT_SEQ,ONBOARDING_APPLICATION_ID,ACCOUNT_NUMBER,LAST_MODIFIED_DATE,LAST_MODIFIED_ID) values (0,31,'82100',null,null);
Insert into ONBOARDING_ACCOUNT (ONBOARDING_ACCOUNT_SEQ,ONBOARDING_APPLICATION_ID,ACCOUNT_NUMBER,LAST_MODIFIED_DATE,LAST_MODIFIED_ID) values (0,47,'82601',null,null);
Insert into ONBOARDING_ACCOUNT (ONBOARDING_ACCOUNT_SEQ,ONBOARDING_APPLICATION_ID,ACCOUNT_NUMBER,LAST_MODIFIED_DATE,LAST_MODIFIED_ID) values (0,50,'82622',null,null);
Insert into ONBOARDING_ACCOUNT (ONBOARDING_ACCOUNT_SEQ,ONBOARDING_APPLICATION_ID,ACCOUNT_NUMBER,LAST_MODIFIED_DATE,LAST_MODIFIED_ID) values (0,55,'82672',null,null);
Insert into ONBOARDING_ACCOUNT (ONBOARDING_ACCOUNT_SEQ,ONBOARDING_APPLICATION_ID,ACCOUNT_NUMBER,LAST_MODIFIED_DATE,LAST_MODIFIED_ID) values (0,71,'82814',null,null);
Insert into ONBOARDING_ACCOUNT (ONBOARDING_ACCOUNT_SEQ,ONBOARDING_APPLICATION_ID,ACCOUNT_NUMBER,LAST_MODIFIED_DATE,LAST_MODIFIED_ID) values (0,72,'82821',null,null);
Insert into ONBOARDING_ACCOUNT (ONBOARDING_ACCOUNT_SEQ,ONBOARDING_APPLICATION_ID,ACCOUNT_NUMBER,LAST_MODIFIED_DATE,LAST_MODIFIED_ID) values (0,77,'82836',null,null);
Insert into ONBOARDING_ACCOUNT (ONBOARDING_ACCOUNT_SEQ,ONBOARDING_APPLICATION_ID,ACCOUNT_NUMBER,LAST_MODIFIED_DATE,LAST_MODIFIED_ID) values (0,81,'82880',null,null);
Insert into ONBOARDING_ACCOUNT (ONBOARDING_ACCOUNT_SEQ,ONBOARDING_APPLICATION_ID,ACCOUNT_NUMBER,LAST_MODIFIED_DATE,LAST_MODIFIED_ID) values (0,83,'82895',null,null);
Insert into ONBOARDING_ACCOUNT (ONBOARDING_ACCOUNT_SEQ,ONBOARDING_APPLICATION_ID,ACCOUNT_NUMBER,LAST_MODIFIED_DATE,LAST_MODIFIED_ID) values (0,88,'82937',null,null);
Insert into ONBOARDING_ACCOUNT (ONBOARDING_ACCOUNT_SEQ,ONBOARDING_APPLICATION_ID,ACCOUNT_NUMBER,LAST_MODIFIED_DATE,LAST_MODIFIED_ID) values (0,107,'83005',null,null);
Insert into ONBOARDING_ACCOUNT (ONBOARDING_ACCOUNT_SEQ,ONBOARDING_APPLICATION_ID,ACCOUNT_NUMBER,LAST_MODIFIED_DATE,LAST_MODIFIED_ID) values (0,115,'83057',null,null);
Insert into ONBOARDING_ACCOUNT (ONBOARDING_ACCOUNT_SEQ,ONBOARDING_APPLICATION_ID,ACCOUNT_NUMBER,LAST_MODIFIED_DATE,LAST_MODIFIED_ID) values (0,121,'120017942',null,null);
Insert into ONBOARDING_ACCOUNT (ONBOARDING_ACCOUNT_SEQ,ONBOARDING_APPLICATION_ID,ACCOUNT_NUMBER,LAST_MODIFIED_DATE,LAST_MODIFIED_ID) values (0,127,'120018015',null,null);
Insert into ONBOARDING_ACCOUNT (ONBOARDING_ACCOUNT_SEQ,ONBOARDING_APPLICATION_ID,ACCOUNT_NUMBER,LAST_MODIFIED_DATE,LAST_MODIFIED_ID) values (0,142,'94148',null,null);
Insert into ONBOARDING_ACCOUNT (ONBOARDING_ACCOUNT_SEQ,ONBOARDING_APPLICATION_ID,ACCOUNT_NUMBER,LAST_MODIFIED_DATE,LAST_MODIFIED_ID) values (0,150,'94206',null,null);
Insert into ONBOARDING_ACCOUNT (ONBOARDING_ACCOUNT_SEQ,ONBOARDING_APPLICATION_ID,ACCOUNT_NUMBER,LAST_MODIFIED_DATE,LAST_MODIFIED_ID) values (0,151,'94219',null,null);
Insert into ONBOARDING_ACCOUNT (ONBOARDING_ACCOUNT_SEQ,ONBOARDING_APPLICATION_ID,ACCOUNT_NUMBER,LAST_MODIFIED_DATE,LAST_MODIFIED_ID) values (0,189,'120018353',null,null);
Insert into ONBOARDING_ACCOUNT (ONBOARDING_ACCOUNT_SEQ,ONBOARDING_APPLICATION_ID,ACCOUNT_NUMBER,LAST_MODIFIED_DATE,LAST_MODIFIED_ID) values (0,221,'120018403',null,null);
Insert into ONBOARDING_ACCOUNT (ONBOARDING_ACCOUNT_SEQ,ONBOARDING_APPLICATION_ID,ACCOUNT_NUMBER,LAST_MODIFIED_DATE,LAST_MODIFIED_ID) values (0,222,'120018411',null,null);
Insert into ONBOARDING_ACCOUNT (ONBOARDING_ACCOUNT_SEQ,ONBOARDING_APPLICATION_ID,ACCOUNT_NUMBER,LAST_MODIFIED_DATE,LAST_MODIFIED_ID) values (0,223,'120018429',null,null);
Insert into ONBOARDING_ACCOUNT (ONBOARDING_ACCOUNT_SEQ,ONBOARDING_APPLICATION_ID,ACCOUNT_NUMBER,LAST_MODIFIED_DATE,LAST_MODIFIED_ID) values (0,224,'94359',null,null);
Insert into ONBOARDING_ACCOUNT (ONBOARDING_ACCOUNT_SEQ,ONBOARDING_APPLICATION_ID,ACCOUNT_NUMBER,LAST_MODIFIED_DATE,LAST_MODIFIED_ID) values (0,253,'94710',null,null);
Insert into ONBOARDING_ACCOUNT (ONBOARDING_ACCOUNT_SEQ,ONBOARDING_APPLICATION_ID,ACCOUNT_NUMBER,LAST_MODIFIED_DATE,LAST_MODIFIED_ID) values (0,299,'95031',null,null);
Insert into ONBOARDING_ACCOUNT (ONBOARDING_ACCOUNT_SEQ,ONBOARDING_APPLICATION_ID,ACCOUNT_NUMBER,LAST_MODIFIED_DATE,LAST_MODIFIED_ID) values (0,373,'120019138',null,null);
Insert into ONBOARDING_ACCOUNT (ONBOARDING_ACCOUNT_SEQ,ONBOARDING_APPLICATION_ID,ACCOUNT_NUMBER,LAST_MODIFIED_DATE,LAST_MODIFIED_ID) values (0,382,'120019252',null,null);
Insert into ONBOARDING_ACCOUNT (ONBOARDING_ACCOUNT_SEQ,ONBOARDING_APPLICATION_ID,ACCOUNT_NUMBER,LAST_MODIFIED_DATE,LAST_MODIFIED_ID) values (0,383,'120019260',null,null);
Insert into ONBOARDING_ACCOUNT (ONBOARDING_ACCOUNT_SEQ,ONBOARDING_APPLICATION_ID,ACCOUNT_NUMBER,LAST_MODIFIED_DATE,LAST_MODIFIED_ID) values (0,384,'120019278',null,null);
Insert into ONBOARDING_ACCOUNT (ONBOARDING_ACCOUNT_SEQ,ONBOARDING_APPLICATION_ID,ACCOUNT_NUMBER,LAST_MODIFIED_DATE,LAST_MODIFIED_ID) values (0,398,'120019393',null,null);
Insert into ONBOARDING_ACCOUNT (ONBOARDING_ACCOUNT_SEQ,ONBOARDING_APPLICATION_ID,ACCOUNT_NUMBER,LAST_MODIFIED_DATE,LAST_MODIFIED_ID) values (0,474,'120024914',null,null);
Insert into ONBOARDING_ACCOUNT (ONBOARDING_ACCOUNT_SEQ,ONBOARDING_APPLICATION_ID,ACCOUNT_NUMBER,LAST_MODIFIED_DATE,LAST_MODIFIED_ID) values (0,486,'120025051',null,null);
Insert into ONBOARDING_ACCOUNT (ONBOARDING_ACCOUNT_SEQ,ONBOARDING_APPLICATION_ID,ACCOUNT_NUMBER,LAST_MODIFIED_DATE,LAST_MODIFIED_ID) values (0,487,'120025069',null,null);
Insert into ONBOARDING_ACCOUNT (ONBOARDING_ACCOUNT_SEQ,ONBOARDING_APPLICATION_ID,ACCOUNT_NUMBER,LAST_MODIFIED_DATE,LAST_MODIFIED_ID) values (0,488,'120025077',null,null);
Insert into ONBOARDING_ACCOUNT (ONBOARDING_ACCOUNT_SEQ,ONBOARDING_APPLICATION_ID,ACCOUNT_NUMBER,LAST_MODIFIED_DATE,LAST_MODIFIED_ID) values (0,500,'120025184',null,null);
Insert into ONBOARDING_ACCOUNT (ONBOARDING_ACCOUNT_SEQ,ONBOARDING_APPLICATION_ID,ACCOUNT_NUMBER,LAST_MODIFIED_DATE,LAST_MODIFIED_ID) values (0,501,'120025192',null,null);
Insert into ONBOARDING_ACCOUNT (ONBOARDING_ACCOUNT_SEQ,ONBOARDING_APPLICATION_ID,ACCOUNT_NUMBER,LAST_MODIFIED_DATE,LAST_MODIFIED_ID) values (0,502,'120025200',null,null);
Insert into ONBOARDING_ACCOUNT (ONBOARDING_ACCOUNT_SEQ,ONBOARDING_APPLICATION_ID,ACCOUNT_NUMBER,LAST_MODIFIED_DATE,LAST_MODIFIED_ID) values (0,503,'120025218',null,null);
Insert into ONBOARDING_ACCOUNT (ONBOARDING_ACCOUNT_SEQ,ONBOARDING_APPLICATION_ID,ACCOUNT_NUMBER,LAST_MODIFIED_DATE,LAST_MODIFIED_ID) values (0,504,'120025226',null,null);
Insert into ONBOARDING_ACCOUNT (ONBOARDING_ACCOUNT_SEQ,ONBOARDING_APPLICATION_ID,ACCOUNT_NUMBER,LAST_MODIFIED_DATE,LAST_MODIFIED_ID) values (0,507,'120025242',null,null);
REM INSERTING into ONBOARDING_APPLICATION
SET DEFINE OFF;
Insert into ONBOARDING_APPLICATION (ID,APPLICATION_TYPE,AVALOQ_ORDER_ID,STATUS,FAILURE_MESSAGE,LAST_MODIFIED_DATE,LAST_MODIFIED_ID) values (4,null,null,'ApplicationCreationFailed','Session could not be opened',null,null);
Insert into ONBOARDING_APPLICATION (ID,APPLICATION_TYPE,AVALOQ_ORDER_ID,STATUS,FAILURE_MESSAGE,LAST_MODIFIED_DATE,LAST_MODIFIED_ID) values (5,null,null,'ApplicationCreationFailed','Session could not be opened',null,null);
Insert into ONBOARDING_APPLICATION (ID,APPLICATION_TYPE,AVALOQ_ORDER_ID,STATUS,FAILURE_MESSAGE,LAST_MODIFIED_DATE,LAST_MODIFIED_ID) values (7,null,null,'ApplicationCreationFailed','Session could not be opened',null,null);
Insert into ONBOARDING_APPLICATION (ID,APPLICATION_TYPE,AVALOQ_ORDER_ID,STATUS,FAILURE_MESSAGE,LAST_MODIFIED_DATE,LAST_MODIFIED_ID) values (11,null,null,'ApplicationCreationFailed','Session could not be opened',null,null);
Insert into ONBOARDING_APPLICATION (ID,APPLICATION_TYPE,AVALOQ_ORDER_ID,STATUS,FAILURE_MESSAGE,LAST_MODIFIED_DATE,LAST_MODIFIED_ID) values (15,null,null,'ApplicationCreationFailed','Session could not be opened',null,null);
Insert into ONBOARDING_APPLICATION (ID,APPLICATION_TYPE,AVALOQ_ORDER_ID,STATUS,FAILURE_MESSAGE,LAST_MODIFIED_DATE,LAST_MODIFIED_ID) values (16,null,null,'ApplicationCreationFailed','Technical Exception',null,null);
Insert into ONBOARDING_APPLICATION (ID,APPLICATION_TYPE,AVALOQ_ORDER_ID,STATUS,FAILURE_MESSAGE,LAST_MODIFIED_DATE,LAST_MODIFIED_ID) values (51,null,'318432','ApplicationCreationFailed','Technical Exception',null,null);
Insert into ONBOARDING_APPLICATION (ID,APPLICATION_TYPE,AVALOQ_ORDER_ID,STATUS,FAILURE_MESSAGE,LAST_MODIFIED_DATE,LAST_MODIFIED_ID) values (52,null,null,'ApplicationCreationFailed','XML validation error of WebUI response: 6/19: Element not completed: ''person_list'' See: line: 6, column: 19',null,null);
Insert into ONBOARDING_APPLICATION (ID,APPLICATION_TYPE,AVALOQ_ORDER_ID,STATUS,FAILURE_MESSAGE,LAST_MODIFIED_DATE,LAST_MODIFIED_ID) values (53,null,'318454',null,null,null,null);
Insert into ONBOARDING_APPLICATION (ID,APPLICATION_TYPE,AVALOQ_ORDER_ID,STATUS,FAILURE_MESSAGE,LAST_MODIFIED_DATE,LAST_MODIFIED_ID) values (54,null,'318471',null,null,null,null);
Insert into ONBOARDING_APPLICATION (ID,APPLICATION_TYPE,AVALOQ_ORDER_ID,STATUS,FAILURE_MESSAGE,LAST_MODIFIED_DATE,LAST_MODIFIED_ID) values (55,null,'318499','ApplicationCreationFailed','Technical Exception',null,null);
Insert into ONBOARDING_APPLICATION (ID,APPLICATION_TYPE,AVALOQ_ORDER_ID,STATUS,FAILURE_MESSAGE,LAST_MODIFIED_DATE,LAST_MODIFIED_ID) values (83,null,'318996',null,null,null,null);
Insert into ONBOARDING_APPLICATION (ID,APPLICATION_TYPE,AVALOQ_ORDER_ID,STATUS,FAILURE_MESSAGE,LAST_MODIFIED_DATE,LAST_MODIFIED_ID) values (88,null,'319073','ApplicationCreationFailed','Session could not be opened',null,null);
Insert into ONBOARDING_APPLICATION (ID,APPLICATION_TYPE,AVALOQ_ORDER_ID,STATUS,FAILURE_MESSAGE,LAST_MODIFIED_DATE,LAST_MODIFIED_ID) values (89,null,'319086','ApplicationCreationFailed','Session could not be opened',null,null);
Insert into ONBOARDING_APPLICATION (ID,APPLICATION_TYPE,AVALOQ_ORDER_ID,STATUS,FAILURE_MESSAGE,LAST_MODIFIED_DATE,LAST_MODIFIED_ID) values (90,null,'319102','ApplicationCreationFailed','Technical Exception',null,null);
Insert into ONBOARDING_APPLICATION (ID,APPLICATION_TYPE,AVALOQ_ORDER_ID,STATUS,FAILURE_MESSAGE,LAST_MODIFIED_DATE,LAST_MODIFIED_ID) values (115,null,'319311',null,null,null,null);
Insert into ONBOARDING_APPLICATION (ID,APPLICATION_TYPE,AVALOQ_ORDER_ID,STATUS,FAILURE_MESSAGE,LAST_MODIFIED_DATE,LAST_MODIFIED_ID) values (126,null,'407686',null,null,null,null);
Insert into ONBOARDING_APPLICATION (ID,APPLICATION_TYPE,AVALOQ_ORDER_ID,STATUS,FAILURE_MESSAGE,LAST_MODIFIED_DATE,LAST_MODIFIED_ID) values (127,null,'407697',null,null,null,null);
Insert into ONBOARDING_APPLICATION (ID,APPLICATION_TYPE,AVALOQ_ORDER_ID,STATUS,FAILURE_MESSAGE,LAST_MODIFIED_DATE,LAST_MODIFIED_ID) values (133,null,'407847',null,null,null,null);
Insert into ONBOARDING_APPLICATION (ID,APPLICATION_TYPE,AVALOQ_ORDER_ID,STATUS,FAILURE_MESSAGE,LAST_MODIFIED_DATE,LAST_MODIFIED_ID) values (136,null,null,'ApplicationCreationFailed','Session could not be opened',null,null);
Insert into ONBOARDING_APPLICATION (ID,APPLICATION_TYPE,AVALOQ_ORDER_ID,STATUS,FAILURE_MESSAGE,LAST_MODIFIED_DATE,LAST_MODIFIED_ID) values (165,null,null,null,null,null,null);
Insert into ONBOARDING_APPLICATION (ID,APPLICATION_TYPE,AVALOQ_ORDER_ID,STATUS,FAILURE_MESSAGE,LAST_MODIFIED_DATE,LAST_MODIFIED_ID) values (221,null,'408386',null,null,null,null);
Insert into ONBOARDING_APPLICATION (ID,APPLICATION_TYPE,AVALOQ_ORDER_ID,STATUS,FAILURE_MESSAGE,LAST_MODIFIED_DATE,LAST_MODIFIED_ID) values (222,null,'408410',null,null,null,null);
Insert into ONBOARDING_APPLICATION (ID,APPLICATION_TYPE,AVALOQ_ORDER_ID,STATUS,FAILURE_MESSAGE,LAST_MODIFIED_DATE,LAST_MODIFIED_ID) values (227,null,'408597',null,null,null,null);
Insert into ONBOARDING_APPLICATION (ID,APPLICATION_TYPE,AVALOQ_ORDER_ID,STATUS,FAILURE_MESSAGE,LAST_MODIFIED_DATE,LAST_MODIFIED_ID) values (237,null,'408741',null,null,null,null);
Insert into ONBOARDING_APPLICATION (ID,APPLICATION_TYPE,AVALOQ_ORDER_ID,STATUS,FAILURE_MESSAGE,LAST_MODIFIED_DATE,LAST_MODIFIED_ID) values (241,null,'408813',null,null,null,null);
Insert into ONBOARDING_APPLICATION (ID,APPLICATION_TYPE,AVALOQ_ORDER_ID,STATUS,FAILURE_MESSAGE,LAST_MODIFIED_DATE,LAST_MODIFIED_ID) values (242,null,'408844',null,null,null,null);
Insert into ONBOARDING_APPLICATION (ID,APPLICATION_TYPE,AVALOQ_ORDER_ID,STATUS,FAILURE_MESSAGE,LAST_MODIFIED_DATE,LAST_MODIFIED_ID) values (243,null,'408879',null,null,null,null);
Insert into ONBOARDING_APPLICATION (ID,APPLICATION_TYPE,AVALOQ_ORDER_ID,STATUS,FAILURE_MESSAGE,LAST_MODIFIED_DATE,LAST_MODIFIED_ID) values (244,null,'408900',null,null,null,null);
Insert into ONBOARDING_APPLICATION (ID,APPLICATION_TYPE,AVALOQ_ORDER_ID,STATUS,FAILURE_MESSAGE,LAST_MODIFIED_DATE,LAST_MODIFIED_ID) values (245,null,'408923',null,null,null,null);
Insert into ONBOARDING_APPLICATION (ID,APPLICATION_TYPE,AVALOQ_ORDER_ID,STATUS,FAILURE_MESSAGE,LAST_MODIFIED_DATE,LAST_MODIFIED_ID) values (253,null,'409046',null,null,null,null);
Insert into ONBOARDING_APPLICATION (ID,APPLICATION_TYPE,AVALOQ_ORDER_ID,STATUS,FAILURE_MESSAGE,LAST_MODIFIED_DATE,LAST_MODIFIED_ID) values (254,null,'409076',null,null,null,null);
Insert into ONBOARDING_APPLICATION (ID,APPLICATION_TYPE,AVALOQ_ORDER_ID,STATUS,FAILURE_MESSAGE,LAST_MODIFIED_DATE,LAST_MODIFIED_ID) values (258,null,'409247',null,null,null,null);
Insert into ONBOARDING_APPLICATION (ID,APPLICATION_TYPE,AVALOQ_ORDER_ID,STATUS,FAILURE_MESSAGE,LAST_MODIFIED_DATE,LAST_MODIFIED_ID) values (261,null,'409364',null,null,null,null);
Insert into ONBOARDING_APPLICATION (ID,APPLICATION_TYPE,AVALOQ_ORDER_ID,STATUS,FAILURE_MESSAGE,LAST_MODIFIED_DATE,LAST_MODIFIED_ID) values (264,null,null,'ApplicationCreationFailed','UI ERROR: Tariff 0.15: tariff exeeds the maximum allowed factor of 1.',null,null);
Insert into ONBOARDING_APPLICATION (ID,APPLICATION_TYPE,AVALOQ_ORDER_ID,STATUS,FAILURE_MESSAGE,LAST_MODIFIED_DATE,LAST_MODIFIED_ID) values (279,null,'409510',null,null,null,null);
Insert into ONBOARDING_APPLICATION (ID,APPLICATION_TYPE,AVALOQ_ORDER_ID,STATUS,FAILURE_MESSAGE,LAST_MODIFIED_DATE,LAST_MODIFIED_ID) values (280,null,'409556',null,null,null,null);
Insert into ONBOARDING_APPLICATION (ID,APPLICATION_TYPE,AVALOQ_ORDER_ID,STATUS,FAILURE_MESSAGE,LAST_MODIFIED_DATE,LAST_MODIFIED_ID) values (281,null,'409567',null,null,null,null);
Insert into ONBOARDING_APPLICATION (ID,APPLICATION_TYPE,AVALOQ_ORDER_ID,STATUS,FAILURE_MESSAGE,LAST_MODIFIED_DATE,LAST_MODIFIED_ID) values (293,null,'409600',null,null,null,null);
Insert into ONBOARDING_APPLICATION (ID,APPLICATION_TYPE,AVALOQ_ORDER_ID,STATUS,FAILURE_MESSAGE,LAST_MODIFIED_DATE,LAST_MODIFIED_ID) values (302,null,'409679',null,null,null,null);
Insert into ONBOARDING_APPLICATION (ID,APPLICATION_TYPE,AVALOQ_ORDER_ID,STATUS,FAILURE_MESSAGE,LAST_MODIFIED_DATE,LAST_MODIFIED_ID) values (362,null,'409789',null,null,null,null);
Insert into ONBOARDING_APPLICATION (ID,APPLICATION_TYPE,AVALOQ_ORDER_ID,STATUS,FAILURE_MESSAGE,LAST_MODIFIED_DATE,LAST_MODIFIED_ID) values (370,null,'409905',null,null,null,null);
Insert into ONBOARDING_APPLICATION (ID,APPLICATION_TYPE,AVALOQ_ORDER_ID,STATUS,FAILURE_MESSAGE,LAST_MODIFIED_DATE,LAST_MODIFIED_ID) values (373,null,'409960',null,null,null,null);
Insert into ONBOARDING_APPLICATION (ID,APPLICATION_TYPE,AVALOQ_ORDER_ID,STATUS,FAILURE_MESSAGE,LAST_MODIFIED_DATE,LAST_MODIFIED_ID) values (375,null,'410054',null,null,null,null);
Insert into ONBOARDING_APPLICATION (ID,APPLICATION_TYPE,AVALOQ_ORDER_ID,STATUS,FAILURE_MESSAGE,LAST_MODIFIED_DATE,LAST_MODIFIED_ID) values (376,null,'410084',null,null,null,null);
Insert into ONBOARDING_APPLICATION (ID,APPLICATION_TYPE,AVALOQ_ORDER_ID,STATUS,FAILURE_MESSAGE,LAST_MODIFIED_DATE,LAST_MODIFIED_ID) values (377,null,'410103',null,null,null,null);
Insert into ONBOARDING_APPLICATION (ID,APPLICATION_TYPE,AVALOQ_ORDER_ID,STATUS,FAILURE_MESSAGE,LAST_MODIFIED_DATE,LAST_MODIFIED_ID) values (385,null,'410282',null,null,null,null);
Insert into ONBOARDING_APPLICATION (ID,APPLICATION_TYPE,AVALOQ_ORDER_ID,STATUS,FAILURE_MESSAGE,LAST_MODIFIED_DATE,LAST_MODIFIED_ID) values (393,null,'410466',null,null,null,null);
Insert into ONBOARDING_APPLICATION (ID,APPLICATION_TYPE,AVALOQ_ORDER_ID,STATUS,FAILURE_MESSAGE,LAST_MODIFIED_DATE,LAST_MODIFIED_ID) values (394,null,'410487',null,null,null,null);
Insert into ONBOARDING_APPLICATION (ID,APPLICATION_TYPE,AVALOQ_ORDER_ID,STATUS,FAILURE_MESSAGE,LAST_MODIFIED_DATE,LAST_MODIFIED_ID) values (395,null,'410514',null,null,null,null);
Insert into ONBOARDING_APPLICATION (ID,APPLICATION_TYPE,AVALOQ_ORDER_ID,STATUS,FAILURE_MESSAGE,LAST_MODIFIED_DATE,LAST_MODIFIED_ID) values (397,null,'410568',null,null,null,null);
Insert into ONBOARDING_APPLICATION (ID,APPLICATION_TYPE,AVALOQ_ORDER_ID,STATUS,FAILURE_MESSAGE,LAST_MODIFIED_DATE,LAST_MODIFIED_ID) values (398,null,'410601',null,null,null,null);
Insert into ONBOARDING_APPLICATION (ID,APPLICATION_TYPE,AVALOQ_ORDER_ID,STATUS,FAILURE_MESSAGE,LAST_MODIFIED_DATE,LAST_MODIFIED_ID) values (399,null,'410614',null,null,null,null);
Insert into ONBOARDING_APPLICATION (ID,APPLICATION_TYPE,AVALOQ_ORDER_ID,STATUS,FAILURE_MESSAGE,LAST_MODIFIED_DATE,LAST_MODIFIED_ID) values (400,null,'410666',null,null,null,null);
Insert into ONBOARDING_APPLICATION (ID,APPLICATION_TYPE,AVALOQ_ORDER_ID,STATUS,FAILURE_MESSAGE,LAST_MODIFIED_DATE,LAST_MODIFIED_ID) values (401,null,'410681',null,null,null,null);
Insert into ONBOARDING_APPLICATION (ID,APPLICATION_TYPE,AVALOQ_ORDER_ID,STATUS,FAILURE_MESSAGE,LAST_MODIFIED_DATE,LAST_MODIFIED_ID) values (405,null,null,'ApplicationCreationFailed','UI ERROR: Non-resident TFN Exemption must be used if a Country of taxation is selected.',null,null);
Insert into ONBOARDING_APPLICATION (ID,APPLICATION_TYPE,AVALOQ_ORDER_ID,STATUS,FAILURE_MESSAGE,LAST_MODIFIED_DATE,LAST_MODIFIED_ID) values (406,null,'410807',null,null,null,null);
Insert into ONBOARDING_APPLICATION (ID,APPLICATION_TYPE,AVALOQ_ORDER_ID,STATUS,FAILURE_MESSAGE,LAST_MODIFIED_DATE,LAST_MODIFIED_ID) values (413,null,null,'ApplicationCreationFailed','Session could not be opened',null,null);
Insert into ONBOARDING_APPLICATION (ID,APPLICATION_TYPE,AVALOQ_ORDER_ID,STATUS,FAILURE_MESSAGE,LAST_MODIFIED_DATE,LAST_MODIFIED_ID) values (429,null,null,'ApplicationCreationFailed','Session could not be opened',null,null);
Insert into ONBOARDING_APPLICATION (ID,APPLICATION_TYPE,AVALOQ_ORDER_ID,STATUS,FAILURE_MESSAGE,LAST_MODIFIED_DATE,LAST_MODIFIED_ID) values (451,null,'477824','ApplicationCreationFailed','Technical Exception',null,null);
Insert into ONBOARDING_APPLICATION (ID,APPLICATION_TYPE,AVALOQ_ORDER_ID,STATUS,FAILURE_MESSAGE,LAST_MODIFIED_DATE,LAST_MODIFIED_ID) values (452,null,null,null,null,null,null);
Insert into ONBOARDING_APPLICATION (ID,APPLICATION_TYPE,AVALOQ_ORDER_ID,STATUS,FAILURE_MESSAGE,LAST_MODIFIED_DATE,LAST_MODIFIED_ID) values (454,null,'477871','ApplicationCreationFailed','Technical Exception',null,null);
Insert into ONBOARDING_APPLICATION (ID,APPLICATION_TYPE,AVALOQ_ORDER_ID,STATUS,FAILURE_MESSAGE,LAST_MODIFIED_DATE,LAST_MODIFIED_ID) values (457,null,'478255','ApplicationCreationFailed','XML validation error of WebUI response: 6/19: Element not completed: ''person_list'' See: line: 6, column: 19',null,null);
Insert into ONBOARDING_APPLICATION (ID,APPLICATION_TYPE,AVALOQ_ORDER_ID,STATUS,FAILURE_MESSAGE,LAST_MODIFIED_DATE,LAST_MODIFIED_ID) values (474,null,'478329','ApplicationCreationFailed','Technical Exception',null,null);
Insert into ONBOARDING_APPLICATION (ID,APPLICATION_TYPE,AVALOQ_ORDER_ID,STATUS,FAILURE_MESSAGE,LAST_MODIFIED_DATE,LAST_MODIFIED_ID) values (475,null,'478360','ApplicationCreationFailed','Technical Exception',null,null);
Insert into ONBOARDING_APPLICATION (ID,APPLICATION_TYPE,AVALOQ_ORDER_ID,STATUS,FAILURE_MESSAGE,LAST_MODIFIED_DATE,LAST_MODIFIED_ID) values (481,null,'478505','ApplicationCreationFailed','Technical Exception',null,null);
Insert into ONBOARDING_APPLICATION (ID,APPLICATION_TYPE,AVALOQ_ORDER_ID,STATUS,FAILURE_MESSAGE,LAST_MODIFIED_DATE,LAST_MODIFIED_ID) values (488,null,'478700','ApplicationCreationFailed','Technical Exception',null,null);
Insert into ONBOARDING_APPLICATION (ID,APPLICATION_TYPE,AVALOQ_ORDER_ID,STATUS,FAILURE_MESSAGE,LAST_MODIFIED_DATE,LAST_MODIFIED_ID) values (491,null,'478730',null,null,null,null);
Insert into ONBOARDING_APPLICATION (ID,APPLICATION_TYPE,AVALOQ_ORDER_ID,STATUS,FAILURE_MESSAGE,LAST_MODIFIED_DATE,LAST_MODIFIED_ID) values (493,null,'478759',null,null,null,null);
Insert into ONBOARDING_APPLICATION (ID,APPLICATION_TYPE,AVALOQ_ORDER_ID,STATUS,FAILURE_MESSAGE,LAST_MODIFIED_DATE,LAST_MODIFIED_ID) values (494,null,'478771',null,null,null,null);
Insert into ONBOARDING_APPLICATION (ID,APPLICATION_TYPE,AVALOQ_ORDER_ID,STATUS,FAILURE_MESSAGE,LAST_MODIFIED_DATE,LAST_MODIFIED_ID) values (495,null,'478839',null,null,null,null);
Insert into ONBOARDING_APPLICATION (ID,APPLICATION_TYPE,AVALOQ_ORDER_ID,STATUS,FAILURE_MESSAGE,LAST_MODIFIED_DATE,LAST_MODIFIED_ID) values (496,null,'478860',null,null,null,null);
Insert into ONBOARDING_APPLICATION (ID,APPLICATION_TYPE,AVALOQ_ORDER_ID,STATUS,FAILURE_MESSAGE,LAST_MODIFIED_DATE,LAST_MODIFIED_ID) values (500,null,'479024',null,null,null,null);
Insert into ONBOARDING_APPLICATION (ID,APPLICATION_TYPE,AVALOQ_ORDER_ID,STATUS,FAILURE_MESSAGE,LAST_MODIFIED_DATE,LAST_MODIFIED_ID) values (508,null,null,null,null,null,null);
Insert into ONBOARDING_APPLICATION (ID,APPLICATION_TYPE,AVALOQ_ORDER_ID,STATUS,FAILURE_MESSAGE,LAST_MODIFIED_DATE,LAST_MODIFIED_ID) values (1,null,'408155','ApplicationCreationFailed','Session could not be opened',null,null);
Insert into ONBOARDING_APPLICATION (ID,APPLICATION_TYPE,AVALOQ_ORDER_ID,STATUS,FAILURE_MESSAGE,LAST_MODIFIED_DATE,LAST_MODIFIED_ID) values (2,null,null,'ApplicationCreationFailed','Session could not be opened',null,null);
Insert into ONBOARDING_APPLICATION (ID,APPLICATION_TYPE,AVALOQ_ORDER_ID,STATUS,FAILURE_MESSAGE,LAST_MODIFIED_DATE,LAST_MODIFIED_ID) values (3,null,null,'ApplicationCreationFailed','Session could not be opened',null,null);
Insert into ONBOARDING_APPLICATION (ID,APPLICATION_TYPE,AVALOQ_ORDER_ID,STATUS,FAILURE_MESSAGE,LAST_MODIFIED_DATE,LAST_MODIFIED_ID) values (8,null,null,'ApplicationCreationFailed','Session could not be opened',null,null);
Insert into ONBOARDING_APPLICATION (ID,APPLICATION_TYPE,AVALOQ_ORDER_ID,STATUS,FAILURE_MESSAGE,LAST_MODIFIED_DATE,LAST_MODIFIED_ID) values (9,null,null,'ApplicationCreationFailed','Session could not be opened',null,null);
Insert into ONBOARDING_APPLICATION (ID,APPLICATION_TYPE,AVALOQ_ORDER_ID,STATUS,FAILURE_MESSAGE,LAST_MODIFIED_DATE,LAST_MODIFIED_ID) values (10,null,null,'ApplicationCreationFailed','Session could not be opened',null,null);
Insert into ONBOARDING_APPLICATION (ID,APPLICATION_TYPE,AVALOQ_ORDER_ID,STATUS,FAILURE_MESSAGE,LAST_MODIFIED_DATE,LAST_MODIFIED_ID) values (12,null,null,'ApplicationCreationFailed','Session could not be opened',null,null);
Insert into ONBOARDING_APPLICATION (ID,APPLICATION_TYPE,AVALOQ_ORDER_ID,STATUS,FAILURE_MESSAGE,LAST_MODIFIED_DATE,LAST_MODIFIED_ID) values (13,null,null,null,null,null,null);
Insert into ONBOARDING_APPLICATION (ID,APPLICATION_TYPE,AVALOQ_ORDER_ID,STATUS,FAILURE_MESSAGE,LAST_MODIFIED_DATE,LAST_MODIFIED_ID) values (14,null,null,'ApplicationCreationFailed','Session could not be opened',null,null);
Insert into ONBOARDING_APPLICATION (ID,APPLICATION_TYPE,AVALOQ_ORDER_ID,STATUS,FAILURE_MESSAGE,LAST_MODIFIED_DATE,LAST_MODIFIED_ID) values (17,null,null,'ApplicationCreationFailed','Session could not be opened',null,null);
Insert into ONBOARDING_APPLICATION (ID,APPLICATION_TYPE,AVALOQ_ORDER_ID,STATUS,FAILURE_MESSAGE,LAST_MODIFIED_DATE,LAST_MODIFIED_ID) values (43,null,null,'ApplicationCreationFailed','There must be exactly 1 primary contact person for an account.
',null,null);
Insert into ONBOARDING_APPLICATION (ID,APPLICATION_TYPE,AVALOQ_ORDER_ID,STATUS,FAILURE_MESSAGE,LAST_MODIFIED_DATE,LAST_MODIFIED_ID) values (44,null,null,'ApplicationCreationFailed','Session could not be opened',null,null);
Insert into ONBOARDING_APPLICATION (ID,APPLICATION_TYPE,AVALOQ_ORDER_ID,STATUS,FAILURE_MESSAGE,LAST_MODIFIED_DATE,LAST_MODIFIED_ID) values (47,null,'318359',null,null,null,null);
Insert into ONBOARDING_APPLICATION (ID,APPLICATION_TYPE,AVALOQ_ORDER_ID,STATUS,FAILURE_MESSAGE,LAST_MODIFIED_DATE,LAST_MODIFIED_ID) values (58,null,'318539',null,null,null,null);
Insert into ONBOARDING_APPLICATION (ID,APPLICATION_TYPE,AVALOQ_ORDER_ID,STATUS,FAILURE_MESSAGE,LAST_MODIFIED_DATE,LAST_MODIFIED_ID) values (59,null,'318560',null,null,null,null);
Insert into ONBOARDING_APPLICATION (ID,APPLICATION_TYPE,AVALOQ_ORDER_ID,STATUS,FAILURE_MESSAGE,LAST_MODIFIED_DATE,LAST_MODIFIED_ID) values (61,null,'318597',null,null,null,null);
Insert into ONBOARDING_APPLICATION (ID,APPLICATION_TYPE,AVALOQ_ORDER_ID,STATUS,FAILURE_MESSAGE,LAST_MODIFIED_DATE,LAST_MODIFIED_ID) values (62,null,'318624','ApplicationCreationFailed','Technical Exception',null,null);
Insert into ONBOARDING_APPLICATION (ID,APPLICATION_TYPE,AVALOQ_ORDER_ID,STATUS,FAILURE_MESSAGE,LAST_MODIFIED_DATE,LAST_MODIFIED_ID) values (64,null,'318652',null,null,null,null);
Insert into ONBOARDING_APPLICATION (ID,APPLICATION_TYPE,AVALOQ_ORDER_ID,STATUS,FAILURE_MESSAGE,LAST_MODIFIED_DATE,LAST_MODIFIED_ID) values (65,null,'318665','ApplicationCreationFailed','Technical Exception',null,null);
Insert into ONBOARDING_APPLICATION (ID,APPLICATION_TYPE,AVALOQ_ORDER_ID,STATUS,FAILURE_MESSAGE,LAST_MODIFIED_DATE,LAST_MODIFIED_ID) values (66,null,'318690','ApplicationCreationFailed','Technical Exception',null,null);
Insert into ONBOARDING_APPLICATION (ID,APPLICATION_TYPE,AVALOQ_ORDER_ID,STATUS,FAILURE_MESSAGE,LAST_MODIFIED_DATE,LAST_MODIFIED_ID) values (72,null,'318776',null,null,null,null);
Insert into ONBOARDING_APPLICATION (ID,APPLICATION_TYPE,AVALOQ_ORDER_ID,STATUS,FAILURE_MESSAGE,LAST_MODIFIED_DATE,LAST_MODIFIED_ID) values (77,null,'318833',null,null,null,null);
Insert into ONBOARDING_APPLICATION (ID,APPLICATION_TYPE,AVALOQ_ORDER_ID,STATUS,FAILURE_MESSAGE,LAST_MODIFIED_DATE,LAST_MODIFIED_ID) values (84,null,'319010',null,null,null,null);
Insert into ONBOARDING_APPLICATION (ID,APPLICATION_TYPE,AVALOQ_ORDER_ID,STATUS,FAILURE_MESSAGE,LAST_MODIFIED_DATE,LAST_MODIFIED_ID) values (85,null,'319024',null,null,null,null);
Insert into ONBOARDING_APPLICATION (ID,APPLICATION_TYPE,AVALOQ_ORDER_ID,STATUS,FAILURE_MESSAGE,LAST_MODIFIED_DATE,LAST_MODIFIED_ID) values (86,null,'319036',null,null,null,null);
Insert into ONBOARDING_APPLICATION (ID,APPLICATION_TYPE,AVALOQ_ORDER_ID,STATUS,FAILURE_MESSAGE,LAST_MODIFIED_DATE,LAST_MODIFIED_ID) values (87,null,null,null,null,null,null);
Insert into ONBOARDING_APPLICATION (ID,APPLICATION_TYPE,AVALOQ_ORDER_ID,STATUS,FAILURE_MESSAGE,LAST_MODIFIED_DATE,LAST_MODIFIED_ID) values (119,null,'407523',null,null,null,null);
Insert into ONBOARDING_APPLICATION (ID,APPLICATION_TYPE,AVALOQ_ORDER_ID,STATUS,FAILURE_MESSAGE,LAST_MODIFIED_DATE,LAST_MODIFIED_ID) values (135,null,null,'ApplicationCreationFailed','UI ERROR: Non-resident TFN Exemption must be used if a Country of taxation is selected.',null,null);
Insert into ONBOARDING_APPLICATION (ID,APPLICATION_TYPE,AVALOQ_ORDER_ID,STATUS,FAILURE_MESSAGE,LAST_MODIFIED_DATE,LAST_MODIFIED_ID) values (148,null,null,'ApplicationCreationFailed','Session could not be opened',null,null);
Insert into ONBOARDING_APPLICATION (ID,APPLICATION_TYPE,AVALOQ_ORDER_ID,STATUS,FAILURE_MESSAGE,LAST_MODIFIED_DATE,LAST_MODIFIED_ID) values (178,null,'408279',null,null,null,null);
Insert into ONBOARDING_APPLICATION (ID,APPLICATION_TYPE,AVALOQ_ORDER_ID,STATUS,FAILURE_MESSAGE,LAST_MODIFIED_DATE,LAST_MODIFIED_ID) values (187,null,'408290',null,null,null,null);
Insert into ONBOARDING_APPLICATION (ID,APPLICATION_TYPE,AVALOQ_ORDER_ID,STATUS,FAILURE_MESSAGE,LAST_MODIFIED_DATE,LAST_MODIFIED_ID) values (189,null,'408313',null,null,null,null);
Insert into ONBOARDING_APPLICATION (ID,APPLICATION_TYPE,AVALOQ_ORDER_ID,STATUS,FAILURE_MESSAGE,LAST_MODIFIED_DATE,LAST_MODIFIED_ID) values (195,null,'408338',null,null,null,null);
Insert into ONBOARDING_APPLICATION (ID,APPLICATION_TYPE,AVALOQ_ORDER_ID,STATUS,FAILURE_MESSAGE,LAST_MODIFIED_DATE,LAST_MODIFIED_ID) values (211,null,'408360',null,null,null,null);
Insert into ONBOARDING_APPLICATION (ID,APPLICATION_TYPE,AVALOQ_ORDER_ID,STATUS,FAILURE_MESSAGE,LAST_MODIFIED_DATE,LAST_MODIFIED_ID) values (256,null,'409112',null,null,null,null);
Insert into ONBOARDING_APPLICATION (ID,APPLICATION_TYPE,AVALOQ_ORDER_ID,STATUS,FAILURE_MESSAGE,LAST_MODIFIED_DATE,LAST_MODIFIED_ID) values (259,null,'409315',null,null,null,null);
Insert into ONBOARDING_APPLICATION (ID,APPLICATION_TYPE,AVALOQ_ORDER_ID,STATUS,FAILURE_MESSAGE,LAST_MODIFIED_DATE,LAST_MODIFIED_ID) values (262,null,'409389',null,null,null,null);
Insert into ONBOARDING_APPLICATION (ID,APPLICATION_TYPE,AVALOQ_ORDER_ID,STATUS,FAILURE_MESSAGE,LAST_MODIFIED_DATE,LAST_MODIFIED_ID) values (263,null,'409417',null,null,null,null);
Insert into ONBOARDING_APPLICATION (ID,APPLICATION_TYPE,AVALOQ_ORDER_ID,STATUS,FAILURE_MESSAGE,LAST_MODIFIED_DATE,LAST_MODIFIED_ID) values (265,null,null,'ApplicationCreationFailed','UI ERROR: Tariff 0.15: tariff exeeds the maximum allowed factor of 1.',null,null);
Insert into ONBOARDING_APPLICATION (ID,APPLICATION_TYPE,AVALOQ_ORDER_ID,STATUS,FAILURE_MESSAGE,LAST_MODIFIED_DATE,LAST_MODIFIED_ID) values (276,null,'409461',null,null,null,null);
Insert into ONBOARDING_APPLICATION (ID,APPLICATION_TYPE,AVALOQ_ORDER_ID,STATUS,FAILURE_MESSAGE,LAST_MODIFIED_DATE,LAST_MODIFIED_ID) values (282,null,'409587',null,null,null,null);
Insert into ONBOARDING_APPLICATION (ID,APPLICATION_TYPE,AVALOQ_ORDER_ID,STATUS,FAILURE_MESSAGE,LAST_MODIFIED_DATE,LAST_MODIFIED_ID) values (295,null,'409623',null,null,null,null);
Insert into ONBOARDING_APPLICATION (ID,APPLICATION_TYPE,AVALOQ_ORDER_ID,STATUS,FAILURE_MESSAGE,LAST_MODIFIED_DATE,LAST_MODIFIED_ID) values (365,null,'409869',null,null,null,null);
Insert into ONBOARDING_APPLICATION (ID,APPLICATION_TYPE,AVALOQ_ORDER_ID,STATUS,FAILURE_MESSAGE,LAST_MODIFIED_DATE,LAST_MODIFIED_ID) values (366,null,'409881',null,null,null,null);
Insert into ONBOARDING_APPLICATION (ID,APPLICATION_TYPE,AVALOQ_ORDER_ID,STATUS,FAILURE_MESSAGE,LAST_MODIFIED_DATE,LAST_MODIFIED_ID) values (372,null,'409975',null,null,null,null);
Insert into ONBOARDING_APPLICATION (ID,APPLICATION_TYPE,AVALOQ_ORDER_ID,STATUS,FAILURE_MESSAGE,LAST_MODIFIED_DATE,LAST_MODIFIED_ID) values (379,null,'410158',null,null,null,null);
Insert into ONBOARDING_APPLICATION (ID,APPLICATION_TYPE,AVALOQ_ORDER_ID,STATUS,FAILURE_MESSAGE,LAST_MODIFIED_DATE,LAST_MODIFIED_ID) values (380,null,'410194',null,null,null,null);
Insert into ONBOARDING_APPLICATION (ID,APPLICATION_TYPE,AVALOQ_ORDER_ID,STATUS,FAILURE_MESSAGE,LAST_MODIFIED_DATE,LAST_MODIFIED_ID) values (383,null,'410223',null,null,null,null);
Insert into ONBOARDING_APPLICATION (ID,APPLICATION_TYPE,AVALOQ_ORDER_ID,STATUS,FAILURE_MESSAGE,LAST_MODIFIED_DATE,LAST_MODIFIED_ID) values (386,null,null,'ApplicationCreationFailed','UI ERROR: Non-resident TFN Exemption must be used if a Country of taxation is selected.',null,null);
Insert into ONBOARDING_APPLICATION (ID,APPLICATION_TYPE,AVALOQ_ORDER_ID,STATUS,FAILURE_MESSAGE,LAST_MODIFIED_DATE,LAST_MODIFIED_ID) values (387,null,'410323',null,null,null,null);
Insert into ONBOARDING_APPLICATION (ID,APPLICATION_TYPE,AVALOQ_ORDER_ID,STATUS,FAILURE_MESSAGE,LAST_MODIFIED_DATE,LAST_MODIFIED_ID) values (396,null,'410554',null,null,null,null);
Insert into ONBOARDING_APPLICATION (ID,APPLICATION_TYPE,AVALOQ_ORDER_ID,STATUS,FAILURE_MESSAGE,LAST_MODIFIED_DATE,LAST_MODIFIED_ID) values (453,null,'477860','ApplicationCreationFailed','Technical Exception',null,null);
Insert into ONBOARDING_APPLICATION (ID,APPLICATION_TYPE,AVALOQ_ORDER_ID,STATUS,FAILURE_MESSAGE,LAST_MODIFIED_DATE,LAST_MODIFIED_ID) values (455,null,'478162','ApplicationCreationFailed','Technical Exception',null,null);
Insert into ONBOARDING_APPLICATION (ID,APPLICATION_TYPE,AVALOQ_ORDER_ID,STATUS,FAILURE_MESSAGE,LAST_MODIFIED_DATE,LAST_MODIFIED_ID) values (456,null,'478180',null,null,null,null);
Insert into ONBOARDING_APPLICATION (ID,APPLICATION_TYPE,AVALOQ_ORDER_ID,STATUS,FAILURE_MESSAGE,LAST_MODIFIED_DATE,LAST_MODIFIED_ID) values (480,null,'478493','ApplicationCreationFailed','Technical Exception',null,null);
Insert into ONBOARDING_APPLICATION (ID,APPLICATION_TYPE,AVALOQ_ORDER_ID,STATUS,FAILURE_MESSAGE,LAST_MODIFIED_DATE,LAST_MODIFIED_ID) values (483,null,'478620',null,null,null,null);
Insert into ONBOARDING_APPLICATION (ID,APPLICATION_TYPE,AVALOQ_ORDER_ID,STATUS,FAILURE_MESSAGE,LAST_MODIFIED_DATE,LAST_MODIFIED_ID) values (485,null,'478643','ApplicationCreationFailed','Technical Exception',null,null);
Insert into ONBOARDING_APPLICATION (ID,APPLICATION_TYPE,AVALOQ_ORDER_ID,STATUS,FAILURE_MESSAGE,LAST_MODIFIED_DATE,LAST_MODIFIED_ID) values (486,null,'478678',null,null,null,null);
Insert into ONBOARDING_APPLICATION (ID,APPLICATION_TYPE,AVALOQ_ORDER_ID,STATUS,FAILURE_MESSAGE,LAST_MODIFIED_DATE,LAST_MODIFIED_ID) values (487,null,'478689',null,null,null,null);
Insert into ONBOARDING_APPLICATION (ID,APPLICATION_TYPE,AVALOQ_ORDER_ID,STATUS,FAILURE_MESSAGE,LAST_MODIFIED_DATE,LAST_MODIFIED_ID) values (490,null,null,'ApplicationCreationFailed','Each person must have exactly 1 mailing address||Each person must have exactly 1 mailing address||',null,null);
Insert into ONBOARDING_APPLICATION (ID,APPLICATION_TYPE,AVALOQ_ORDER_ID,STATUS,FAILURE_MESSAGE,LAST_MODIFIED_DATE,LAST_MODIFIED_ID) values (501,null,'479035',null,null,null,null);
Insert into ONBOARDING_APPLICATION (ID,APPLICATION_TYPE,AVALOQ_ORDER_ID,STATUS,FAILURE_MESSAGE,LAST_MODIFIED_DATE,LAST_MODIFIED_ID) values (504,null,'479103',null,null,null,null);
Insert into ONBOARDING_APPLICATION (ID,APPLICATION_TYPE,AVALOQ_ORDER_ID,STATUS,FAILURE_MESSAGE,LAST_MODIFIED_DATE,LAST_MODIFIED_ID) values (510,null,null,'ApplicationCreationFailed','Technical Exception',null,null);
Insert into ONBOARDING_APPLICATION (ID,APPLICATION_TYPE,AVALOQ_ORDER_ID,STATUS,FAILURE_MESSAGE,LAST_MODIFIED_DATE,LAST_MODIFIED_ID) values (73,null,'318794',null,null,null,null);
Insert into ONBOARDING_APPLICATION (ID,APPLICATION_TYPE,AVALOQ_ORDER_ID,STATUS,FAILURE_MESSAGE,LAST_MODIFIED_DATE,LAST_MODIFIED_ID) values (79,null,'318891',null,null,null,null);
Insert into ONBOARDING_APPLICATION (ID,APPLICATION_TYPE,AVALOQ_ORDER_ID,STATUS,FAILURE_MESSAGE,LAST_MODIFIED_DATE,LAST_MODIFIED_ID) values (80,null,'318905',null,null,null,null);
Insert into ONBOARDING_APPLICATION (ID,APPLICATION_TYPE,AVALOQ_ORDER_ID,STATUS,FAILURE_MESSAGE,LAST_MODIFIED_DATE,LAST_MODIFIED_ID) values (121,null,'407553',null,null,null,null);
Insert into ONBOARDING_APPLICATION (ID,APPLICATION_TYPE,AVALOQ_ORDER_ID,STATUS,FAILURE_MESSAGE,LAST_MODIFIED_DATE,LAST_MODIFIED_ID) values (122,null,'407574',null,null,null,null);
Insert into ONBOARDING_APPLICATION (ID,APPLICATION_TYPE,AVALOQ_ORDER_ID,STATUS,FAILURE_MESSAGE,LAST_MODIFIED_DATE,LAST_MODIFIED_ID) values (124,null,'407648',null,null,null,null);
Insert into ONBOARDING_APPLICATION (ID,APPLICATION_TYPE,AVALOQ_ORDER_ID,STATUS,FAILURE_MESSAGE,LAST_MODIFIED_DATE,LAST_MODIFIED_ID) values (137,null,null,'ApplicationCreationFailed','Technical Exception',null,null);
Insert into ONBOARDING_APPLICATION (ID,APPLICATION_TYPE,AVALOQ_ORDER_ID,STATUS,FAILURE_MESSAGE,LAST_MODIFIED_DATE,LAST_MODIFIED_ID) values (139,null,'407950',null,null,null,null);
Insert into ONBOARDING_APPLICATION (ID,APPLICATION_TYPE,AVALOQ_ORDER_ID,STATUS,FAILURE_MESSAGE,LAST_MODIFIED_DATE,LAST_MODIFIED_ID) values (142,null,'407986',null,null,null,null);
Insert into ONBOARDING_APPLICATION (ID,APPLICATION_TYPE,AVALOQ_ORDER_ID,STATUS,FAILURE_MESSAGE,LAST_MODIFIED_DATE,LAST_MODIFIED_ID) values (161,null,null,'ApplicationCreationFailed','Technical Exception',null,null);
Insert into ONBOARDING_APPLICATION (ID,APPLICATION_TYPE,AVALOQ_ORDER_ID,STATUS,FAILURE_MESSAGE,LAST_MODIFIED_DATE,LAST_MODIFIED_ID) values (169,null,null,'ApplicationCreationFailed','Session could not be opened',null,null);
Insert into ONBOARDING_APPLICATION (ID,APPLICATION_TYPE,AVALOQ_ORDER_ID,STATUS,FAILURE_MESSAGE,LAST_MODIFIED_DATE,LAST_MODIFIED_ID) values (212,null,'408371',null,null,null,null);
Insert into ONBOARDING_APPLICATION (ID,APPLICATION_TYPE,AVALOQ_ORDER_ID,STATUS,FAILURE_MESSAGE,LAST_MODIFIED_DATE,LAST_MODIFIED_ID) values (225,null,'408461',null,null,null,null);
Insert into ONBOARDING_APPLICATION (ID,APPLICATION_TYPE,AVALOQ_ORDER_ID,STATUS,FAILURE_MESSAGE,LAST_MODIFIED_DATE,LAST_MODIFIED_ID) values (226,null,null,'ApplicationCreationFailed','Technical Exception',null,null);
Insert into ONBOARDING_APPLICATION (ID,APPLICATION_TYPE,AVALOQ_ORDER_ID,STATUS,FAILURE_MESSAGE,LAST_MODIFIED_DATE,LAST_MODIFIED_ID) values (229,null,'408654',null,null,null,null);
Insert into ONBOARDING_APPLICATION (ID,APPLICATION_TYPE,AVALOQ_ORDER_ID,STATUS,FAILURE_MESSAGE,LAST_MODIFIED_DATE,LAST_MODIFIED_ID) values (230,null,'408678',null,null,null,null);
Insert into ONBOARDING_APPLICATION (ID,APPLICATION_TYPE,AVALOQ_ORDER_ID,STATUS,FAILURE_MESSAGE,LAST_MODIFIED_DATE,LAST_MODIFIED_ID) values (232,null,null,'ApplicationCreationFailed','UI ERROR: Tariff 0.15: tariff exeeds the maximum allowed factor of 0.25.',null,null);
Insert into ONBOARDING_APPLICATION (ID,APPLICATION_TYPE,AVALOQ_ORDER_ID,STATUS,FAILURE_MESSAGE,LAST_MODIFIED_DATE,LAST_MODIFIED_ID) values (239,null,'408768',null,null,null,null);
Insert into ONBOARDING_APPLICATION (ID,APPLICATION_TYPE,AVALOQ_ORDER_ID,STATUS,FAILURE_MESSAGE,LAST_MODIFIED_DATE,LAST_MODIFIED_ID) values (240,null,'408793',null,null,null,null);
Insert into ONBOARDING_APPLICATION (ID,APPLICATION_TYPE,AVALOQ_ORDER_ID,STATUS,FAILURE_MESSAGE,LAST_MODIFIED_DATE,LAST_MODIFIED_ID) values (249,null,'408995',null,null,null,null);
Insert into ONBOARDING_APPLICATION (ID,APPLICATION_TYPE,AVALOQ_ORDER_ID,STATUS,FAILURE_MESSAGE,LAST_MODIFIED_DATE,LAST_MODIFIED_ID) values (299,null,'409638',null,null,null,null);
Insert into ONBOARDING_APPLICATION (ID,APPLICATION_TYPE,AVALOQ_ORDER_ID,STATUS,FAILURE_MESSAGE,LAST_MODIFIED_DATE,LAST_MODIFIED_ID) values (301,null,'409660',null,null,null,null);
Insert into ONBOARDING_APPLICATION (ID,APPLICATION_TYPE,AVALOQ_ORDER_ID,STATUS,FAILURE_MESSAGE,LAST_MODIFIED_DATE,LAST_MODIFIED_ID) values (361,null,'410009','ApplicationCreationFailed','UI ERROR: Mandatory: Dealer Group',null,null);
Insert into ONBOARDING_APPLICATION (ID,APPLICATION_TYPE,AVALOQ_ORDER_ID,STATUS,FAILURE_MESSAGE,LAST_MODIFIED_DATE,LAST_MODIFIED_ID) values (367,null,'409892',null,null,null,null);
Insert into ONBOARDING_APPLICATION (ID,APPLICATION_TYPE,AVALOQ_ORDER_ID,STATUS,FAILURE_MESSAGE,LAST_MODIFIED_DATE,LAST_MODIFIED_ID) values (384,null,'410258',null,null,null,null);
Insert into ONBOARDING_APPLICATION (ID,APPLICATION_TYPE,AVALOQ_ORDER_ID,STATUS,FAILURE_MESSAGE,LAST_MODIFIED_DATE,LAST_MODIFIED_ID) values (388,null,'410336',null,null,null,null);
Insert into ONBOARDING_APPLICATION (ID,APPLICATION_TYPE,AVALOQ_ORDER_ID,STATUS,FAILURE_MESSAGE,LAST_MODIFIED_DATE,LAST_MODIFIED_ID) values (389,null,'410349',null,null,null,null);
Insert into ONBOARDING_APPLICATION (ID,APPLICATION_TYPE,AVALOQ_ORDER_ID,STATUS,FAILURE_MESSAGE,LAST_MODIFIED_DATE,LAST_MODIFIED_ID) values (390,null,'410370',null,null,null,null);
Insert into ONBOARDING_APPLICATION (ID,APPLICATION_TYPE,AVALOQ_ORDER_ID,STATUS,FAILURE_MESSAGE,LAST_MODIFIED_DATE,LAST_MODIFIED_ID) values (391,null,'410395',null,null,null,null);
Insert into ONBOARDING_APPLICATION (ID,APPLICATION_TYPE,AVALOQ_ORDER_ID,STATUS,FAILURE_MESSAGE,LAST_MODIFIED_DATE,LAST_MODIFIED_ID) values (404,null,null,'ApplicationCreationFailed',null,null,null);
Insert into ONBOARDING_APPLICATION (ID,APPLICATION_TYPE,AVALOQ_ORDER_ID,STATUS,FAILURE_MESSAGE,LAST_MODIFIED_DATE,LAST_MODIFIED_ID) values (408,null,'410864',null,null,null,null);
Insert into ONBOARDING_APPLICATION (ID,APPLICATION_TYPE,AVALOQ_ORDER_ID,STATUS,FAILURE_MESSAGE,LAST_MODIFIED_DATE,LAST_MODIFIED_ID) values (412,null,'410923',null,null,null,null);
Insert into ONBOARDING_APPLICATION (ID,APPLICATION_TYPE,AVALOQ_ORDER_ID,STATUS,FAILURE_MESSAGE,LAST_MODIFIED_DATE,LAST_MODIFIED_ID) values (484,null,'478631',null,null,null,null);
Insert into ONBOARDING_APPLICATION (ID,APPLICATION_TYPE,AVALOQ_ORDER_ID,STATUS,FAILURE_MESSAGE,LAST_MODIFIED_DATE,LAST_MODIFIED_ID) values (499,null,'478976',null,null,null,null);
Insert into ONBOARDING_APPLICATION (ID,APPLICATION_TYPE,AVALOQ_ORDER_ID,STATUS,FAILURE_MESSAGE,LAST_MODIFIED_DATE,LAST_MODIFIED_ID) values (505,null,'479116',null,null,null,null);
Insert into ONBOARDING_APPLICATION (ID,APPLICATION_TYPE,AVALOQ_ORDER_ID,STATUS,FAILURE_MESSAGE,LAST_MODIFIED_DATE,LAST_MODIFIED_ID) values (507,null,'479151',null,null,null,null);
Insert into ONBOARDING_APPLICATION (ID,APPLICATION_TYPE,AVALOQ_ORDER_ID,STATUS,FAILURE_MESSAGE,LAST_MODIFIED_DATE,LAST_MODIFIED_ID) values (18,null,null,'ApplicationCreationFailed','UI ERROR: Mandatory: Dealer Group',null,null);
Insert into ONBOARDING_APPLICATION (ID,APPLICATION_TYPE,AVALOQ_ORDER_ID,STATUS,FAILURE_MESSAGE,LAST_MODIFIED_DATE,LAST_MODIFIED_ID) values (25,null,null,'ApplicationCreationFailed','Session could not be opened',null,null);
Insert into ONBOARDING_APPLICATION (ID,APPLICATION_TYPE,AVALOQ_ORDER_ID,STATUS,FAILURE_MESSAGE,LAST_MODIFIED_DATE,LAST_MODIFIED_ID) values (32,null,'317759',null,null,null,null);
Insert into ONBOARDING_APPLICATION (ID,APPLICATION_TYPE,AVALOQ_ORDER_ID,STATUS,FAILURE_MESSAGE,LAST_MODIFIED_DATE,LAST_MODIFIED_ID) values (45,null,'318334','ApplicationCreationFailed','Session could not be opened',null,null);
Insert into ONBOARDING_APPLICATION (ID,APPLICATION_TYPE,AVALOQ_ORDER_ID,STATUS,FAILURE_MESSAGE,LAST_MODIFIED_DATE,LAST_MODIFIED_ID) values (46,null,'318346','ApplicationCreationFailed','Session could not be opened',null,null);
Insert into ONBOARDING_APPLICATION (ID,APPLICATION_TYPE,AVALOQ_ORDER_ID,STATUS,FAILURE_MESSAGE,LAST_MODIFIED_DATE,LAST_MODIFIED_ID) values (48,null,'318386',null,null,null,null);
Insert into ONBOARDING_APPLICATION (ID,APPLICATION_TYPE,AVALOQ_ORDER_ID,STATUS,FAILURE_MESSAGE,LAST_MODIFIED_DATE,LAST_MODIFIED_ID) values (49,null,null,'ApplicationCreationFailed','XML validation error of WebUI response: 6/19: Element not completed: ''person_list'' See: line: 6, column: 19',null,null);
Insert into ONBOARDING_APPLICATION (ID,APPLICATION_TYPE,AVALOQ_ORDER_ID,STATUS,FAILURE_MESSAGE,LAST_MODIFIED_DATE,LAST_MODIFIED_ID) values (50,null,'318408',null,null,null,null);
Insert into ONBOARDING_APPLICATION (ID,APPLICATION_TYPE,AVALOQ_ORDER_ID,STATUS,FAILURE_MESSAGE,LAST_MODIFIED_DATE,LAST_MODIFIED_ID) values (63,null,'318638',null,null,null,null);
Insert into ONBOARDING_APPLICATION (ID,APPLICATION_TYPE,AVALOQ_ORDER_ID,STATUS,FAILURE_MESSAGE,LAST_MODIFIED_DATE,LAST_MODIFIED_ID) values (67,null,'318703',null,null,null,null);
Insert into ONBOARDING_APPLICATION (ID,APPLICATION_TYPE,AVALOQ_ORDER_ID,STATUS,FAILURE_MESSAGE,LAST_MODIFIED_DATE,LAST_MODIFIED_ID) values (68,null,'318716',null,null,null,null);
Insert into ONBOARDING_APPLICATION (ID,APPLICATION_TYPE,AVALOQ_ORDER_ID,STATUS,FAILURE_MESSAGE,LAST_MODIFIED_DATE,LAST_MODIFIED_ID) values (69,null,'318729',null,null,null,null);
Insert into ONBOARDING_APPLICATION (ID,APPLICATION_TYPE,AVALOQ_ORDER_ID,STATUS,FAILURE_MESSAGE,LAST_MODIFIED_DATE,LAST_MODIFIED_ID) values (70,null,'318742',null,null,null,null);
Insert into ONBOARDING_APPLICATION (ID,APPLICATION_TYPE,AVALOQ_ORDER_ID,STATUS,FAILURE_MESSAGE,LAST_MODIFIED_DATE,LAST_MODIFIED_ID) values (71,null,'318755',null,null,null,null);
Insert into ONBOARDING_APPLICATION (ID,APPLICATION_TYPE,AVALOQ_ORDER_ID,STATUS,FAILURE_MESSAGE,LAST_MODIFIED_DATE,LAST_MODIFIED_ID) values (91,null,'319113',null,null,null,null);
Insert into ONBOARDING_APPLICATION (ID,APPLICATION_TYPE,AVALOQ_ORDER_ID,STATUS,FAILURE_MESSAGE,LAST_MODIFIED_DATE,LAST_MODIFIED_ID) values (106,null,null,'ApplicationCreationFailed','UI ERROR: At least 1 transaction authority must be attached.',null,null);
Insert into ONBOARDING_APPLICATION (ID,APPLICATION_TYPE,AVALOQ_ORDER_ID,STATUS,FAILURE_MESSAGE,LAST_MODIFIED_DATE,LAST_MODIFIED_ID) values (107,null,'319210','ApplicationCreationFailed','UI ERROR: At least 1 transaction authority must be attached.',null,null);
Insert into ONBOARDING_APPLICATION (ID,APPLICATION_TYPE,AVALOQ_ORDER_ID,STATUS,FAILURE_MESSAGE,LAST_MODIFIED_DATE,LAST_MODIFIED_ID) values (120,null,'407540',null,null,null,null);
Insert into ONBOARDING_APPLICATION (ID,APPLICATION_TYPE,AVALOQ_ORDER_ID,STATUS,FAILURE_MESSAGE,LAST_MODIFIED_DATE,LAST_MODIFIED_ID) values (123,null,'407622',null,null,null,null);
Insert into ONBOARDING_APPLICATION (ID,APPLICATION_TYPE,AVALOQ_ORDER_ID,STATUS,FAILURE_MESSAGE,LAST_MODIFIED_DATE,LAST_MODIFIED_ID) values (128,null,'407720',null,null,null,null);
Insert into ONBOARDING_APPLICATION (ID,APPLICATION_TYPE,AVALOQ_ORDER_ID,STATUS,FAILURE_MESSAGE,LAST_MODIFIED_DATE,LAST_MODIFIED_ID) values (129,null,'407735',null,null,null,null);
Insert into ONBOARDING_APPLICATION (ID,APPLICATION_TYPE,AVALOQ_ORDER_ID,STATUS,FAILURE_MESSAGE,LAST_MODIFIED_DATE,LAST_MODIFIED_ID) values (130,null,'410026',null,null,null,null);
Insert into ONBOARDING_APPLICATION (ID,APPLICATION_TYPE,AVALOQ_ORDER_ID,STATUS,FAILURE_MESSAGE,LAST_MODIFIED_DATE,LAST_MODIFIED_ID) values (131,null,null,'ApplicationCreationFailed','UI ERROR: Tariff 0.15: tariff exeeds the maximum allowed factor of 0.5.',null,null);
Insert into ONBOARDING_APPLICATION (ID,APPLICATION_TYPE,AVALOQ_ORDER_ID,STATUS,FAILURE_MESSAGE,LAST_MODIFIED_DATE,LAST_MODIFIED_ID) values (132,null,'407807',null,null,null,null);
Insert into ONBOARDING_APPLICATION (ID,APPLICATION_TYPE,AVALOQ_ORDER_ID,STATUS,FAILURE_MESSAGE,LAST_MODIFIED_DATE,LAST_MODIFIED_ID) values (138,null,'407927',null,null,null,null);
Insert into ONBOARDING_APPLICATION (ID,APPLICATION_TYPE,AVALOQ_ORDER_ID,STATUS,FAILURE_MESSAGE,LAST_MODIFIED_DATE,LAST_MODIFIED_ID) values (141,null,null,null,null,null,null);
Insert into ONBOARDING_APPLICATION (ID,APPLICATION_TYPE,AVALOQ_ORDER_ID,STATUS,FAILURE_MESSAGE,LAST_MODIFIED_DATE,LAST_MODIFIED_ID) values (143,null,'407999',null,null,null,null);
Insert into ONBOARDING_APPLICATION (ID,APPLICATION_TYPE,AVALOQ_ORDER_ID,STATUS,FAILURE_MESSAGE,LAST_MODIFIED_DATE,LAST_MODIFIED_ID) values (144,null,'408015',null,null,null,null);
Insert into ONBOARDING_APPLICATION (ID,APPLICATION_TYPE,AVALOQ_ORDER_ID,STATUS,FAILURE_MESSAGE,LAST_MODIFIED_DATE,LAST_MODIFIED_ID) values (145,null,null,'ApplicationCreationFailed','UI ERROR: Tariff 0.15: tariff exeeds the maximum allowed factor of 0.45.',null,null);
Insert into ONBOARDING_APPLICATION (ID,APPLICATION_TYPE,AVALOQ_ORDER_ID,STATUS,FAILURE_MESSAGE,LAST_MODIFIED_DATE,LAST_MODIFIED_ID) values (146,null,'408140',null,null,null,null);
Insert into ONBOARDING_APPLICATION (ID,APPLICATION_TYPE,AVALOQ_ORDER_ID,STATUS,FAILURE_MESSAGE,LAST_MODIFIED_DATE,LAST_MODIFIED_ID) values (149,null,null,'ApplicationCreationFailed','Session could not be opened',null,null);
Insert into ONBOARDING_APPLICATION (ID,APPLICATION_TYPE,AVALOQ_ORDER_ID,STATUS,FAILURE_MESSAGE,LAST_MODIFIED_DATE,LAST_MODIFIED_ID) values (150,null,'408177',null,null,null,null);
Insert into ONBOARDING_APPLICATION (ID,APPLICATION_TYPE,AVALOQ_ORDER_ID,STATUS,FAILURE_MESSAGE,LAST_MODIFIED_DATE,LAST_MODIFIED_ID) values (151,null,'408190',null,null,null,null);
Insert into ONBOARDING_APPLICATION (ID,APPLICATION_TYPE,AVALOQ_ORDER_ID,STATUS,FAILURE_MESSAGE,LAST_MODIFIED_DATE,LAST_MODIFIED_ID) values (152,null,null,'ApplicationCreationFailed','Technical Exception',null,null);
Insert into ONBOARDING_APPLICATION (ID,APPLICATION_TYPE,AVALOQ_ORDER_ID,STATUS,FAILURE_MESSAGE,LAST_MODIFIED_DATE,LAST_MODIFIED_ID) values (166,null,'409761','ApplicationCreationFailed','XML validation error of WebUI response: 6/19: Element not completed: ''person_list'' See: line: 6, column: 19',null,null);
Insert into ONBOARDING_APPLICATION (ID,APPLICATION_TYPE,AVALOQ_ORDER_ID,STATUS,FAILURE_MESSAGE,LAST_MODIFIED_DATE,LAST_MODIFIED_ID) values (188,null,'408302',null,null,null,null);
Insert into ONBOARDING_APPLICATION (ID,APPLICATION_TYPE,AVALOQ_ORDER_ID,STATUS,FAILURE_MESSAGE,LAST_MODIFIED_DATE,LAST_MODIFIED_ID) values (392,null,null,'ApplicationCreationFailed','UI ERROR: Non-resident TFN Exemption must be used if a Country of taxation is selected.',null,null);
Insert into ONBOARDING_APPLICATION (ID,APPLICATION_TYPE,AVALOQ_ORDER_ID,STATUS,FAILURE_MESSAGE,LAST_MODIFIED_DATE,LAST_MODIFIED_ID) values (407,null,'410820','ApplicationCreationFailed','Each person must have exactly 1 domicile address||Each person must have exactly 1 mailing address||Person must have exactly 1 primary mobile number||Person must have exactly 1 primary email address||',null,null);
Insert into ONBOARDING_APPLICATION (ID,APPLICATION_TYPE,AVALOQ_ORDER_ID,STATUS,FAILURE_MESSAGE,LAST_MODIFIED_DATE,LAST_MODIFIED_ID) values (418,null,'411059',null,null,null,null);
Insert into ONBOARDING_APPLICATION (ID,APPLICATION_TYPE,AVALOQ_ORDER_ID,STATUS,FAILURE_MESSAGE,LAST_MODIFIED_DATE,LAST_MODIFIED_ID) values (461,null,'478663','ApplicationCreationFailed','Technical Exception',null,null);
Insert into ONBOARDING_APPLICATION (ID,APPLICATION_TYPE,AVALOQ_ORDER_ID,STATUS,FAILURE_MESSAGE,LAST_MODIFIED_DATE,LAST_MODIFIED_ID) values (472,null,'478314','ApplicationCreationFailed','XML validation error of WebUI response: 6/19: Element not completed: ''person_list'' See: line: 6, column: 19',null,null);
Insert into ONBOARDING_APPLICATION (ID,APPLICATION_TYPE,AVALOQ_ORDER_ID,STATUS,FAILURE_MESSAGE,LAST_MODIFIED_DATE,LAST_MODIFIED_ID) values (477,null,'478444','ApplicationCreationFailed','Technical Exception',null,null);
Insert into ONBOARDING_APPLICATION (ID,APPLICATION_TYPE,AVALOQ_ORDER_ID,STATUS,FAILURE_MESSAGE,LAST_MODIFIED_DATE,LAST_MODIFIED_ID) values (478,null,'478462','ApplicationCreationFailed','Technical Exception',null,null);
Insert into ONBOARDING_APPLICATION (ID,APPLICATION_TYPE,AVALOQ_ORDER_ID,STATUS,FAILURE_MESSAGE,LAST_MODIFIED_DATE,LAST_MODIFIED_ID) values (479,null,'478476','ApplicationCreationFailed','Technical Exception',null,null);
Insert into ONBOARDING_APPLICATION (ID,APPLICATION_TYPE,AVALOQ_ORDER_ID,STATUS,FAILURE_MESSAGE,LAST_MODIFIED_DATE,LAST_MODIFIED_ID) values (489,null,null,'ApplicationCreationFailed','There must be exactly 1 primary contact person for an account.||Each person must have exactly 1 mailing address||Each person must have exactly 1 mailing address||',null,null);
Insert into ONBOARDING_APPLICATION (ID,APPLICATION_TYPE,AVALOQ_ORDER_ID,STATUS,FAILURE_MESSAGE,LAST_MODIFIED_DATE,LAST_MODIFIED_ID) values (492,null,'478745',null,null,null,null);
Insert into ONBOARDING_APPLICATION (ID,APPLICATION_TYPE,AVALOQ_ORDER_ID,STATUS,FAILURE_MESSAGE,LAST_MODIFIED_DATE,LAST_MODIFIED_ID) values (497,null,'478893',null,null,null,null);
Insert into ONBOARDING_APPLICATION (ID,APPLICATION_TYPE,AVALOQ_ORDER_ID,STATUS,FAILURE_MESSAGE,LAST_MODIFIED_DATE,LAST_MODIFIED_ID) values (498,null,'478956',null,null,null,null);
Insert into ONBOARDING_APPLICATION (ID,APPLICATION_TYPE,AVALOQ_ORDER_ID,STATUS,FAILURE_MESSAGE,LAST_MODIFIED_DATE,LAST_MODIFIED_ID) values (502,null,'479046',null,null,null,null);
Insert into ONBOARDING_APPLICATION (ID,APPLICATION_TYPE,AVALOQ_ORDER_ID,STATUS,FAILURE_MESSAGE,LAST_MODIFIED_DATE,LAST_MODIFIED_ID) values (503,null,'479059',null,null,null,null);
Insert into ONBOARDING_APPLICATION (ID,APPLICATION_TYPE,AVALOQ_ORDER_ID,STATUS,FAILURE_MESSAGE,LAST_MODIFIED_DATE,LAST_MODIFIED_ID) values (511,null,'479221',null,null,null,null);
Insert into ONBOARDING_APPLICATION (ID,APPLICATION_TYPE,AVALOQ_ORDER_ID,STATUS,FAILURE_MESSAGE,LAST_MODIFIED_DATE,LAST_MODIFIED_ID) values (19,null,'317177','ApplicationCreationFailed','Session could not be opened',null,null);
Insert into ONBOARDING_APPLICATION (ID,APPLICATION_TYPE,AVALOQ_ORDER_ID,STATUS,FAILURE_MESSAGE,LAST_MODIFIED_DATE,LAST_MODIFIED_ID) values (20,null,null,'ApplicationCreationFailed','UI ERROR: Tariff 0.15: tariff exeeds the maximum allowed factor of 0.2.',null,null);
Insert into ONBOARDING_APPLICATION (ID,APPLICATION_TYPE,AVALOQ_ORDER_ID,STATUS,FAILURE_MESSAGE,LAST_MODIFIED_DATE,LAST_MODIFIED_ID) values (21,null,null,'ApplicationCreationFailed','Session could not be opened',null,null);
Insert into ONBOARDING_APPLICATION (ID,APPLICATION_TYPE,AVALOQ_ORDER_ID,STATUS,FAILURE_MESSAGE,LAST_MODIFIED_DATE,LAST_MODIFIED_ID) values (22,null,'317294','ApplicationCreationFailed','Session could not be opened',null,null);
Insert into ONBOARDING_APPLICATION (ID,APPLICATION_TYPE,AVALOQ_ORDER_ID,STATUS,FAILURE_MESSAGE,LAST_MODIFIED_DATE,LAST_MODIFIED_ID) values (23,null,null,'ApplicationCreationFailed','Session could not be opened',null,null);
Insert into ONBOARDING_APPLICATION (ID,APPLICATION_TYPE,AVALOQ_ORDER_ID,STATUS,FAILURE_MESSAGE,LAST_MODIFIED_DATE,LAST_MODIFIED_ID) values (24,null,null,'ApplicationCreationFailed','Session could not be opened',null,null);
Insert into ONBOARDING_APPLICATION (ID,APPLICATION_TYPE,AVALOQ_ORDER_ID,STATUS,FAILURE_MESSAGE,LAST_MODIFIED_DATE,LAST_MODIFIED_ID) values (26,null,null,'ApplicationCreationFailed','Session could not be opened',null,null);
Insert into ONBOARDING_APPLICATION (ID,APPLICATION_TYPE,AVALOQ_ORDER_ID,STATUS,FAILURE_MESSAGE,LAST_MODIFIED_DATE,LAST_MODIFIED_ID) values (29,null,'317367',null,null,null,null);
Insert into ONBOARDING_APPLICATION (ID,APPLICATION_TYPE,AVALOQ_ORDER_ID,STATUS,FAILURE_MESSAGE,LAST_MODIFIED_DATE,LAST_MODIFIED_ID) values (30,null,'317402',null,null,null,null);
Insert into ONBOARDING_APPLICATION (ID,APPLICATION_TYPE,AVALOQ_ORDER_ID,STATUS,FAILURE_MESSAGE,LAST_MODIFIED_DATE,LAST_MODIFIED_ID) values (31,null,'317420','ApplicationCreationFailed','Session could not be opened',null,null);
Insert into ONBOARDING_APPLICATION (ID,APPLICATION_TYPE,AVALOQ_ORDER_ID,STATUS,FAILURE_MESSAGE,LAST_MODIFIED_DATE,LAST_MODIFIED_ID) values (41,null,null,null,null,null,null);
Insert into ONBOARDING_APPLICATION (ID,APPLICATION_TYPE,AVALOQ_ORDER_ID,STATUS,FAILURE_MESSAGE,LAST_MODIFIED_DATE,LAST_MODIFIED_ID) values (42,null,'317888',null,null,null,null);
Insert into ONBOARDING_APPLICATION (ID,APPLICATION_TYPE,AVALOQ_ORDER_ID,STATUS,FAILURE_MESSAGE,LAST_MODIFIED_DATE,LAST_MODIFIED_ID) values (56,null,null,'ApplicationCreationFailed','UI ERROR: Invalid E-Mail.',null,null);
Insert into ONBOARDING_APPLICATION (ID,APPLICATION_TYPE,AVALOQ_ORDER_ID,STATUS,FAILURE_MESSAGE,LAST_MODIFIED_DATE,LAST_MODIFIED_ID) values (57,null,'318516',null,null,null,null);
Insert into ONBOARDING_APPLICATION (ID,APPLICATION_TYPE,AVALOQ_ORDER_ID,STATUS,FAILURE_MESSAGE,LAST_MODIFIED_DATE,LAST_MODIFIED_ID) values (60,null,'318577',null,null,null,null);
Insert into ONBOARDING_APPLICATION (ID,APPLICATION_TYPE,AVALOQ_ORDER_ID,STATUS,FAILURE_MESSAGE,LAST_MODIFIED_DATE,LAST_MODIFIED_ID) values (81,null,'318970',null,null,null,null);
Insert into ONBOARDING_APPLICATION (ID,APPLICATION_TYPE,AVALOQ_ORDER_ID,STATUS,FAILURE_MESSAGE,LAST_MODIFIED_DATE,LAST_MODIFIED_ID) values (82,null,null,'ApplicationCreationFailed','Error handling. (14)',null,null);
Insert into ONBOARDING_APPLICATION (ID,APPLICATION_TYPE,AVALOQ_ORDER_ID,STATUS,FAILURE_MESSAGE,LAST_MODIFIED_DATE,LAST_MODIFIED_ID) values (92,null,'319132','ApplicationCreationFailed','Session could not be opened',null,null);
Insert into ONBOARDING_APPLICATION (ID,APPLICATION_TYPE,AVALOQ_ORDER_ID,STATUS,FAILURE_MESSAGE,LAST_MODIFIED_DATE,LAST_MODIFIED_ID) values (93,null,'319143',null,null,null,null);
Insert into ONBOARDING_APPLICATION (ID,APPLICATION_TYPE,AVALOQ_ORDER_ID,STATUS,FAILURE_MESSAGE,LAST_MODIFIED_DATE,LAST_MODIFIED_ID) values (112,null,'319249',null,null,null,null);
Insert into ONBOARDING_APPLICATION (ID,APPLICATION_TYPE,AVALOQ_ORDER_ID,STATUS,FAILURE_MESSAGE,LAST_MODIFIED_DATE,LAST_MODIFIED_ID) values (125,null,'407673',null,null,null,null);
Insert into ONBOARDING_APPLICATION (ID,APPLICATION_TYPE,AVALOQ_ORDER_ID,STATUS,FAILURE_MESSAGE,LAST_MODIFIED_DATE,LAST_MODIFIED_ID) values (134,null,'407858',null,null,null,null);
Insert into ONBOARDING_APPLICATION (ID,APPLICATION_TYPE,AVALOQ_ORDER_ID,STATUS,FAILURE_MESSAGE,LAST_MODIFIED_DATE,LAST_MODIFIED_ID) values (147,null,'408166',null,null,null,null);
Insert into ONBOARDING_APPLICATION (ID,APPLICATION_TYPE,AVALOQ_ORDER_ID,STATUS,FAILURE_MESSAGE,LAST_MODIFIED_DATE,LAST_MODIFIED_ID) values (164,null,null,'ApplicationCreationFailed','Technical Exception',null,null);
Insert into ONBOARDING_APPLICATION (ID,APPLICATION_TYPE,AVALOQ_ORDER_ID,STATUS,FAILURE_MESSAGE,LAST_MODIFIED_DATE,LAST_MODIFIED_ID) values (168,null,null,'ApplicationCreationFailed','Session could not be opened',null,null);
Insert into ONBOARDING_APPLICATION (ID,APPLICATION_TYPE,AVALOQ_ORDER_ID,STATUS,FAILURE_MESSAGE,LAST_MODIFIED_DATE,LAST_MODIFIED_ID) values (190,null,'408324',null,null,null,null);
Insert into ONBOARDING_APPLICATION (ID,APPLICATION_TYPE,AVALOQ_ORDER_ID,STATUS,FAILURE_MESSAGE,LAST_MODIFIED_DATE,LAST_MODIFIED_ID) values (223,null,'408423',null,null,null,null);
Insert into ONBOARDING_APPLICATION (ID,APPLICATION_TYPE,AVALOQ_ORDER_ID,STATUS,FAILURE_MESSAGE,LAST_MODIFIED_DATE,LAST_MODIFIED_ID) values (224,null,'408447',null,null,null,null);
Insert into ONBOARDING_APPLICATION (ID,APPLICATION_TYPE,AVALOQ_ORDER_ID,STATUS,FAILURE_MESSAGE,LAST_MODIFIED_DATE,LAST_MODIFIED_ID) values (228,null,'408610',null,null,null,null);
Insert into ONBOARDING_APPLICATION (ID,APPLICATION_TYPE,AVALOQ_ORDER_ID,STATUS,FAILURE_MESSAGE,LAST_MODIFIED_DATE,LAST_MODIFIED_ID) values (233,null,null,'ApplicationCreationFailed','UI ERROR: Invalid E-Mail.',null,null);
Insert into ONBOARDING_APPLICATION (ID,APPLICATION_TYPE,AVALOQ_ORDER_ID,STATUS,FAILURE_MESSAGE,LAST_MODIFIED_DATE,LAST_MODIFIED_ID) values (235,null,'408725',null,null,null,null);
Insert into ONBOARDING_APPLICATION (ID,APPLICATION_TYPE,AVALOQ_ORDER_ID,STATUS,FAILURE_MESSAGE,LAST_MODIFIED_DATE,LAST_MODIFIED_ID) values (238,null,'408754',null,null,null,null);
Insert into ONBOARDING_APPLICATION (ID,APPLICATION_TYPE,AVALOQ_ORDER_ID,STATUS,FAILURE_MESSAGE,LAST_MODIFIED_DATE,LAST_MODIFIED_ID) values (246,null,'408936',null,null,null,null);
Insert into ONBOARDING_APPLICATION (ID,APPLICATION_TYPE,AVALOQ_ORDER_ID,STATUS,FAILURE_MESSAGE,LAST_MODIFIED_DATE,LAST_MODIFIED_ID) values (257,null,'409135',null,null,null,null);
Insert into ONBOARDING_APPLICATION (ID,APPLICATION_TYPE,AVALOQ_ORDER_ID,STATUS,FAILURE_MESSAGE,LAST_MODIFIED_DATE,LAST_MODIFIED_ID) values (260,null,'409341',null,null,null,null);
Insert into ONBOARDING_APPLICATION (ID,APPLICATION_TYPE,AVALOQ_ORDER_ID,STATUS,FAILURE_MESSAGE,LAST_MODIFIED_DATE,LAST_MODIFIED_ID) values (363,null,'409837',null,null,null,null);
Insert into ONBOARDING_APPLICATION (ID,APPLICATION_TYPE,AVALOQ_ORDER_ID,STATUS,FAILURE_MESSAGE,LAST_MODIFIED_DATE,LAST_MODIFIED_ID) values (364,null,'409850',null,null,null,null);
Insert into ONBOARDING_APPLICATION (ID,APPLICATION_TYPE,AVALOQ_ORDER_ID,STATUS,FAILURE_MESSAGE,LAST_MODIFIED_DATE,LAST_MODIFIED_ID) values (371,null,'409918',null,null,null,null);
Insert into ONBOARDING_APPLICATION (ID,APPLICATION_TYPE,AVALOQ_ORDER_ID,STATUS,FAILURE_MESSAGE,LAST_MODIFIED_DATE,LAST_MODIFIED_ID) values (374,null,'409986',null,null,null,null);
Insert into ONBOARDING_APPLICATION (ID,APPLICATION_TYPE,AVALOQ_ORDER_ID,STATUS,FAILURE_MESSAGE,LAST_MODIFIED_DATE,LAST_MODIFIED_ID) values (378,null,'410146',null,null,null,null);
Insert into ONBOARDING_APPLICATION (ID,APPLICATION_TYPE,AVALOQ_ORDER_ID,STATUS,FAILURE_MESSAGE,LAST_MODIFIED_DATE,LAST_MODIFIED_ID) values (382,null,'410210',null,null,null,null);
Insert into ONBOARDING_APPLICATION (ID,APPLICATION_TYPE,AVALOQ_ORDER_ID,STATUS,FAILURE_MESSAGE,LAST_MODIFIED_DATE,LAST_MODIFIED_ID) values (411,null,'410899',null,null,null,null);
Insert into ONBOARDING_APPLICATION (ID,APPLICATION_TYPE,AVALOQ_ORDER_ID,STATUS,FAILURE_MESSAGE,LAST_MODIFIED_DATE,LAST_MODIFIED_ID) values (506,null,null,'ApplicationCreationFailed','UI ERROR: Non-resident TFN Exemption must be used if a Country of taxation is selected.',null,null);
REM INSERTING into ONBOARDING_COMMUNICATION
SET DEFINE OFF;
Insert into ONBOARDING_COMMUNICATION (COMMUNICATION_ID,ONBOARDING_APPLICATION_ID,GCM_PAN,STATUS,EMAIL_ADDRESS,COMMUNICATION_INITIATION_TIME,LAST_MODIFIED_DATE,LAST_MODIFIED_ID,TRACKING_ID,CREATED_DATE,FAILURE_MESSAGE) values ('1',132,'217145056','HardBounce','jalal@mughalsrule.com.au',to_timestamp('23/DEC/14 10:49:04.000000000 AM','DD/MON/RR HH12:MI:SSXFF AM'),null,null,null,to_timestamp('23/DEC/14 10:49:04.000000000 AM','DD/MON/RR HH12:MI:SSXFF AM'),null);
Insert into ONBOARDING_COMMUNICATION (COMMUNICATION_ID,ONBOARDING_APPLICATION_ID,GCM_PAN,STATUS,EMAIL_ADDRESS,COMMUNICATION_INITIATION_TIME,LAST_MODIFIED_DATE,LAST_MODIFIED_ID,TRACKING_ID,CREATED_DATE,FAILURE_MESSAGE) values ('2',132,'217145057','Replied','rahimchacha@lagaan.com.au',to_timestamp('23/DEC/14 10:50:31.000000000 AM','DD/MON/RR HH12:MI:SSXFF AM'),null,null,null,to_timestamp('23/DEC/14 10:50:31.000000000 AM','DD/MON/RR HH12:MI:SSXFF AM'),null);
Insert into ONBOARDING_COMMUNICATION (COMMUNICATION_ID,ONBOARDING_APPLICATION_ID,GCM_PAN,STATUS,EMAIL_ADDRESS,COMMUNICATION_INITIATION_TIME,LAST_MODIFIED_DATE,LAST_MODIFIED_ID,TRACKING_ID,CREATED_DATE,FAILURE_MESSAGE) values ('3',147,'217145075','HardBounce','atalbabu@mail.com',to_timestamp('23/DEC/14 06:13:02.000000000 PM','DD/MON/RR HH12:MI:SSXFF AM'),null,null,null,to_timestamp('23/DEC/14 06:13:02.000000000 PM','DD/MON/RR HH12:MI:SSXFF AM'),null);
Insert into ONBOARDING_COMMUNICATION (COMMUNICATION_ID,ONBOARDING_APPLICATION_ID,GCM_PAN,STATUS,EMAIL_ADDRESS,COMMUNICATION_INITIATION_TIME,LAST_MODIFIED_DATE,LAST_MODIFIED_ID,TRACKING_ID,CREATED_DATE,FAILURE_MESSAGE) values ('4',146,'217145073','Replied','abhaydeol@mail.com',to_timestamp('23/DEC/14 06:14:00.000000000 PM','DD/MON/RR HH12:MI:SSXFF AM'),null,null,null,to_timestamp('23/DEC/14 06:14:00.000000000 PM','DD/MON/RR HH12:MI:SSXFF AM'),null);
Insert into ONBOARDING_COMMUNICATION (COMMUNICATION_ID,ONBOARDING_APPLICATION_ID,GCM_PAN,STATUS,EMAIL_ADDRESS,COMMUNICATION_INITIATION_TIME,LAST_MODIFIED_DATE,LAST_MODIFIED_ID,TRACKING_ID,CREATED_DATE,FAILURE_MESSAGE) values ('5',195,'217145089','Replied','km@tt.com',to_timestamp('24/DEC/14 10:55:29.000000000 AM','DD/MON/RR HH12:MI:SSXFF AM'),null,null,null,to_timestamp('24/DEC/14 10:55:29.000000000 AM','DD/MON/RR HH12:MI:SSXFF AM'),null);
Insert into ONBOARDING_COMMUNICATION (COMMUNICATION_ID,ONBOARDING_APPLICATION_ID,GCM_PAN,STATUS,EMAIL_ADDRESS,COMMUNICATION_INITIATION_TIME,LAST_MODIFIED_DATE,LAST_MODIFIED_ID,TRACKING_ID,CREATED_DATE,FAILURE_MESSAGE) values ('6',195,'217145088','HardBounce','mk.gandhi@tt.com',to_timestamp('24/DEC/14 10:57:00.000000000 AM','DD/MON/RR HH12:MI:SSXFF AM'),null,null,null,to_timestamp('24/DEC/14 10:57:00.000000000 AM','DD/MON/RR HH12:MI:SSXFF AM'),null);
Insert into ONBOARDING_COMMUNICATION (COMMUNICATION_ID,ONBOARDING_APPLICATION_ID,GCM_PAN,STATUS,EMAIL_ADDRESS,COMMUNICATION_INITIATION_TIME,LAST_MODIFIED_DATE,LAST_MODIFIED_ID,TRACKING_ID,CREATED_DATE,FAILURE_MESSAGE) values ('NG-001.314a7322-bc88-4d45-9b8b-a9874aa941931',363,'217145206','Processed','karuneshkhattar@mail.com',to_timestamp('12/JAN/15 11:24:23.000000000 AM','DD/MON/RR HH12:MI:SSXFF AM'),null,null,null,to_timestamp('12/JAN/15 11:28:03.334643000 AM','DD/MON/RR HH12:MI:SSXFF AM'),null);
Insert into ONBOARDING_COMMUNICATION (COMMUNICATION_ID,ONBOARDING_APPLICATION_ID,GCM_PAN,STATUS,EMAIL_ADDRESS,COMMUNICATION_INITIATION_TIME,LAST_MODIFIED_DATE,LAST_MODIFIED_ID,TRACKING_ID,CREATED_DATE,FAILURE_MESSAGE) values ('NG-001.d937abab-f2f8-4d7a-af23-1f87437c2e491',374,'217145217','Processed','chrishemsworth@mail.com',to_timestamp('12/JAN/15 03:09:28.000000000 PM','DD/MON/RR HH12:MI:SSXFF AM'),null,null,null,to_timestamp('12/JAN/15 03:09:58.088117000 PM','DD/MON/RR HH12:MI:SSXFF AM'),null);
Insert into ONBOARDING_COMMUNICATION (COMMUNICATION_ID,ONBOARDING_APPLICATION_ID,GCM_PAN,STATUS,EMAIL_ADDRESS,COMMUNICATION_INITIATION_TIME,LAST_MODIFIED_DATE,LAST_MODIFIED_ID,TRACKING_ID,CREATED_DATE,FAILURE_MESSAGE) values ('NG-001.24a2f3b1-1c65-40ca-9821-034848f10fd0',374,'217145218','Processed','liamhemsworth@mail.com',to_timestamp('12/JAN/15 03:09:28.000000000 PM','DD/MON/RR HH12:MI:SSXFF AM'),null,null,null,to_timestamp('12/JAN/15 03:10:04.372299000 PM','DD/MON/RR HH12:MI:SSXFF AM'),null);
Insert into ONBOARDING_COMMUNICATION (COMMUNICATION_ID,ONBOARDING_APPLICATION_ID,GCM_PAN,STATUS,EMAIL_ADDRESS,COMMUNICATION_INITIATION_TIME,LAST_MODIFIED_DATE,LAST_MODIFIED_ID,TRACKING_ID,CREATED_DATE,FAILURE_MESSAGE) values ('NG-001.854ed688-c3dd-498b-812f-3092271d21be1',375,'217145222','Processed','viraatkohli@mail.com',to_timestamp('12/JAN/15 03:51:35.000000000 PM','DD/MON/RR HH12:MI:SSXFF AM'),null,null,null,to_timestamp('12/JAN/15 03:51:54.399063000 PM','DD/MON/RR HH12:MI:SSXFF AM'),null);
Insert into ONBOARDING_COMMUNICATION (COMMUNICATION_ID,ONBOARDING_APPLICATION_ID,GCM_PAN,STATUS,EMAIL_ADDRESS,COMMUNICATION_INITIATION_TIME,LAST_MODIFIED_DATE,LAST_MODIFIED_ID,TRACKING_ID,CREATED_DATE,FAILURE_MESSAGE) values ('NG-001.7fc925c2-8d01-4719-8bdc-01fef410bb831',379,'217145228','Processed','alvi@mail.com',to_timestamp('13/JAN/15 08:50:57.000000000 AM','DD/MON/RR HH12:MI:SSXFF AM'),null,null,null,to_timestamp('13/JAN/15 08:51:32.807698000 AM','DD/MON/RR HH12:MI:SSXFF AM'),null);
Insert into ONBOARDING_COMMUNICATION (COMMUNICATION_ID,ONBOARDING_APPLICATION_ID,GCM_PAN,STATUS,EMAIL_ADDRESS,COMMUNICATION_INITIATION_TIME,LAST_MODIFIED_DATE,LAST_MODIFIED_ID,TRACKING_ID,CREATED_DATE,FAILURE_MESSAGE) values ('NG-001.a147aa16-6d53-453d-a11c-f68e9f32a554',379,'217145229','Processed','applicant2@mail.com',to_timestamp('13/JAN/15 08:50:57.000000000 AM','DD/MON/RR HH12:MI:SSXFF AM'),null,null,null,to_timestamp('13/JAN/15 08:51:32.862303000 AM','DD/MON/RR HH12:MI:SSXFF AM'),null);
Insert into ONBOARDING_COMMUNICATION (COMMUNICATION_ID,ONBOARDING_APPLICATION_ID,GCM_PAN,STATUS,EMAIL_ADDRESS,COMMUNICATION_INITIATION_TIME,LAST_MODIFIED_DATE,LAST_MODIFIED_ID,TRACKING_ID,CREATED_DATE,FAILURE_MESSAGE) values ('NG-001.89b157ac-9c42-4903-8447-f15bb5a8298f',379,'217145230','Processed','applicant3@mail.com',to_timestamp('13/JAN/15 08:50:57.000000000 AM','DD/MON/RR HH12:MI:SSXFF AM'),null,null,null,to_timestamp('13/JAN/15 08:51:38.934206000 AM','DD/MON/RR HH12:MI:SSXFF AM'),null);
Insert into ONBOARDING_COMMUNICATION (COMMUNICATION_ID,ONBOARDING_APPLICATION_ID,GCM_PAN,STATUS,EMAIL_ADDRESS,COMMUNICATION_INITIATION_TIME,LAST_MODIFIED_DATE,LAST_MODIFIED_ID,TRACKING_ID,CREATED_DATE,FAILURE_MESSAGE) values ('NG-001.588b4113-000c-4378-aafd-092c50fd762a1',401,'217145267','Processed','ab@mailinator.com',to_timestamp('13/JAN/15 03:14:15.000000000 PM','DD/MON/RR HH12:MI:SSXFF AM'),null,null,null,to_timestamp('13/JAN/15 03:14:39.875916000 PM','DD/MON/RR HH12:MI:SSXFF AM'),null);
Insert into ONBOARDING_COMMUNICATION (COMMUNICATION_ID,ONBOARDING_APPLICATION_ID,GCM_PAN,STATUS,EMAIL_ADDRESS,COMMUNICATION_INITIATION_TIME,LAST_MODIFIED_DATE,LAST_MODIFIED_ID,TRACKING_ID,CREATED_DATE,FAILURE_MESSAGE) values ('NG-001.18ad1686-da4a-4501-8498-e9e3879c0d851',408,'217145283','Processed','btest@mail.com',to_timestamp('14/JAN/15 10:24:17.000000000 AM','DD/MON/RR HH12:MI:SSXFF AM'),null,null,null,to_timestamp('14/JAN/15 10:24:54.949786000 AM','DD/MON/RR HH12:MI:SSXFF AM'),null);
Insert into ONBOARDING_COMMUNICATION (COMMUNICATION_ID,ONBOARDING_APPLICATION_ID,GCM_PAN,STATUS,EMAIL_ADDRESS,COMMUNICATION_INITIATION_TIME,LAST_MODIFIED_DATE,LAST_MODIFIED_ID,TRACKING_ID,CREATED_DATE,FAILURE_MESSAGE) values ('NG-001.9e0f6c84-5d85-4a41-b825-c6b4ece28a01',408,'217145285','Processed','dtest@mail.com',to_timestamp('14/JAN/15 10:24:17.000000000 AM','DD/MON/RR HH12:MI:SSXFF AM'),null,null,null,to_timestamp('14/JAN/15 10:25:00.394057000 AM','DD/MON/RR HH12:MI:SSXFF AM'),null);
Insert into ONBOARDING_COMMUNICATION (COMMUNICATION_ID,ONBOARDING_APPLICATION_ID,GCM_PAN,STATUS,EMAIL_ADDRESS,COMMUNICATION_INITIATION_TIME,LAST_MODIFIED_DATE,LAST_MODIFIED_ID,TRACKING_ID,CREATED_DATE,FAILURE_MESSAGE) values ('NG-001.ca858a9d-ccf7-44d1-83de-305e832edbfa',411,'217145287','Processed','snehahasan@mail.com',to_timestamp('14/JAN/15 11:13:30.000000000 AM','DD/MON/RR HH12:MI:SSXFF AM'),null,null,null,to_timestamp('14/JAN/15 11:14:20.443833000 AM','DD/MON/RR HH12:MI:SSXFF AM'),null);
Insert into ONBOARDING_COMMUNICATION (COMMUNICATION_ID,ONBOARDING_APPLICATION_ID,GCM_PAN,STATUS,EMAIL_ADDRESS,COMMUNICATION_INITIATION_TIME,LAST_MODIFIED_DATE,LAST_MODIFIED_ID,TRACKING_ID,CREATED_DATE,FAILURE_MESSAGE) values ('NG-001.25901669-27b0-4637-ab4d-5c0ea4c6d2a81',511,'217160175','Processed','biqawuzoja@yahoo.com',to_timestamp('21/JAN/15 02:34:07.000000000 PM','DD/MON/RR HH12:MI:SSXFF AM'),null,null,null,to_timestamp('21/JAN/15 02:34:35.121939000 PM','DD/MON/RR HH12:MI:SSXFF AM'),null);
Insert into ONBOARDING_COMMUNICATION (COMMUNICATION_ID,ONBOARDING_APPLICATION_ID,GCM_PAN,STATUS,EMAIL_ADDRESS,COMMUNICATION_INITIATION_TIME,LAST_MODIFIED_DATE,LAST_MODIFIED_ID,TRACKING_ID,CREATED_DATE,FAILURE_MESSAGE) values ('NG-001.c73d8a94-c770-48a7-8886-1970a00b388b1',377,'217145225','Processed','alvi@mail.com',to_timestamp('12/JAN/15 04:14:11.000000000 PM','DD/MON/RR HH12:MI:SSXFF AM'),null,null,null,to_timestamp('12/JAN/15 04:14:38.464672000 PM','DD/MON/RR HH12:MI:SSXFF AM'),null);
Insert into ONBOARDING_COMMUNICATION (COMMUNICATION_ID,ONBOARDING_APPLICATION_ID,GCM_PAN,STATUS,EMAIL_ADDRESS,COMMUNICATION_INITIATION_TIME,LAST_MODIFIED_DATE,LAST_MODIFIED_ID,TRACKING_ID,CREATED_DATE,FAILURE_MESSAGE) values ('NG-001.3f335dd3-faf5-4d65-9ced-26a59f1598ac',377,'217145226','Processed','applicant2@mail.com',to_timestamp('12/JAN/15 04:14:11.000000000 PM','DD/MON/RR HH12:MI:SSXFF AM'),null,null,null,to_timestamp('12/JAN/15 04:14:43.207635000 PM','DD/MON/RR HH12:MI:SSXFF AM'),null);
Insert into ONBOARDING_COMMUNICATION (COMMUNICATION_ID,ONBOARDING_APPLICATION_ID,GCM_PAN,STATUS,EMAIL_ADDRESS,COMMUNICATION_INITIATION_TIME,LAST_MODIFIED_DATE,LAST_MODIFIED_ID,TRACKING_ID,CREATED_DATE,FAILURE_MESSAGE) values ('NG-001.9c492c54-8731-428f-95fc-3eff461090d1',395,'217145256','Processed','xiao.yu@tekken.com',to_timestamp('13/JAN/15 11:56:02.000000000 AM','DD/MON/RR HH12:MI:SSXFF AM'),null,null,null,to_timestamp('13/JAN/15 11:56:52.409524000 AM','DD/MON/RR HH12:MI:SSXFF AM'),null);
Insert into ONBOARDING_COMMUNICATION (COMMUNICATION_ID,ONBOARDING_APPLICATION_ID,GCM_PAN,STATUS,EMAIL_ADDRESS,COMMUNICATION_INITIATION_TIME,LAST_MODIFIED_DATE,LAST_MODIFIED_ID,TRACKING_ID,CREATED_DATE,FAILURE_MESSAGE) values ('NG-001.c8ca0f40-3eae-4c8b-8800-d31f0e337a781',395,'217145255','Processed','eddie.gordo@tekken.com',to_timestamp('13/JAN/15 11:56:02.000000000 AM','DD/MON/RR HH12:MI:SSXFF AM'),null,null,null,to_timestamp('13/JAN/15 11:56:52.739644000 AM','DD/MON/RR HH12:MI:SSXFF AM'),null);
Insert into ONBOARDING_COMMUNICATION (COMMUNICATION_ID,ONBOARDING_APPLICATION_ID,GCM_PAN,STATUS,EMAIL_ADDRESS,COMMUNICATION_INITIATION_TIME,LAST_MODIFIED_DATE,LAST_MODIFIED_ID,TRACKING_ID,CREATED_DATE,FAILURE_MESSAGE) values ('NG-001.23b6a164-5fb1-4d5b-bc20-993e866377d5',395,'217145257','Processed','paul.phoenix@tekken.com',to_timestamp('13/JAN/15 11:56:02.000000000 AM','DD/MON/RR HH12:MI:SSXFF AM'),null,null,null,to_timestamp('13/JAN/15 11:56:59.188946000 AM','DD/MON/RR HH12:MI:SSXFF AM'),null);
Insert into ONBOARDING_COMMUNICATION (COMMUNICATION_ID,ONBOARDING_APPLICATION_ID,GCM_PAN,STATUS,EMAIL_ADDRESS,COMMUNICATION_INITIATION_TIME,LAST_MODIFIED_DATE,LAST_MODIFIED_ID,TRACKING_ID,CREATED_DATE,FAILURE_MESSAGE) values ('NG-001.c77551e6-9be2-41dd-b3e7-eb5cfc27234b',399,'217145262','Processed','black@ranger.com',to_timestamp('13/JAN/15 02:24:35.000000000 PM','DD/MON/RR HH12:MI:SSXFF AM'),null,null,null,to_timestamp('13/JAN/15 02:25:34.898405000 PM','DD/MON/RR HH12:MI:SSXFF AM'),null);
Insert into ONBOARDING_COMMUNICATION (COMMUNICATION_ID,ONBOARDING_APPLICATION_ID,GCM_PAN,STATUS,EMAIL_ADDRESS,COMMUNICATION_INITIATION_TIME,LAST_MODIFIED_DATE,LAST_MODIFIED_ID,TRACKING_ID,CREATED_DATE,FAILURE_MESSAGE) values ('NG-001.7a0b1871-5a29-46d9-8fbc-2d1d2e59d3291',399,'217145261','HardBounce','red@ranger.com',to_timestamp('13/JAN/15 02:24:35.000000000 PM','DD/MON/RR HH12:MI:SSXFF AM'),null,null,null,to_timestamp('13/JAN/15 02:25:35.056165000 PM','DD/MON/RR HH12:MI:SSXFF AM'),null);
Insert into ONBOARDING_COMMUNICATION (COMMUNICATION_ID,ONBOARDING_APPLICATION_ID,GCM_PAN,STATUS,EMAIL_ADDRESS,COMMUNICATION_INITIATION_TIME,LAST_MODIFIED_DATE,LAST_MODIFIED_ID,TRACKING_ID,CREATED_DATE,FAILURE_MESSAGE) values ('NG-001.bc9e61f1-db61-46f0-89bf-16e1324a5a23',399,'217145264','Processed','yellow@ranger.com',to_timestamp('13/JAN/15 02:24:35.000000000 PM','DD/MON/RR HH12:MI:SSXFF AM'),null,null,null,to_timestamp('13/JAN/15 02:25:41.439916000 PM','DD/MON/RR HH12:MI:SSXFF AM'),null);
Insert into ONBOARDING_COMMUNICATION (COMMUNICATION_ID,ONBOARDING_APPLICATION_ID,GCM_PAN,STATUS,EMAIL_ADDRESS,COMMUNICATION_INITIATION_TIME,LAST_MODIFIED_DATE,LAST_MODIFIED_ID,TRACKING_ID,CREATED_DATE,FAILURE_MESSAGE) values ('NG-001.e09d48e6-d15d-4303-b4b6-633ab9ef6fd6',399,'217145263','Processed','blue@ranger.com',to_timestamp('13/JAN/15 02:24:35.000000000 PM','DD/MON/RR HH12:MI:SSXFF AM'),null,null,null,to_timestamp('13/JAN/15 02:25:41.790344000 PM','DD/MON/RR HH12:MI:SSXFF AM'),null);
Insert into ONBOARDING_COMMUNICATION (COMMUNICATION_ID,ONBOARDING_APPLICATION_ID,GCM_PAN,STATUS,EMAIL_ADDRESS,COMMUNICATION_INITIATION_TIME,LAST_MODIFIED_DATE,LAST_MODIFIED_ID,TRACKING_ID,CREATED_DATE,FAILURE_MESSAGE) values ('NG-001.9d6c85a6-b893-409b-b57e-5cfe1c71f06c',399,'217145265','Processed','pink@ranger.com',to_timestamp('13/JAN/15 02:24:35.000000000 PM','DD/MON/RR HH12:MI:SSXFF AM'),null,null,null,to_timestamp('13/JAN/15 02:25:48.104539000 PM','DD/MON/RR HH12:MI:SSXFF AM'),null);
Insert into ONBOARDING_COMMUNICATION (COMMUNICATION_ID,ONBOARDING_APPLICATION_ID,GCM_PAN,STATUS,EMAIL_ADDRESS,COMMUNICATION_INITIATION_TIME,LAST_MODIFIED_DATE,LAST_MODIFIED_ID,TRACKING_ID,CREATED_DATE,FAILURE_MESSAGE) values ('NG-001.19c12a20-1077-4f57-996e-63c9239b18031',400,'217145266','Processed','nicholascage@mail.com',to_timestamp('13/JAN/15 02:28:06.000000000 PM','DD/MON/RR HH12:MI:SSXFF AM'),null,null,null,to_timestamp('13/JAN/15 02:28:27.660681000 PM','DD/MON/RR HH12:MI:SSXFF AM'),null);
Insert into ONBOARDING_COMMUNICATION (COMMUNICATION_ID,ONBOARDING_APPLICATION_ID,GCM_PAN,STATUS,EMAIL_ADDRESS,COMMUNICATION_INITIATION_TIME,LAST_MODIFIED_DATE,LAST_MODIFIED_ID,TRACKING_ID,CREATED_DATE,FAILURE_MESSAGE) values ('NG-001.4370fc89-fe29-47c7-9d32-ce2a18625a261',498,'217160158','Processed','yaminigautham@mail.com',to_timestamp('20/JAN/15 11:30:20.000000000 AM','DD/MON/RR HH12:MI:SSXFF AM'),null,null,null,to_timestamp('20/JAN/15 11:30:37.916021000 AM','DD/MON/RR HH12:MI:SSXFF AM'),null);
Insert into ONBOARDING_COMMUNICATION (COMMUNICATION_ID,ONBOARDING_APPLICATION_ID,GCM_PAN,STATUS,EMAIL_ADDRESS,COMMUNICATION_INITIATION_TIME,LAST_MODIFIED_DATE,LAST_MODIFIED_ID,TRACKING_ID,CREATED_DATE,FAILURE_MESSAGE) values ('NG-001.8119269a-78a8-433a-b9d0-98e87413c80d1',505,'217160167','Processed','alvi@mail.com',to_timestamp('21/JAN/15 09:21:33.000000000 AM','DD/MON/RR HH12:MI:SSXFF AM'),null,null,null,to_timestamp('21/JAN/15 09:21:54.271539000 AM','DD/MON/RR HH12:MI:SSXFF AM'),null);
Insert into ONBOARDING_COMMUNICATION (COMMUNICATION_ID,ONBOARDING_APPLICATION_ID,GCM_PAN,STATUS,EMAIL_ADDRESS,COMMUNICATION_INITIATION_TIME,LAST_MODIFIED_DATE,LAST_MODIFIED_ID,TRACKING_ID,CREATED_DATE,FAILURE_MESSAGE) values ('NG-001.fe0103da-3302-4179-82c6-1813121bc6841',367,'217145211','Processed','mradulmaheshwari@mail.com',to_timestamp('12/JAN/15 11:44:44.000000000 AM','DD/MON/RR HH12:MI:SSXFF AM'),null,null,null,to_timestamp('12/JAN/15 11:45:08.783186000 AM','DD/MON/RR HH12:MI:SSXFF AM'),null);
Insert into ONBOARDING_COMMUNICATION (COMMUNICATION_ID,ONBOARDING_APPLICATION_ID,GCM_PAN,STATUS,EMAIL_ADDRESS,COMMUNICATION_INITIATION_TIME,LAST_MODIFIED_DATE,LAST_MODIFIED_ID,TRACKING_ID,CREATED_DATE,FAILURE_MESSAGE) values ('NG-001.94c8c16f-f7fb-451f-845b-462b5e4494e61',380,'217145231','Processed','boardtest@mail.com',to_timestamp('13/JAN/15 09:28:40.000000000 AM','DD/MON/RR HH12:MI:SSXFF AM'),null,null,null,to_timestamp('13/JAN/15 09:29:04.487640000 AM','DD/MON/RR HH12:MI:SSXFF AM'),null);
Insert into ONBOARDING_COMMUNICATION (COMMUNICATION_ID,ONBOARDING_APPLICATION_ID,GCM_PAN,STATUS,EMAIL_ADDRESS,COMMUNICATION_INITIATION_TIME,LAST_MODIFIED_DATE,LAST_MODIFIED_ID,TRACKING_ID,CREATED_DATE,FAILURE_MESSAGE) values ('NG-001.583c6850-d02b-4364-9dae-8f55283ba1e71',412,'217145289','Processed','ann-marie@mail.com',to_timestamp('14/JAN/15 11:26:18.000000000 AM','DD/MON/RR HH12:MI:SSXFF AM'),null,null,null,to_timestamp('14/JAN/15 11:27:04.224744000 AM','DD/MON/RR HH12:MI:SSXFF AM'),null);
Insert into ONBOARDING_COMMUNICATION (COMMUNICATION_ID,ONBOARDING_APPLICATION_ID,GCM_PAN,STATUS,EMAIL_ADDRESS,COMMUNICATION_INITIATION_TIME,LAST_MODIFIED_DATE,LAST_MODIFIED_ID,TRACKING_ID,CREATED_DATE,FAILURE_MESSAGE) values ('NG-001.f665f038-c26f-4eda-83ea-44708b74a019',412,'217145290','Processed','almaconstance@mail.com',to_timestamp('14/JAN/15 11:26:18.000000000 AM','DD/MON/RR HH12:MI:SSXFF AM'),null,null,null,to_timestamp('14/JAN/15 11:27:04.852472000 AM','DD/MON/RR HH12:MI:SSXFF AM'),null);
Insert into ONBOARDING_COMMUNICATION (COMMUNICATION_ID,ONBOARDING_APPLICATION_ID,GCM_PAN,STATUS,EMAIL_ADDRESS,COMMUNICATION_INITIATION_TIME,LAST_MODIFIED_DATE,LAST_MODIFIED_ID,TRACKING_ID,CREATED_DATE,FAILURE_MESSAGE) values ('NG-001.fa32b0b2-5e93-4509-8abc-0be6e434ee75',412,'217145291','Processed','vandegeer@mail.com',to_timestamp('14/JAN/15 11:26:18.000000000 AM','DD/MON/RR HH12:MI:SSXFF AM'),null,null,null,to_timestamp('14/JAN/15 11:27:11.644318000 AM','DD/MON/RR HH12:MI:SSXFF AM'),null);
Insert into ONBOARDING_COMMUNICATION (COMMUNICATION_ID,ONBOARDING_APPLICATION_ID,GCM_PAN,STATUS,EMAIL_ADDRESS,COMMUNICATION_INITIATION_TIME,LAST_MODIFIED_DATE,LAST_MODIFIED_ID,TRACKING_ID,CREATED_DATE,FAILURE_MESSAGE) values ('NG-001.35517fb1-6929-4ad7-a05e-f502cc6096d31',371,'217145213','Processed','alvi@mail.com',to_timestamp('12/JAN/15 02:03:54.000000000 PM','DD/MON/RR HH12:MI:SSXFF AM'),null,null,null,to_timestamp('12/JAN/15 02:04:45.686792000 PM','DD/MON/RR HH12:MI:SSXFF AM'),null);
Insert into ONBOARDING_COMMUNICATION (COMMUNICATION_ID,ONBOARDING_APPLICATION_ID,GCM_PAN,STATUS,EMAIL_ADDRESS,COMMUNICATION_INITIATION_TIME,LAST_MODIFIED_DATE,LAST_MODIFIED_ID,TRACKING_ID,CREATED_DATE,FAILURE_MESSAGE) values ('NG-001.b234e34f-77a3-4cf8-b726-1ce16f689c6c',371,'217145214','Processed','applicant2@mail.com',to_timestamp('12/JAN/15 02:03:54.000000000 PM','DD/MON/RR HH12:MI:SSXFF AM'),null,null,null,to_timestamp('12/JAN/15 02:04:52.954948000 PM','DD/MON/RR HH12:MI:SSXFF AM'),null);
Insert into ONBOARDING_COMMUNICATION (COMMUNICATION_ID,ONBOARDING_APPLICATION_ID,GCM_PAN,STATUS,EMAIL_ADDRESS,COMMUNICATION_INITIATION_TIME,LAST_MODIFIED_DATE,LAST_MODIFIED_ID,TRACKING_ID,CREATED_DATE,FAILURE_MESSAGE) values ('NG-001.d3a89ac6-4ee9-4814-85f6-208a0a06bc05',385,'217145236','Processed','adebayo@mailinator.com',to_timestamp('13/JAN/15 11:02:33.000000000 AM','DD/MON/RR HH12:MI:SSXFF AM'),null,null,null,to_timestamp('13/JAN/15 11:02:59.828983000 AM','DD/MON/RR HH12:MI:SSXFF AM'),null);
Insert into ONBOARDING_COMMUNICATION (COMMUNICATION_ID,ONBOARDING_APPLICATION_ID,GCM_PAN,STATUS,EMAIL_ADDRESS,COMMUNICATION_INITIATION_TIME,LAST_MODIFIED_DATE,LAST_MODIFIED_ID,TRACKING_ID,CREATED_DATE,FAILURE_MESSAGE) values ('NG-001.7d628439-39ea-4bf6-8b31-4372506b88621',385,'217145235','Processed','kgosi@mailinator.com',to_timestamp('13/JAN/15 11:02:33.000000000 AM','DD/MON/RR HH12:MI:SSXFF AM'),null,null,null,to_timestamp('13/JAN/15 11:03:00.004463000 AM','DD/MON/RR HH12:MI:SSXFF AM'),null);
Insert into ONBOARDING_COMMUNICATION (COMMUNICATION_ID,ONBOARDING_APPLICATION_ID,GCM_PAN,STATUS,EMAIL_ADDRESS,COMMUNICATION_INITIATION_TIME,LAST_MODIFIED_DATE,LAST_MODIFIED_ID,TRACKING_ID,CREATED_DATE,FAILURE_MESSAGE) values ('NG-001.369e89e3-bbfa-4fff-955e-c6cd0972333b1',387,'217145239','Processed','liu@kang.com',to_timestamp('13/JAN/15 11:12:36.000000000 AM','DD/MON/RR HH12:MI:SSXFF AM'),null,null,null,to_timestamp('13/JAN/15 11:12:55.083206000 AM','DD/MON/RR HH12:MI:SSXFF AM'),null);
Insert into ONBOARDING_COMMUNICATION (COMMUNICATION_ID,ONBOARDING_APPLICATION_ID,GCM_PAN,STATUS,EMAIL_ADDRESS,COMMUNICATION_INITIATION_TIME,LAST_MODIFIED_DATE,LAST_MODIFIED_ID,TRACKING_ID,CREATED_DATE,FAILURE_MESSAGE) values ('NG-001.d28bf627-c131-48aa-92db-439b4baa6b431',388,'217145240','Processed','pawar@n.com',to_timestamp('13/JAN/15 11:14:09.000000000 AM','DD/MON/RR HH12:MI:SSXFF AM'),null,null,null,to_timestamp('13/JAN/15 11:14:26.361907000 AM','DD/MON/RR HH12:MI:SSXFF AM'),null);
Insert into ONBOARDING_COMMUNICATION (COMMUNICATION_ID,ONBOARDING_APPLICATION_ID,GCM_PAN,STATUS,EMAIL_ADDRESS,COMMUNICATION_INITIATION_TIME,LAST_MODIFIED_DATE,LAST_MODIFIED_ID,TRACKING_ID,CREATED_DATE,FAILURE_MESSAGE) values ('NG-001.e2886453-11ea-41a1-b6f0-3fa36dce5dcb',389,'217145242','Processed','hermione@granger.com',to_timestamp('13/JAN/15 11:17:49.000000000 AM','DD/MON/RR HH12:MI:SSXFF AM'),null,null,null,to_timestamp('13/JAN/15 11:18:16.112465000 AM','DD/MON/RR HH12:MI:SSXFF AM'),null);
Insert into ONBOARDING_COMMUNICATION (COMMUNICATION_ID,ONBOARDING_APPLICATION_ID,GCM_PAN,STATUS,EMAIL_ADDRESS,COMMUNICATION_INITIATION_TIME,LAST_MODIFIED_DATE,LAST_MODIFIED_ID,TRACKING_ID,CREATED_DATE,FAILURE_MESSAGE) values ('NG-001.8473814b-93de-49e1-a63c-1664da06f1a61',390,'217145243','Processed','nimisha1@n.com',to_timestamp('13/JAN/15 11:23:00.000000000 AM','DD/MON/RR HH12:MI:SSXFF AM'),null,null,null,to_timestamp('13/JAN/15 11:23:30.727122000 AM','DD/MON/RR HH12:MI:SSXFF AM'),null);
Insert into ONBOARDING_COMMUNICATION (COMMUNICATION_ID,ONBOARDING_APPLICATION_ID,GCM_PAN,STATUS,EMAIL_ADDRESS,COMMUNICATION_INITIATION_TIME,LAST_MODIFIED_DATE,LAST_MODIFIED_ID,TRACKING_ID,CREATED_DATE,FAILURE_MESSAGE) values ('NG-001.73b1c86d-a1f6-49b9-8c26-3f50982561be',391,'217145246','Processed','jack2@j.com',to_timestamp('13/JAN/15 11:33:11.000000000 AM','DD/MON/RR HH12:MI:SSXFF AM'),null,null,null,to_timestamp('13/JAN/15 11:34:02.530748000 AM','DD/MON/RR HH12:MI:SSXFF AM'),null);
Insert into ONBOARDING_COMMUNICATION (COMMUNICATION_ID,ONBOARDING_APPLICATION_ID,GCM_PAN,STATUS,EMAIL_ADDRESS,COMMUNICATION_INITIATION_TIME,LAST_MODIFIED_DATE,LAST_MODIFIED_ID,TRACKING_ID,CREATED_DATE,FAILURE_MESSAGE) values ('NG-001.7606a0f2-eae4-4570-91cb-0a1bf56f5e271',391,'217145245','Processed','jack1@j.com',to_timestamp('13/JAN/15 11:33:11.000000000 AM','DD/MON/RR HH12:MI:SSXFF AM'),null,null,null,to_timestamp('13/JAN/15 11:34:03.060741000 AM','DD/MON/RR HH12:MI:SSXFF AM'),null);
Insert into ONBOARDING_COMMUNICATION (COMMUNICATION_ID,ONBOARDING_APPLICATION_ID,GCM_PAN,STATUS,EMAIL_ADDRESS,COMMUNICATION_INITIATION_TIME,LAST_MODIFIED_DATE,LAST_MODIFIED_ID,TRACKING_ID,CREATED_DATE,FAILURE_MESSAGE) values ('NG-001.3e1da318-bc9f-4ae2-a884-b7b371e4815e',391,'217145248','Processed','jack4@j.com',to_timestamp('13/JAN/15 11:33:11.000000000 AM','DD/MON/RR HH12:MI:SSXFF AM'),null,null,null,to_timestamp('13/JAN/15 11:34:09.509709000 AM','DD/MON/RR HH12:MI:SSXFF AM'),null);
Insert into ONBOARDING_COMMUNICATION (COMMUNICATION_ID,ONBOARDING_APPLICATION_ID,GCM_PAN,STATUS,EMAIL_ADDRESS,COMMUNICATION_INITIATION_TIME,LAST_MODIFIED_DATE,LAST_MODIFIED_ID,TRACKING_ID,CREATED_DATE,FAILURE_MESSAGE) values ('NG-001.2f06b214-9e1b-4ddf-b7d1-7e104420eb35',391,'217145247','Processed','jack3@j.com',to_timestamp('13/JAN/15 11:33:11.000000000 AM','DD/MON/RR HH12:MI:SSXFF AM'),null,null,null,to_timestamp('13/JAN/15 11:34:09.706588000 AM','DD/MON/RR HH12:MI:SSXFF AM'),null);
Insert into ONBOARDING_COMMUNICATION (COMMUNICATION_ID,ONBOARDING_APPLICATION_ID,GCM_PAN,STATUS,EMAIL_ADDRESS,COMMUNICATION_INITIATION_TIME,LAST_MODIFIED_DATE,LAST_MODIFIED_ID,TRACKING_ID,CREATED_DATE,FAILURE_MESSAGE) values ('NG-001.e8761768-c014-4a87-8979-c17a7b434a9d1',393,'217145251','Processed','luffy@op.com',to_timestamp('13/JAN/15 11:42:28.000000000 AM','DD/MON/RR HH12:MI:SSXFF AM'),null,null,null,to_timestamp('13/JAN/15 11:42:55.013235000 AM','DD/MON/RR HH12:MI:SSXFF AM'),null);
Insert into ONBOARDING_COMMUNICATION (COMMUNICATION_ID,ONBOARDING_APPLICATION_ID,GCM_PAN,STATUS,EMAIL_ADDRESS,COMMUNICATION_INITIATION_TIME,LAST_MODIFIED_DATE,LAST_MODIFIED_ID,TRACKING_ID,CREATED_DATE,FAILURE_MESSAGE) values ('NG-001.cef016f7-95db-4560-aa71-6a2179dff28e',394,'217145254','Processed','naseeruddinshah@mail.com',to_timestamp('13/JAN/15 11:44:17.000000000 AM','DD/MON/RR HH12:MI:SSXFF AM'),null,null,null,to_timestamp('13/JAN/15 11:44:43.041128000 AM','DD/MON/RR HH12:MI:SSXFF AM'),null);
Insert into ONBOARDING_COMMUNICATION (COMMUNICATION_ID,ONBOARDING_APPLICATION_ID,GCM_PAN,STATUS,EMAIL_ADDRESS,COMMUNICATION_INITIATION_TIME,LAST_MODIFIED_DATE,LAST_MODIFIED_ID,TRACKING_ID,CREATED_DATE,FAILURE_MESSAGE) values ('NG-001.4bde108e-4639-4427-bee3-11aea1b4abe91',394,'217145253','Processed','siriusblack@mail.com',to_timestamp('13/JAN/15 11:44:17.000000000 AM','DD/MON/RR HH12:MI:SSXFF AM'),null,null,null,to_timestamp('13/JAN/15 11:44:43.438668000 AM','DD/MON/RR HH12:MI:SSXFF AM'),null);
Insert into ONBOARDING_COMMUNICATION (COMMUNICATION_ID,ONBOARDING_APPLICATION_ID,GCM_PAN,STATUS,EMAIL_ADDRESS,COMMUNICATION_INITIATION_TIME,LAST_MODIFIED_DATE,LAST_MODIFIED_ID,TRACKING_ID,CREATED_DATE,FAILURE_MESSAGE) values ('NG-001.41064fb5-f056-4c3e-8311-445500368c111',396,'217145258','Processed','xenophiliuslovegood@mail.com',to_timestamp('13/JAN/15 01:41:26.000000000 PM','DD/MON/RR HH12:MI:SSXFF AM'),null,null,null,to_timestamp('13/JAN/15 01:41:46.746557000 PM','DD/MON/RR HH12:MI:SSXFF AM'),null);
Insert into ONBOARDING_COMMUNICATION (COMMUNICATION_ID,ONBOARDING_APPLICATION_ID,GCM_PAN,STATUS,EMAIL_ADDRESS,COMMUNICATION_INITIATION_TIME,LAST_MODIFIED_DATE,LAST_MODIFIED_ID,TRACKING_ID,CREATED_DATE,FAILURE_MESSAGE) values ('NG-001.95111694-19e4-47cf-9880-464966a05fd91',397,'217145259','Processed','labletest@mail.com',to_timestamp('13/JAN/15 01:47:20.000000000 PM','DD/MON/RR HH12:MI:SSXFF AM'),null,null,null,to_timestamp('13/JAN/15 01:47:38.268276000 PM','DD/MON/RR HH12:MI:SSXFF AM'),null);
Insert into ONBOARDING_COMMUNICATION (COMMUNICATION_ID,ONBOARDING_APPLICATION_ID,GCM_PAN,STATUS,EMAIL_ADDRESS,COMMUNICATION_INITIATION_TIME,LAST_MODIFIED_DATE,LAST_MODIFIED_ID,TRACKING_ID,CREATED_DATE,FAILURE_MESSAGE) values ('NG-001.6a13fd1b-842c-46cd-b4d4-f895371ef7511',406,'217145278','Processed','atest@mail.com',to_timestamp('13/JAN/15 04:57:59.000000000 PM','DD/MON/RR HH12:MI:SSXFF AM'),null,null,null,to_timestamp('13/JAN/15 04:58:26.601710000 PM','DD/MON/RR HH12:MI:SSXFF AM'),null);
Insert into ONBOARDING_COMMUNICATION (COMMUNICATION_ID,ONBOARDING_APPLICATION_ID,GCM_PAN,STATUS,EMAIL_ADDRESS,COMMUNICATION_INITIATION_TIME,LAST_MODIFIED_DATE,LAST_MODIFIED_ID,TRACKING_ID,CREATED_DATE,FAILURE_MESSAGE) values ('NG-001.e9583639-f595-4caf-92c8-fa5793b865501',407,'217145279','Processed','edward@ulric.com',to_timestamp('13/JAN/15 04:59:24.000000000 PM','DD/MON/RR HH12:MI:SSXFF AM'),null,null,null,to_timestamp('13/JAN/15 05:00:14.373541000 PM','DD/MON/RR HH12:MI:SSXFF AM'),null);
Insert into ONBOARDING_COMMUNICATION (COMMUNICATION_ID,ONBOARDING_APPLICATION_ID,GCM_PAN,STATUS,EMAIL_ADDRESS,COMMUNICATION_INITIATION_TIME,LAST_MODIFIED_DATE,LAST_MODIFIED_ID,TRACKING_ID,CREATED_DATE,FAILURE_MESSAGE) values ('NG-001.2366af8f-9a6d-493a-95cf-2260b5dd8f42',407,'217145280','Processed','ed@fma.com',to_timestamp('13/JAN/15 04:59:24.000000000 PM','DD/MON/RR HH12:MI:SSXFF AM'),null,null,null,to_timestamp('13/JAN/15 05:00:14.696290000 PM','DD/MON/RR HH12:MI:SSXFF AM'),null);
Insert into ONBOARDING_COMMUNICATION (COMMUNICATION_ID,ONBOARDING_APPLICATION_ID,GCM_PAN,STATUS,EMAIL_ADDRESS,COMMUNICATION_INITIATION_TIME,LAST_MODIFIED_DATE,LAST_MODIFIED_ID,TRACKING_ID,CREATED_DATE,FAILURE_MESSAGE) values ('NG-001.4477d6d0-d73f-41ad-adab-a2b9deefbac8',407,'217145281','Processed','alphonse@ulric.com',to_timestamp('13/JAN/15 04:59:24.000000000 PM','DD/MON/RR HH12:MI:SSXFF AM'),null,null,null,to_timestamp('13/JAN/15 05:00:21.534584000 PM','DD/MON/RR HH12:MI:SSXFF AM'),null);
Insert into ONBOARDING_COMMUNICATION (COMMUNICATION_ID,ONBOARDING_APPLICATION_ID,GCM_PAN,STATUS,EMAIL_ADDRESS,COMMUNICATION_INITIATION_TIME,LAST_MODIFIED_DATE,LAST_MODIFIED_ID,TRACKING_ID,CREATED_DATE,FAILURE_MESSAGE) values ('NG-001.0cbb5522-2963-49f9-8a99-c98ca946884c',407,'217145282','Processed','al@fma.com',to_timestamp('13/JAN/15 04:59:24.000000000 PM','DD/MON/RR HH12:MI:SSXFF AM'),null,null,null,to_timestamp('13/JAN/15 05:00:22.374002000 PM','DD/MON/RR HH12:MI:SSXFF AM'),null);
Insert into ONBOARDING_COMMUNICATION (COMMUNICATION_ID,ONBOARDING_APPLICATION_ID,GCM_PAN,STATUS,EMAIL_ADDRESS,COMMUNICATION_INITIATION_TIME,LAST_MODIFIED_DATE,LAST_MODIFIED_ID,TRACKING_ID,CREATED_DATE,FAILURE_MESSAGE) values ('NG-001.281fabde-a236-4b10-9cb0-98e930d5f3991',491,'217160143','Processed','onbdesign@mail.com',to_timestamp('19/JAN/15 03:47:34.000000000 PM','DD/MON/RR HH12:MI:SSXFF AM'),null,null,null,to_timestamp('19/JAN/15 03:48:02.055837000 PM','DD/MON/RR HH12:MI:SSXFF AM'),null);
Insert into ONBOARDING_COMMUNICATION (COMMUNICATION_ID,ONBOARDING_APPLICATION_ID,GCM_PAN,STATUS,EMAIL_ADDRESS,COMMUNICATION_INITIATION_TIME,LAST_MODIFIED_DATE,LAST_MODIFIED_ID,TRACKING_ID,CREATED_DATE,FAILURE_MESSAGE) values ('NG-001.6405e436-2924-470c-905e-be0b29303fd41',492,'217160144','Processed','j@j.com',to_timestamp('19/JAN/15 04:01:50.000000000 PM','DD/MON/RR HH12:MI:SSXFF AM'),null,null,null,to_timestamp('19/JAN/15 04:02:08.915188000 PM','DD/MON/RR HH12:MI:SSXFF AM'),null);
Insert into ONBOARDING_COMMUNICATION (COMMUNICATION_ID,ONBOARDING_APPLICATION_ID,GCM_PAN,STATUS,EMAIL_ADDRESS,COMMUNICATION_INITIATION_TIME,LAST_MODIFIED_DATE,LAST_MODIFIED_ID,TRACKING_ID,CREATED_DATE,FAILURE_MESSAGE) values ('NG-001.60b2dacc-ecce-445d-8a85-c854f7316d711',496,'217160150','Processed','kapilpashankar@mail.com',to_timestamp('20/JAN/15 10:47:09.000000000 AM','DD/MON/RR HH12:MI:SSXFF AM'),null,null,null,to_timestamp('20/JAN/15 10:47:37.529162000 AM','DD/MON/RR HH12:MI:SSXFF AM'),null);
Insert into ONBOARDING_COMMUNICATION (COMMUNICATION_ID,ONBOARDING_APPLICATION_ID,GCM_PAN,STATUS,EMAIL_ADDRESS,COMMUNICATION_INITIATION_TIME,LAST_MODIFIED_DATE,LAST_MODIFIED_ID,TRACKING_ID,CREATED_DATE,FAILURE_MESSAGE) values ('NG-001.74d13033-8b7d-4ca5-88d7-cf9606f302c6',496,'217160151','Processed','sagarpashankar@mail.com',to_timestamp('20/JAN/15 10:47:09.000000000 AM','DD/MON/RR HH12:MI:SSXFF AM'),null,null,null,to_timestamp('20/JAN/15 10:47:43.192103000 AM','DD/MON/RR HH12:MI:SSXFF AM'),null);
Insert into ONBOARDING_COMMUNICATION (COMMUNICATION_ID,ONBOARDING_APPLICATION_ID,GCM_PAN,STATUS,EMAIL_ADDRESS,COMMUNICATION_INITIATION_TIME,LAST_MODIFIED_DATE,LAST_MODIFIED_ID,TRACKING_ID,CREATED_DATE,FAILURE_MESSAGE) values ('NG-001.149fffd7-fc23-40f5-814c-bb1ebf596b7c',496,'217160152','Processed','rinulpashankar@mail.com',to_timestamp('20/JAN/15 10:47:09.000000000 AM','DD/MON/RR HH12:MI:SSXFF AM'),null,null,null,to_timestamp('20/JAN/15 10:47:48.501555000 AM','DD/MON/RR HH12:MI:SSXFF AM'),null);
Insert into ONBOARDING_COMMUNICATION (COMMUNICATION_ID,ONBOARDING_APPLICATION_ID,GCM_PAN,STATUS,EMAIL_ADDRESS,COMMUNICATION_INITIATION_TIME,LAST_MODIFIED_DATE,LAST_MODIFIED_ID,TRACKING_ID,CREATED_DATE,FAILURE_MESSAGE) values ('NG-001.71af2152-2b30-4c48-946a-049711d932071',497,'217160153','Processed','one@mail.com',to_timestamp('20/JAN/15 10:48:19.000000000 AM','DD/MON/RR HH12:MI:SSXFF AM'),null,null,null,to_timestamp('20/JAN/15 10:49:00.904382000 AM','DD/MON/RR HH12:MI:SSXFF AM'),null);
Insert into ONBOARDING_COMMUNICATION (COMMUNICATION_ID,ONBOARDING_APPLICATION_ID,GCM_PAN,STATUS,EMAIL_ADDRESS,COMMUNICATION_INITIATION_TIME,LAST_MODIFIED_DATE,LAST_MODIFIED_ID,TRACKING_ID,CREATED_DATE,FAILURE_MESSAGE) values ('NG-001.874cac0e-66b9-475e-b0fe-ddeb867d65ee',497,'217160154','Processed','two@mail.com',to_timestamp('20/JAN/15 10:48:19.000000000 AM','DD/MON/RR HH12:MI:SSXFF AM'),null,null,null,to_timestamp('20/JAN/15 10:49:05.992049000 AM','DD/MON/RR HH12:MI:SSXFF AM'),null);
Insert into ONBOARDING_COMMUNICATION (COMMUNICATION_ID,ONBOARDING_APPLICATION_ID,GCM_PAN,STATUS,EMAIL_ADDRESS,COMMUNICATION_INITIATION_TIME,LAST_MODIFIED_DATE,LAST_MODIFIED_ID,TRACKING_ID,CREATED_DATE,FAILURE_MESSAGE) values ('NG-001.6f05f7c4-dfb7-4328-b51b-7f4ed79d7525',497,'217160155','Processed','three@mail.com',to_timestamp('20/JAN/15 10:48:19.000000000 AM','DD/MON/RR HH12:MI:SSXFF AM'),null,null,null,to_timestamp('20/JAN/15 10:49:13.121974000 AM','DD/MON/RR HH12:MI:SSXFF AM'),null);
Insert into ONBOARDING_COMMUNICATION (COMMUNICATION_ID,ONBOARDING_APPLICATION_ID,GCM_PAN,STATUS,EMAIL_ADDRESS,COMMUNICATION_INITIATION_TIME,LAST_MODIFIED_DATE,LAST_MODIFIED_ID,TRACKING_ID,CREATED_DATE,FAILURE_MESSAGE) values ('NG-001.23d6c86e-5f50-4351-94f2-918acdb3d8d9',497,'217160156','Processed','four@mail.com',to_timestamp('20/JAN/15 10:48:19.000000000 AM','DD/MON/RR HH12:MI:SSXFF AM'),null,null,null,to_timestamp('20/JAN/15 10:49:18.683588000 AM','DD/MON/RR HH12:MI:SSXFF AM'),null);
Insert into ONBOARDING_COMMUNICATION (COMMUNICATION_ID,ONBOARDING_APPLICATION_ID,GCM_PAN,STATUS,EMAIL_ADDRESS,COMMUNICATION_INITIATION_TIME,LAST_MODIFIED_DATE,LAST_MODIFIED_ID,TRACKING_ID,CREATED_DATE,FAILURE_MESSAGE) values ('NG-001.93240989-1e95-4a8a-a923-5c5b0e0befee',497,'217160157','Processed','five@mail.com',to_timestamp('20/JAN/15 10:48:19.000000000 AM','DD/MON/RR HH12:MI:SSXFF AM'),null,null,null,to_timestamp('20/JAN/15 10:49:23.894674000 AM','DD/MON/RR HH12:MI:SSXFF AM'),null);
Insert into ONBOARDING_COMMUNICATION (COMMUNICATION_ID,ONBOARDING_APPLICATION_ID,GCM_PAN,STATUS,EMAIL_ADDRESS,COMMUNICATION_INITIATION_TIME,LAST_MODIFIED_DATE,LAST_MODIFIED_ID,TRACKING_ID,CREATED_DATE,FAILURE_MESSAGE) values ('NG-001.5bfdcf1a-af4d-4771-a28e-8aa988c958811',499,'217160159','Processed','anne@mail.com',to_timestamp('20/JAN/15 01:35:11.000000000 PM','DD/MON/RR HH12:MI:SSXFF AM'),null,null,null,to_timestamp('20/JAN/15 01:35:46.813906000 PM','DD/MON/RR HH12:MI:SSXFF AM'),null);
Insert into ONBOARDING_COMMUNICATION (COMMUNICATION_ID,ONBOARDING_APPLICATION_ID,GCM_PAN,STATUS,EMAIL_ADDRESS,COMMUNICATION_INITIATION_TIME,LAST_MODIFIED_DATE,LAST_MODIFIED_ID,TRACKING_ID,CREATED_DATE,FAILURE_MESSAGE) values ('NG-001.833445e5-b115-45ba-9583-7915c46b0b5a',499,'217160160','Processed','jane@mail.com',to_timestamp('20/JAN/15 01:35:11.000000000 PM','DD/MON/RR HH12:MI:SSXFF AM'),null,null,null,to_timestamp('20/JAN/15 01:35:53.196573000 PM','DD/MON/RR HH12:MI:SSXFF AM'),null);
Insert into ONBOARDING_COMMUNICATION (COMMUNICATION_ID,ONBOARDING_APPLICATION_ID,GCM_PAN,STATUS,EMAIL_ADDRESS,COMMUNICATION_INITIATION_TIME,LAST_MODIFIED_DATE,LAST_MODIFIED_ID,TRACKING_ID,CREATED_DATE,FAILURE_MESSAGE) values ('NG-001.5b64619a-8276-46e5-86ae-fa6719592ad3',499,'217160161','Processed','dennis@mail.com',to_timestamp('20/JAN/15 01:35:11.000000000 PM','DD/MON/RR HH12:MI:SSXFF AM'),null,null,null,to_timestamp('20/JAN/15 01:35:59.447074000 PM','DD/MON/RR HH12:MI:SSXFF AM'),null);
Insert into ONBOARDING_COMMUNICATION (COMMUNICATION_ID,ONBOARDING_APPLICATION_ID,GCM_PAN,STATUS,EMAIL_ADDRESS,COMMUNICATION_INITIATION_TIME,LAST_MODIFIED_DATE,LAST_MODIFIED_ID,TRACKING_ID,CREATED_DATE,FAILURE_MESSAGE) values ('NG-001.bc9975af-c495-4417-b5d7-87ab74e070da1',373,'217145215','Processed','joeburns@mail.com',to_timestamp('12/JAN/15 02:55:02.000000000 PM','DD/MON/RR HH12:MI:SSXFF AM'),null,null,null,to_timestamp('12/JAN/15 02:55:28.558015000 PM','DD/MON/RR HH12:MI:SSXFF AM'),null);
Insert into ONBOARDING_COMMUNICATION (COMMUNICATION_ID,ONBOARDING_APPLICATION_ID,GCM_PAN,STATUS,EMAIL_ADDRESS,COMMUNICATION_INITIATION_TIME,LAST_MODIFIED_DATE,LAST_MODIFIED_ID,TRACKING_ID,CREATED_DATE,FAILURE_MESSAGE) values ('NG-001.13a7baac-990a-485a-9329-23ebb3e05259',361,'217145219','Processed','ulrikka@mail.com',to_timestamp('29/SEP/14 10:50:34.772000000 AM','DD/MON/RR HH12:MI:SSXFF AM'),null,null,null,to_timestamp('12/JAN/15 03:36:29.462723000 PM','DD/MON/RR HH12:MI:SSXFF AM'),null);
Insert into ONBOARDING_COMMUNICATION (COMMUNICATION_ID,ONBOARDING_APPLICATION_ID,GCM_PAN,STATUS,EMAIL_ADDRESS,COMMUNICATION_INITIATION_TIME,LAST_MODIFIED_DATE,LAST_MODIFIED_ID,TRACKING_ID,CREATED_DATE,FAILURE_MESSAGE) values ('NG-001.f25a161c-34b8-44d0-997b-56d226595667',130,'217145220','Processed','Darylen.Verallo@btfinancialgroup.com',to_timestamp('29/SEP/14 10:50:34.772000000 AM','DD/MON/RR HH12:MI:SSXFF AM'),null,null,null,to_timestamp('12/JAN/15 03:41:24.225719000 PM','DD/MON/RR HH12:MI:SSXFF AM'),null);
Insert into ONBOARDING_COMMUNICATION (COMMUNICATION_ID,ONBOARDING_APPLICATION_ID,GCM_PAN,STATUS,EMAIL_ADDRESS,COMMUNICATION_INITIATION_TIME,LAST_MODIFIED_DATE,LAST_MODIFIED_ID,TRACKING_ID,CREATED_DATE,FAILURE_MESSAGE) values ('NG-001.98487c68-4071-42c4-8c82-6d05e6a89d081',382,'217145232','Processed','uxio@mailinator.com',to_timestamp('13/JAN/15 09:58:35.000000000 AM','DD/MON/RR HH12:MI:SSXFF AM'),null,null,null,to_timestamp('13/JAN/15 09:58:55.394041000 AM','DD/MON/RR HH12:MI:SSXFF AM'),null);
Insert into ONBOARDING_COMMUNICATION (COMMUNICATION_ID,ONBOARDING_APPLICATION_ID,GCM_PAN,STATUS,EMAIL_ADDRESS,COMMUNICATION_INITIATION_TIME,LAST_MODIFIED_DATE,LAST_MODIFIED_ID,TRACKING_ID,CREATED_DATE,FAILURE_MESSAGE) values ('NG-001.12d78e99-89a2-477a-9167-b7defa075fe11',383,'217145233','Processed','test@mail.com',to_timestamp('13/JAN/15 09:59:47.000000000 AM','DD/MON/RR HH12:MI:SSXFF AM'),null,null,null,to_timestamp('13/JAN/15 10:00:10.041349000 AM','DD/MON/RR HH12:MI:SSXFF AM'),null);
Insert into ONBOARDING_COMMUNICATION (COMMUNICATION_ID,ONBOARDING_APPLICATION_ID,GCM_PAN,STATUS,EMAIL_ADDRESS,COMMUNICATION_INITIATION_TIME,LAST_MODIFIED_DATE,LAST_MODIFIED_ID,TRACKING_ID,CREATED_DATE,FAILURE_MESSAGE) values ('NG-001.ff992316-0f83-41ed-8004-56404b1b6db31',398,'217145260','Processed','bathildabagshot@mail.com',to_timestamp('13/JAN/15 02:15:53.000000000 PM','DD/MON/RR HH12:MI:SSXFF AM'),null,null,null,to_timestamp('13/JAN/15 02:16:13.325174000 PM','DD/MON/RR HH12:MI:SSXFF AM'),null);
Insert into ONBOARDING_COMMUNICATION (COMMUNICATION_ID,ONBOARDING_APPLICATION_ID,GCM_PAN,STATUS,EMAIL_ADDRESS,COMMUNICATION_INITIATION_TIME,LAST_MODIFIED_DATE,LAST_MODIFIED_ID,TRACKING_ID,CREATED_DATE,FAILURE_MESSAGE) values ('NG-001.85fa26e3-8d49-4483-a1c7-23645f1bf38b',461,'217160138','Processed','submittest@mail.com',to_timestamp('19/JAN/15 01:04:14.592000000 PM','DD/MON/RR HH12:MI:SSXFF AM'),null,null,null,to_timestamp('19/JAN/15 01:04:56.250146000 PM','DD/MON/RR HH12:MI:SSXFF AM'),null);
Insert into ONBOARDING_COMMUNICATION (COMMUNICATION_ID,ONBOARDING_APPLICATION_ID,GCM_PAN,STATUS,EMAIL_ADDRESS,COMMUNICATION_INITIATION_TIME,LAST_MODIFIED_DATE,LAST_MODIFIED_ID,TRACKING_ID,CREATED_DATE,FAILURE_MESSAGE) values ('NG-001.65151f11-f3dd-4db9-a492-b55ad76c25ee1',502,'217160164','Processed','mb@test.com',to_timestamp('20/JAN/15 02:37:17.000000000 PM','DD/MON/RR HH12:MI:SSXFF AM'),null,null,null,to_timestamp('20/JAN/15 02:37:34.562880000 PM','DD/MON/RR HH12:MI:SSXFF AM'),null);
Insert into ONBOARDING_COMMUNICATION (COMMUNICATION_ID,ONBOARDING_APPLICATION_ID,GCM_PAN,STATUS,EMAIL_ADDRESS,COMMUNICATION_INITIATION_TIME,LAST_MODIFIED_DATE,LAST_MODIFIED_ID,TRACKING_ID,CREATED_DATE,FAILURE_MESSAGE) values ('NG-001.a8eaf066-0383-429b-9635-9f3e8f6e63c21',503,'217160165','Processed','alvi@mail.com',to_timestamp('20/JAN/15 02:43:31.000000000 PM','DD/MON/RR HH12:MI:SSXFF AM'),null,null,null,to_timestamp('20/JAN/15 02:43:48.749026000 PM','DD/MON/RR HH12:MI:SSXFF AM'),null);
Insert into ONBOARDING_COMMUNICATION (COMMUNICATION_ID,ONBOARDING_APPLICATION_ID,GCM_PAN,STATUS,EMAIL_ADDRESS,COMMUNICATION_INITIATION_TIME,LAST_MODIFIED_DATE,LAST_MODIFIED_ID,TRACKING_ID,CREATED_DATE,FAILURE_MESSAGE) values ('NG-001.80dea017-0e6d-413b-ac01-19bc9652e5741',504,'217160166','Processed','alvi@mail.com',to_timestamp('21/JAN/15 08:48:56.000000000 AM','DD/MON/RR HH12:MI:SSXFF AM'),null,null,null,to_timestamp('21/JAN/15 08:49:17.772477000 AM','DD/MON/RR HH12:MI:SSXFF AM'),null);
Insert into ONBOARDING_COMMUNICATION (COMMUNICATION_ID,ONBOARDING_APPLICATION_ID,GCM_PAN,STATUS,EMAIL_ADDRESS,COMMUNICATION_INITIATION_TIME,LAST_MODIFIED_DATE,LAST_MODIFIED_ID,TRACKING_ID,CREATED_DATE,FAILURE_MESSAGE) values ('NG-001.c87a84d4-362f-496c-96cf-eb5220070c781',507,'217160169','HardBounce','atest@mail.com',to_timestamp('21/JAN/15 10:17:32.000000000 AM','DD/MON/RR HH12:MI:SSXFF AM'),null,null,null,to_timestamp('21/JAN/15 10:18:17.996694000 AM','DD/MON/RR HH12:MI:SSXFF AM'),null);
Insert into ONBOARDING_COMMUNICATION (COMMUNICATION_ID,ONBOARDING_APPLICATION_ID,GCM_PAN,STATUS,EMAIL_ADDRESS,COMMUNICATION_INITIATION_TIME,LAST_MODIFIED_DATE,LAST_MODIFIED_ID,TRACKING_ID,CREATED_DATE,FAILURE_MESSAGE) values ('NG-001.88939ce8-c828-4fbd-80c0-0e35228b8182',507,'217160171','Processed','ctest@mail.com',to_timestamp('21/JAN/15 10:17:32.000000000 AM','DD/MON/RR HH12:MI:SSXFF AM'),null,null,null,to_timestamp('21/JAN/15 10:18:33.987814000 AM','DD/MON/RR HH12:MI:SSXFF AM'),null);
Insert into ONBOARDING_COMMUNICATION (COMMUNICATION_ID,ONBOARDING_APPLICATION_ID,GCM_PAN,STATUS,EMAIL_ADDRESS,COMMUNICATION_INITIATION_TIME,LAST_MODIFIED_DATE,LAST_MODIFIED_ID,TRACKING_ID,CREATED_DATE,FAILURE_MESSAGE) values ('NG-001.5ea38145-d894-4432-b808-1fee60d0e014',507,'217160172','Processed','dtest@mail.com',to_timestamp('21/JAN/15 10:17:32.000000000 AM','DD/MON/RR HH12:MI:SSXFF AM'),null,null,null,to_timestamp('21/JAN/15 10:18:40.766473000 AM','DD/MON/RR HH12:MI:SSXFF AM'),null);
Insert into ONBOARDING_COMMUNICATION (COMMUNICATION_ID,ONBOARDING_APPLICATION_ID,GCM_PAN,STATUS,EMAIL_ADDRESS,COMMUNICATION_INITIATION_TIME,LAST_MODIFIED_DATE,LAST_MODIFIED_ID,TRACKING_ID,CREATED_DATE,FAILURE_MESSAGE) values ('NG-001.cc6c02ba-df60-4649-b74a-9706574ddff9',507,'217160173','Processed','etest@mail.com',to_timestamp('21/JAN/15 10:17:32.000000000 AM','DD/MON/RR HH12:MI:SSXFF AM'),null,null,null,to_timestamp('21/JAN/15 10:18:47.629418000 AM','DD/MON/RR HH12:MI:SSXFF AM'),null);
REM INSERTING into ONBOARDING_PARTY
SET DEFINE OFF;
Insert into ONBOARDING_PARTY (ONBOARDING_PARTY_SEQ,ONBOARDING_APPLICATION_ID,GCM_PAN,STATUS,FAILURE_MESSAGE,LAST_MODIFIED_DATE,LAST_MODIFIED_ID) values (1,32,'217132660','NotificationSent',null,null,null);
Insert into ONBOARDING_PARTY (ONBOARDING_PARTY_SEQ,ONBOARDING_APPLICATION_ID,GCM_PAN,STATUS,FAILURE_MESSAGE,LAST_MODIFIED_DATE,LAST_MODIFIED_ID) values (1,45,'217132705','DeviceRegistrationFailed','No permission',null,null);
Insert into ONBOARDING_PARTY (ONBOARDING_PARTY_SEQ,ONBOARDING_APPLICATION_ID,GCM_PAN,STATUS,FAILURE_MESSAGE,LAST_MODIFIED_DATE,LAST_MODIFIED_ID) values (1,46,'217132706','NotificationSent',null,null,null);
Insert into ONBOARDING_PARTY (ONBOARDING_PARTY_SEQ,ONBOARDING_APPLICATION_ID,GCM_PAN,STATUS,FAILURE_MESSAGE,LAST_MODIFIED_DATE,LAST_MODIFIED_ID) values (1,48,'217132709','DeviceRegistrationFailed','Technical Exception',null,null);
Insert into ONBOARDING_PARTY (ONBOARDING_PARTY_SEQ,ONBOARDING_APPLICATION_ID,GCM_PAN,STATUS,FAILURE_MESSAGE,LAST_MODIFIED_DATE,LAST_MODIFIED_ID) values (1,58,'217132720','NotificationSent',null,null,null);
Insert into ONBOARDING_PARTY (ONBOARDING_PARTY_SEQ,ONBOARDING_APPLICATION_ID,GCM_PAN,STATUS,FAILURE_MESSAGE,LAST_MODIFIED_DATE,LAST_MODIFIED_ID) values (10,58,'217132721',null,null,null,null);
Insert into ONBOARDING_PARTY (ONBOARDING_PARTY_SEQ,ONBOARDING_APPLICATION_ID,GCM_PAN,STATUS,FAILURE_MESSAGE,LAST_MODIFIED_DATE,LAST_MODIFIED_ID) values (1,84,'217132748','NotificationSent',null,null,null);
Insert into ONBOARDING_PARTY (ONBOARDING_PARTY_SEQ,ONBOARDING_APPLICATION_ID,GCM_PAN,STATUS,FAILURE_MESSAGE,LAST_MODIFIED_DATE,LAST_MODIFIED_ID) values (1,85,'217132749','DeviceRegistrationFailed','No permission',null,null);
Insert into ONBOARDING_PARTY (ONBOARDING_PARTY_SEQ,ONBOARDING_APPLICATION_ID,GCM_PAN,STATUS,FAILURE_MESSAGE,LAST_MODIFIED_DATE,LAST_MODIFIED_ID) values (1,90,'217132755',null,null,null,null);
Insert into ONBOARDING_PARTY (ONBOARDING_PARTY_SEQ,ONBOARDING_APPLICATION_ID,GCM_PAN,STATUS,FAILURE_MESSAGE,LAST_MODIFIED_DATE,LAST_MODIFIED_ID) values (1,120,'217145035','NotificationSent',null,null,null);
Insert into ONBOARDING_PARTY (ONBOARDING_PARTY_SEQ,ONBOARDING_APPLICATION_ID,GCM_PAN,STATUS,FAILURE_MESSAGE,LAST_MODIFIED_DATE,LAST_MODIFIED_ID) values (1,130,'217145220','NotificationSent',null,null,null);
Insert into ONBOARDING_PARTY (ONBOARDING_PARTY_SEQ,ONBOARDING_APPLICATION_ID,GCM_PAN,STATUS,FAILURE_MESSAGE,LAST_MODIFIED_DATE,LAST_MODIFIED_ID) values (10,130,'217145053','NotificationSent',null,null,null);
Insert into ONBOARDING_PARTY (ONBOARDING_PARTY_SEQ,ONBOARDING_APPLICATION_ID,GCM_PAN,STATUS,FAILURE_MESSAGE,LAST_MODIFIED_DATE,LAST_MODIFIED_ID) values (1,132,'217145056','NotificationSent',null,null,null);
Insert into ONBOARDING_PARTY (ONBOARDING_PARTY_SEQ,ONBOARDING_APPLICATION_ID,GCM_PAN,STATUS,FAILURE_MESSAGE,LAST_MODIFIED_DATE,LAST_MODIFIED_ID) values (10,132,'217145057','NotificationSent',null,null,null);
Insert into ONBOARDING_PARTY (ONBOARDING_PARTY_SEQ,ONBOARDING_APPLICATION_ID,GCM_PAN,STATUS,FAILURE_MESSAGE,LAST_MODIFIED_DATE,LAST_MODIFIED_ID) values (1,147,'217145075','OnlineAccessRegistrationFailed','Technical Exception',null,null);
Insert into ONBOARDING_PARTY (ONBOARDING_PARTY_SEQ,ONBOARDING_APPLICATION_ID,GCM_PAN,STATUS,FAILURE_MESSAGE,LAST_MODIFIED_DATE,LAST_MODIFIED_ID) values (1,166,'217145200','NotificationSent',null,null,null);
Insert into ONBOARDING_PARTY (ONBOARDING_PARTY_SEQ,ONBOARDING_APPLICATION_ID,GCM_PAN,STATUS,FAILURE_MESSAGE,LAST_MODIFIED_DATE,LAST_MODIFIED_ID) values (1,178,'217145083','OnlineAccessRegistrationFailed','Technical Exception',null,null);
Insert into ONBOARDING_PARTY (ONBOARDING_PARTY_SEQ,ONBOARDING_APPLICATION_ID,GCM_PAN,STATUS,FAILURE_MESSAGE,LAST_MODIFIED_DATE,LAST_MODIFIED_ID) values (1,187,'217145084','OnlineAccessRegistrationFailed','Technical Exception',null,null);
Insert into ONBOARDING_PARTY (ONBOARDING_PARTY_SEQ,ONBOARDING_APPLICATION_ID,GCM_PAN,STATUS,FAILURE_MESSAGE,LAST_MODIFIED_DATE,LAST_MODIFIED_ID) values (1,188,'217145085','OnlineAccessRegistrationFailed','Technical Exception',null,null);
Insert into ONBOARDING_PARTY (ONBOARDING_PARTY_SEQ,ONBOARDING_APPLICATION_ID,GCM_PAN,STATUS,FAILURE_MESSAGE,LAST_MODIFIED_DATE,LAST_MODIFIED_ID) values (1,195,'217145088','OnlineAccessRegistrationFailed','Technical Exception',null,null);
Insert into ONBOARDING_PARTY (ONBOARDING_PARTY_SEQ,ONBOARDING_APPLICATION_ID,GCM_PAN,STATUS,FAILURE_MESSAGE,LAST_MODIFIED_DATE,LAST_MODIFIED_ID) values (10,195,'217145089','OnlineAccessRegistrationFailed','Technical Exception',null,null);
Insert into ONBOARDING_PARTY (ONBOARDING_PARTY_SEQ,ONBOARDING_APPLICATION_ID,GCM_PAN,STATUS,FAILURE_MESSAGE,LAST_MODIFIED_DATE,LAST_MODIFIED_ID) values (1,227,'217145114','NotificationSent',null,null,null);
Insert into ONBOARDING_PARTY (ONBOARDING_PARTY_SEQ,ONBOARDING_APPLICATION_ID,GCM_PAN,STATUS,FAILURE_MESSAGE,LAST_MODIFIED_DATE,LAST_MODIFIED_ID) values (1,228,'217145115','NotificationSent',null,null,null);
Insert into ONBOARDING_PARTY (ONBOARDING_PARTY_SEQ,ONBOARDING_APPLICATION_ID,GCM_PAN,STATUS,FAILURE_MESSAGE,LAST_MODIFIED_DATE,LAST_MODIFIED_ID) values (10,228,'217145116','NotificationSent',null,null,null);
Insert into ONBOARDING_PARTY (ONBOARDING_PARTY_SEQ,ONBOARDING_APPLICATION_ID,GCM_PAN,STATUS,FAILURE_MESSAGE,LAST_MODIFIED_DATE,LAST_MODIFIED_ID) values (19,228,'217145117','NotificationSent',null,null,null);
Insert into ONBOARDING_PARTY (ONBOARDING_PARTY_SEQ,ONBOARDING_APPLICATION_ID,GCM_PAN,STATUS,FAILURE_MESSAGE,LAST_MODIFIED_DATE,LAST_MODIFIED_ID) values (1,229,'217145118','NotificationSent',null,null,null);
Insert into ONBOARDING_PARTY (ONBOARDING_PARTY_SEQ,ONBOARDING_APPLICATION_ID,GCM_PAN,STATUS,FAILURE_MESSAGE,LAST_MODIFIED_DATE,LAST_MODIFIED_ID) values (1,230,'217145120','DeviceRegistrationFailed','Technical Exception',null,null);
Insert into ONBOARDING_PARTY (ONBOARDING_PARTY_SEQ,ONBOARDING_APPLICATION_ID,GCM_PAN,STATUS,FAILURE_MESSAGE,LAST_MODIFIED_DATE,LAST_MODIFIED_ID) values (10,230,'217145121','DeviceRegistrationFailed','Technical Exception',null,null);
Insert into ONBOARDING_PARTY (ONBOARDING_PARTY_SEQ,ONBOARDING_APPLICATION_ID,GCM_PAN,STATUS,FAILURE_MESSAGE,LAST_MODIFIED_DATE,LAST_MODIFIED_ID) values (1,235,'217145124','NotificationSent',null,null,null);
Insert into ONBOARDING_PARTY (ONBOARDING_PARTY_SEQ,ONBOARDING_APPLICATION_ID,GCM_PAN,STATUS,FAILURE_MESSAGE,LAST_MODIFIED_DATE,LAST_MODIFIED_ID) values (1,239,'217145127','NotificationSent',null,null,null);
Insert into ONBOARDING_PARTY (ONBOARDING_PARTY_SEQ,ONBOARDING_APPLICATION_ID,GCM_PAN,STATUS,FAILURE_MESSAGE,LAST_MODIFIED_DATE,LAST_MODIFIED_ID) values (10,239,'217145128','NotificationSent',null,null,null);
Insert into ONBOARDING_PARTY (ONBOARDING_PARTY_SEQ,ONBOARDING_APPLICATION_ID,GCM_PAN,STATUS,FAILURE_MESSAGE,LAST_MODIFIED_DATE,LAST_MODIFIED_ID) values (1,240,'217145129','NotificationSent',null,null,null);
Insert into ONBOARDING_PARTY (ONBOARDING_PARTY_SEQ,ONBOARDING_APPLICATION_ID,GCM_PAN,STATUS,FAILURE_MESSAGE,LAST_MODIFIED_DATE,LAST_MODIFIED_ID) values (1,256,'217145151','NotificationSent',null,null,null);
Insert into ONBOARDING_PARTY (ONBOARDING_PARTY_SEQ,ONBOARDING_APPLICATION_ID,GCM_PAN,STATUS,FAILURE_MESSAGE,LAST_MODIFIED_DATE,LAST_MODIFIED_ID) values (10,256,'217145152','NotificationSent',null,null,null);
Insert into ONBOARDING_PARTY (ONBOARDING_PARTY_SEQ,ONBOARDING_APPLICATION_ID,GCM_PAN,STATUS,FAILURE_MESSAGE,LAST_MODIFIED_DATE,LAST_MODIFIED_ID) values (1,257,'217145153','NotificationSent',null,null,null);
Insert into ONBOARDING_PARTY (ONBOARDING_PARTY_SEQ,ONBOARDING_APPLICATION_ID,GCM_PAN,STATUS,FAILURE_MESSAGE,LAST_MODIFIED_DATE,LAST_MODIFIED_ID) values (10,257,'217145154','NotificationSent',null,null,null);
Insert into ONBOARDING_PARTY (ONBOARDING_PARTY_SEQ,ONBOARDING_APPLICATION_ID,GCM_PAN,STATUS,FAILURE_MESSAGE,LAST_MODIFIED_DATE,LAST_MODIFIED_ID) values (1,259,'217145171','NotificationSent',null,null,null);
Insert into ONBOARDING_PARTY (ONBOARDING_PARTY_SEQ,ONBOARDING_APPLICATION_ID,GCM_PAN,STATUS,FAILURE_MESSAGE,LAST_MODIFIED_DATE,LAST_MODIFIED_ID) values (10,259,'217145172','CustomerNotificationFailed','Technical Exception',null,null);
Insert into ONBOARDING_PARTY (ONBOARDING_PARTY_SEQ,ONBOARDING_APPLICATION_ID,GCM_PAN,STATUS,FAILURE_MESSAGE,LAST_MODIFIED_DATE,LAST_MODIFIED_ID) values (1,262,'217145175','NotificationSent',null,null,null);
Insert into ONBOARDING_PARTY (ONBOARDING_PARTY_SEQ,ONBOARDING_APPLICATION_ID,GCM_PAN,STATUS,FAILURE_MESSAGE,LAST_MODIFIED_DATE,LAST_MODIFIED_ID) values (10,262,'217145176','DeviceRegistrationFailed',null,null,null);
Insert into ONBOARDING_PARTY (ONBOARDING_PARTY_SEQ,ONBOARDING_APPLICATION_ID,GCM_PAN,STATUS,FAILURE_MESSAGE,LAST_MODIFIED_DATE,LAST_MODIFIED_ID) values (1,263,'217145177','NotificationSent',null,null,null);
Insert into ONBOARDING_PARTY (ONBOARDING_PARTY_SEQ,ONBOARDING_APPLICATION_ID,GCM_PAN,STATUS,FAILURE_MESSAGE,LAST_MODIFIED_DATE,LAST_MODIFIED_ID) values (1,276,'217145181','NotificationSent',null,null,null);
Insert into ONBOARDING_PARTY (ONBOARDING_PARTY_SEQ,ONBOARDING_APPLICATION_ID,GCM_PAN,STATUS,FAILURE_MESSAGE,LAST_MODIFIED_DATE,LAST_MODIFIED_ID) values (1,281,'217145188','OnlineAccessRegistrationFailed','Technical Exception',null,null);
Insert into ONBOARDING_PARTY (ONBOARDING_PARTY_SEQ,ONBOARDING_APPLICATION_ID,GCM_PAN,STATUS,FAILURE_MESSAGE,LAST_MODIFIED_DATE,LAST_MODIFIED_ID) values (10,281,'217145189','OnlineAccessRegistrationFailed','Technical Exception',null,null);
Insert into ONBOARDING_PARTY (ONBOARDING_PARTY_SEQ,ONBOARDING_APPLICATION_ID,GCM_PAN,STATUS,FAILURE_MESSAGE,LAST_MODIFIED_DATE,LAST_MODIFIED_ID) values (1,295,'217145192','NotificationSent',null,null,null);
Insert into ONBOARDING_PARTY (ONBOARDING_PARTY_SEQ,ONBOARDING_APPLICATION_ID,GCM_PAN,STATUS,FAILURE_MESSAGE,LAST_MODIFIED_DATE,LAST_MODIFIED_ID) values (1,361,'217145219','NotificationSent',null,null,null);
Insert into ONBOARDING_PARTY (ONBOARDING_PARTY_SEQ,ONBOARDING_APPLICATION_ID,GCM_PAN,STATUS,FAILURE_MESSAGE,LAST_MODIFIED_DATE,LAST_MODIFIED_ID) values (1,362,'217145202','OnlineAccessRegistrationFailed','Technical Exception',null,null);
Insert into ONBOARDING_PARTY (ONBOARDING_PARTY_SEQ,ONBOARDING_APPLICATION_ID,GCM_PAN,STATUS,FAILURE_MESSAGE,LAST_MODIFIED_DATE,LAST_MODIFIED_ID) values (10,362,'217145203','OnlineAccessRegistrationFailed','Technical Exception',null,null);
Insert into ONBOARDING_PARTY (ONBOARDING_PARTY_SEQ,ONBOARDING_APPLICATION_ID,GCM_PAN,STATUS,FAILURE_MESSAGE,LAST_MODIFIED_DATE,LAST_MODIFIED_ID) values (1,363,'217145206','NotificationSent',null,null,null);
Insert into ONBOARDING_PARTY (ONBOARDING_PARTY_SEQ,ONBOARDING_APPLICATION_ID,GCM_PAN,STATUS,FAILURE_MESSAGE,LAST_MODIFIED_DATE,LAST_MODIFIED_ID) values (1,364,'217145207','OnlineAccessRegistrationFailed','Technical Exception',null,null);
Insert into ONBOARDING_PARTY (ONBOARDING_PARTY_SEQ,ONBOARDING_APPLICATION_ID,GCM_PAN,STATUS,FAILURE_MESSAGE,LAST_MODIFIED_DATE,LAST_MODIFIED_ID) values (10,364,'217145208','OnlineAccessRegistrationFailed','Technical Exception',null,null);
Insert into ONBOARDING_PARTY (ONBOARDING_PARTY_SEQ,ONBOARDING_APPLICATION_ID,GCM_PAN,STATUS,FAILURE_MESSAGE,LAST_MODIFIED_DATE,LAST_MODIFIED_ID) values (1,372,'217145216','OnlineAccessRegistrationFailed','Technical Exception',null,null);
Insert into ONBOARDING_PARTY (ONBOARDING_PARTY_SEQ,ONBOARDING_APPLICATION_ID,GCM_PAN,STATUS,FAILURE_MESSAGE,LAST_MODIFIED_DATE,LAST_MODIFIED_ID) values (1,374,'217145217','NotificationSent',null,null,null);
Insert into ONBOARDING_PARTY (ONBOARDING_PARTY_SEQ,ONBOARDING_APPLICATION_ID,GCM_PAN,STATUS,FAILURE_MESSAGE,LAST_MODIFIED_DATE,LAST_MODIFIED_ID) values (10,374,'217145218','NotificationSent',null,null,null);
Insert into ONBOARDING_PARTY (ONBOARDING_PARTY_SEQ,ONBOARDING_APPLICATION_ID,GCM_PAN,STATUS,FAILURE_MESSAGE,LAST_MODIFIED_DATE,LAST_MODIFIED_ID) values (1,375,'217145222','NotificationSent',null,null,null);
Insert into ONBOARDING_PARTY (ONBOARDING_PARTY_SEQ,ONBOARDING_APPLICATION_ID,GCM_PAN,STATUS,FAILURE_MESSAGE,LAST_MODIFIED_DATE,LAST_MODIFIED_ID) values (1,379,'217145228','NotificationSent',null,null,null);
Insert into ONBOARDING_PARTY (ONBOARDING_PARTY_SEQ,ONBOARDING_APPLICATION_ID,GCM_PAN,STATUS,FAILURE_MESSAGE,LAST_MODIFIED_DATE,LAST_MODIFIED_ID) values (10,379,'217145229','NotificationSent',null,null,null);
Insert into ONBOARDING_PARTY (ONBOARDING_PARTY_SEQ,ONBOARDING_APPLICATION_ID,GCM_PAN,STATUS,FAILURE_MESSAGE,LAST_MODIFIED_DATE,LAST_MODIFIED_ID) values (19,379,'217145230','NotificationSent',null,null,null);
Insert into ONBOARDING_PARTY (ONBOARDING_PARTY_SEQ,ONBOARDING_APPLICATION_ID,GCM_PAN,STATUS,FAILURE_MESSAGE,LAST_MODIFIED_DATE,LAST_MODIFIED_ID) values (1,401,'217145267','NotificationSent',null,null,null);
Insert into ONBOARDING_PARTY (ONBOARDING_PARTY_SEQ,ONBOARDING_APPLICATION_ID,GCM_PAN,STATUS,FAILURE_MESSAGE,LAST_MODIFIED_DATE,LAST_MODIFIED_ID) values (1,408,'217145283','NotificationSent',null,null,null);
Insert into ONBOARDING_PARTY (ONBOARDING_PARTY_SEQ,ONBOARDING_APPLICATION_ID,GCM_PAN,STATUS,FAILURE_MESSAGE,LAST_MODIFIED_DATE,LAST_MODIFIED_ID) values (10,408,'217145284','DeviceRegistrationFailed','Sorry, I do not know what happened. Check the log',null,null);
Insert into ONBOARDING_PARTY (ONBOARDING_PARTY_SEQ,ONBOARDING_APPLICATION_ID,GCM_PAN,STATUS,FAILURE_MESSAGE,LAST_MODIFIED_DATE,LAST_MODIFIED_ID) values (19,408,'217145285','NotificationSent',null,null,null);
Insert into ONBOARDING_PARTY (ONBOARDING_PARTY_SEQ,ONBOARDING_APPLICATION_ID,GCM_PAN,STATUS,FAILURE_MESSAGE,LAST_MODIFIED_DATE,LAST_MODIFIED_ID) values (1,411,'217145286','DeviceRegistrationFailed','Sorry, I do not know what happened. Check the log',null,null);
Insert into ONBOARDING_PARTY (ONBOARDING_PARTY_SEQ,ONBOARDING_APPLICATION_ID,GCM_PAN,STATUS,FAILURE_MESSAGE,LAST_MODIFIED_DATE,LAST_MODIFIED_ID) values (10,411,'217145287','NotificationSent',null,null,null);
Insert into ONBOARDING_PARTY (ONBOARDING_PARTY_SEQ,ONBOARDING_APPLICATION_ID,GCM_PAN,STATUS,FAILURE_MESSAGE,LAST_MODIFIED_DATE,LAST_MODIFIED_ID) values (1,472,'217160113',null,null,null,null);
Insert into ONBOARDING_PARTY (ONBOARDING_PARTY_SEQ,ONBOARDING_APPLICATION_ID,GCM_PAN,STATUS,FAILURE_MESSAGE,LAST_MODIFIED_DATE,LAST_MODIFIED_ID) values (1,483,'217160134','OnlineAccessRegistrationFailed','Technical Exception',null,null);
Insert into ONBOARDING_PARTY (ONBOARDING_PARTY_SEQ,ONBOARDING_APPLICATION_ID,GCM_PAN,STATUS,FAILURE_MESSAGE,LAST_MODIFIED_DATE,LAST_MODIFIED_ID) values (1,484,'217160135','OnlineAccessRegistrationFailed','Technical Exception',null,null);
Insert into ONBOARDING_PARTY (ONBOARDING_PARTY_SEQ,ONBOARDING_APPLICATION_ID,GCM_PAN,STATUS,FAILURE_MESSAGE,LAST_MODIFIED_DATE,LAST_MODIFIED_ID) values (1,511,'217160175','NotificationSent',null,null,null);
Insert into ONBOARDING_PARTY (ONBOARDING_PARTY_SEQ,ONBOARDING_APPLICATION_ID,GCM_PAN,STATUS,FAILURE_MESSAGE,LAST_MODIFIED_DATE,LAST_MODIFIED_ID) values (1,30,'217132632','NotificationSent',null,null,null);
Insert into ONBOARDING_PARTY (ONBOARDING_PARTY_SEQ,ONBOARDING_APPLICATION_ID,GCM_PAN,STATUS,FAILURE_MESSAGE,LAST_MODIFIED_DATE,LAST_MODIFIED_ID) values (1,42,'217132670','NotificationSent',null,null,null);
Insert into ONBOARDING_PARTY (ONBOARDING_PARTY_SEQ,ONBOARDING_APPLICATION_ID,GCM_PAN,STATUS,FAILURE_MESSAGE,LAST_MODIFIED_DATE,LAST_MODIFIED_ID) values (1,51,'217132713',null,null,null,null);
Insert into ONBOARDING_PARTY (ONBOARDING_PARTY_SEQ,ONBOARDING_APPLICATION_ID,GCM_PAN,STATUS,FAILURE_MESSAGE,LAST_MODIFIED_DATE,LAST_MODIFIED_ID) values (1,53,'217132715','NotificationSent',null,null,null);
Insert into ONBOARDING_PARTY (ONBOARDING_PARTY_SEQ,ONBOARDING_APPLICATION_ID,GCM_PAN,STATUS,FAILURE_MESSAGE,LAST_MODIFIED_DATE,LAST_MODIFIED_ID) values (1,54,'217132716','NotificationSent',null,null,null);
Insert into ONBOARDING_PARTY (ONBOARDING_PARTY_SEQ,ONBOARDING_APPLICATION_ID,GCM_PAN,STATUS,FAILURE_MESSAGE,LAST_MODIFIED_DATE,LAST_MODIFIED_ID) values (10,54,'217132717',null,null,null,null);
Insert into ONBOARDING_PARTY (ONBOARDING_PARTY_SEQ,ONBOARDING_APPLICATION_ID,GCM_PAN,STATUS,FAILURE_MESSAGE,LAST_MODIFIED_DATE,LAST_MODIFIED_ID) values (1,59,'217132722','NotificationSent',null,null,null);
Insert into ONBOARDING_PARTY (ONBOARDING_PARTY_SEQ,ONBOARDING_APPLICATION_ID,GCM_PAN,STATUS,FAILURE_MESSAGE,LAST_MODIFIED_DATE,LAST_MODIFIED_ID) values (1,60,'217132723','NotificationSent',null,null,null);
Insert into ONBOARDING_PARTY (ONBOARDING_PARTY_SEQ,ONBOARDING_APPLICATION_ID,GCM_PAN,STATUS,FAILURE_MESSAGE,LAST_MODIFIED_DATE,LAST_MODIFIED_ID) values (1,62,'217132726',null,null,null,null);
Insert into ONBOARDING_PARTY (ONBOARDING_PARTY_SEQ,ONBOARDING_APPLICATION_ID,GCM_PAN,STATUS,FAILURE_MESSAGE,LAST_MODIFIED_DATE,LAST_MODIFIED_ID) values (1,63,'217132727','NotificationSent',null,null,null);
Insert into ONBOARDING_PARTY (ONBOARDING_PARTY_SEQ,ONBOARDING_APPLICATION_ID,GCM_PAN,STATUS,FAILURE_MESSAGE,LAST_MODIFIED_DATE,LAST_MODIFIED_ID) values (1,67,'217132732','NotificationSent',null,null,null);
Insert into ONBOARDING_PARTY (ONBOARDING_PARTY_SEQ,ONBOARDING_APPLICATION_ID,GCM_PAN,STATUS,FAILURE_MESSAGE,LAST_MODIFIED_DATE,LAST_MODIFIED_ID) values (1,68,'217132733','NotificationSent',null,null,null);
Insert into ONBOARDING_PARTY (ONBOARDING_PARTY_SEQ,ONBOARDING_APPLICATION_ID,GCM_PAN,STATUS,FAILURE_MESSAGE,LAST_MODIFIED_DATE,LAST_MODIFIED_ID) values (1,69,'217132734','NotificationSent',null,null,null);
Insert into ONBOARDING_PARTY (ONBOARDING_PARTY_SEQ,ONBOARDING_APPLICATION_ID,GCM_PAN,STATUS,FAILURE_MESSAGE,LAST_MODIFIED_DATE,LAST_MODIFIED_ID) values (1,70,'217132735','NotificationSent',null,null,null);
Insert into ONBOARDING_PARTY (ONBOARDING_PARTY_SEQ,ONBOARDING_APPLICATION_ID,GCM_PAN,STATUS,FAILURE_MESSAGE,LAST_MODIFIED_DATE,LAST_MODIFIED_ID) values (1,79,'217132743','OnlineAccessRegistrationFailed','Technical Exception',null,null);
Insert into ONBOARDING_PARTY (ONBOARDING_PARTY_SEQ,ONBOARDING_APPLICATION_ID,GCM_PAN,STATUS,FAILURE_MESSAGE,LAST_MODIFIED_DATE,LAST_MODIFIED_ID) values (1,80,'217132744','NotificationSent',null,null,null);
Insert into ONBOARDING_PARTY (ONBOARDING_PARTY_SEQ,ONBOARDING_APPLICATION_ID,GCM_PAN,STATUS,FAILURE_MESSAGE,LAST_MODIFIED_DATE,LAST_MODIFIED_ID) values (1,91,'217132756','OnlineAccessRegistrationFailed','Technical Exception',null,null);
Insert into ONBOARDING_PARTY (ONBOARDING_PARTY_SEQ,ONBOARDING_APPLICATION_ID,GCM_PAN,STATUS,FAILURE_MESSAGE,LAST_MODIFIED_DATE,LAST_MODIFIED_ID) values (1,119,'217145034','OnlineAccessRegistrationFailed','Technical Exception',null,null);
Insert into ONBOARDING_PARTY (ONBOARDING_PARTY_SEQ,ONBOARDING_APPLICATION_ID,GCM_PAN,STATUS,FAILURE_MESSAGE,LAST_MODIFIED_DATE,LAST_MODIFIED_ID) values (1,129,'217145050','NotificationSent',null,null,null);
Insert into ONBOARDING_PARTY (ONBOARDING_PARTY_SEQ,ONBOARDING_APPLICATION_ID,GCM_PAN,STATUS,FAILURE_MESSAGE,LAST_MODIFIED_DATE,LAST_MODIFIED_ID) values (10,129,'217145051','DeviceRegistrationFailed','Sorry, I do not know what happened. Check the log',null,null);
Insert into ONBOARDING_PARTY (ONBOARDING_PARTY_SEQ,ONBOARDING_APPLICATION_ID,GCM_PAN,STATUS,FAILURE_MESSAGE,LAST_MODIFIED_DATE,LAST_MODIFIED_ID) values (1,225,'217145098','NotificationSent',null,null,null);
Insert into ONBOARDING_PARTY (ONBOARDING_PARTY_SEQ,ONBOARDING_APPLICATION_ID,GCM_PAN,STATUS,FAILURE_MESSAGE,LAST_MODIFIED_DATE,LAST_MODIFIED_ID) values (1,243,'217145136','OnlineAccessRegistrationFailed','Technical Exception',null,null);
Insert into ONBOARDING_PARTY (ONBOARDING_PARTY_SEQ,ONBOARDING_APPLICATION_ID,GCM_PAN,STATUS,FAILURE_MESSAGE,LAST_MODIFIED_DATE,LAST_MODIFIED_ID) values (1,249,'217145144','NotificationSent',null,null,null);
Insert into ONBOARDING_PARTY (ONBOARDING_PARTY_SEQ,ONBOARDING_APPLICATION_ID,GCM_PAN,STATUS,FAILURE_MESSAGE,LAST_MODIFIED_DATE,LAST_MODIFIED_ID) values (10,249,'217145145','NotificationSent',null,null,null);
Insert into ONBOARDING_PARTY (ONBOARDING_PARTY_SEQ,ONBOARDING_APPLICATION_ID,GCM_PAN,STATUS,FAILURE_MESSAGE,LAST_MODIFIED_DATE,LAST_MODIFIED_ID) values (1,258,'217145165','NotificationSent',null,null,null);
Insert into ONBOARDING_PARTY (ONBOARDING_PARTY_SEQ,ONBOARDING_APPLICATION_ID,GCM_PAN,STATUS,FAILURE_MESSAGE,LAST_MODIFIED_DATE,LAST_MODIFIED_ID) values (10,258,'217145166','NotificationSent',null,null,null);
Insert into ONBOARDING_PARTY (ONBOARDING_PARTY_SEQ,ONBOARDING_APPLICATION_ID,GCM_PAN,STATUS,FAILURE_MESSAGE,LAST_MODIFIED_DATE,LAST_MODIFIED_ID) values (19,258,'217145167','NotificationSent',null,null,null);
Insert into ONBOARDING_PARTY (ONBOARDING_PARTY_SEQ,ONBOARDING_APPLICATION_ID,GCM_PAN,STATUS,FAILURE_MESSAGE,LAST_MODIFIED_DATE,LAST_MODIFIED_ID) values (28,258,'217145168','NotificationSent',null,null,null);
Insert into ONBOARDING_PARTY (ONBOARDING_PARTY_SEQ,ONBOARDING_APPLICATION_ID,GCM_PAN,STATUS,FAILURE_MESSAGE,LAST_MODIFIED_DATE,LAST_MODIFIED_ID) values (37,258,'217145169','NotificationSent',null,null,null);
Insert into ONBOARDING_PARTY (ONBOARDING_PARTY_SEQ,ONBOARDING_APPLICATION_ID,GCM_PAN,STATUS,FAILURE_MESSAGE,LAST_MODIFIED_DATE,LAST_MODIFIED_ID) values (1,279,'217145184','OnlineAccessRegistrationFailed','Technical Exception',null,null);
Insert into ONBOARDING_PARTY (ONBOARDING_PARTY_SEQ,ONBOARDING_APPLICATION_ID,GCM_PAN,STATUS,FAILURE_MESSAGE,LAST_MODIFIED_DATE,LAST_MODIFIED_ID) values (1,280,'217145187','OnlineAccessRegistrationFailed','Technical Exception',null,null);
Insert into ONBOARDING_PARTY (ONBOARDING_PARTY_SEQ,ONBOARDING_APPLICATION_ID,GCM_PAN,STATUS,FAILURE_MESSAGE,LAST_MODIFIED_DATE,LAST_MODIFIED_ID) values (1,293,'217145191','NotificationSent',null,null,null);
Insert into ONBOARDING_PARTY (ONBOARDING_PARTY_SEQ,ONBOARDING_APPLICATION_ID,GCM_PAN,STATUS,FAILURE_MESSAGE,LAST_MODIFIED_DATE,LAST_MODIFIED_ID) values (1,376,'217145223','OnlineAccessRegistrationFailed','Technical Exception',null,null);
Insert into ONBOARDING_PARTY (ONBOARDING_PARTY_SEQ,ONBOARDING_APPLICATION_ID,GCM_PAN,STATUS,FAILURE_MESSAGE,LAST_MODIFIED_DATE,LAST_MODIFIED_ID) values (10,376,'217145224','OnlineAccessRegistrationFailed','Technical Exception',null,null);
Insert into ONBOARDING_PARTY (ONBOARDING_PARTY_SEQ,ONBOARDING_APPLICATION_ID,GCM_PAN,STATUS,FAILURE_MESSAGE,LAST_MODIFIED_DATE,LAST_MODIFIED_ID) values (1,377,'217145225','NotificationSent',null,null,null);
Insert into ONBOARDING_PARTY (ONBOARDING_PARTY_SEQ,ONBOARDING_APPLICATION_ID,GCM_PAN,STATUS,FAILURE_MESSAGE,LAST_MODIFIED_DATE,LAST_MODIFIED_ID) values (10,377,'217145226','NotificationSent',null,null,null);
Insert into ONBOARDING_PARTY (ONBOARDING_PARTY_SEQ,ONBOARDING_APPLICATION_ID,GCM_PAN,STATUS,FAILURE_MESSAGE,LAST_MODIFIED_DATE,LAST_MODIFIED_ID) values (1,395,'217145255','NotificationSent',null,null,null);
Insert into ONBOARDING_PARTY (ONBOARDING_PARTY_SEQ,ONBOARDING_APPLICATION_ID,GCM_PAN,STATUS,FAILURE_MESSAGE,LAST_MODIFIED_DATE,LAST_MODIFIED_ID) values (10,395,'217145256','NotificationSent',null,null,null);
Insert into ONBOARDING_PARTY (ONBOARDING_PARTY_SEQ,ONBOARDING_APPLICATION_ID,GCM_PAN,STATUS,FAILURE_MESSAGE,LAST_MODIFIED_DATE,LAST_MODIFIED_ID) values (19,395,'217145257','NotificationSent',null,null,null);
Insert into ONBOARDING_PARTY (ONBOARDING_PARTY_SEQ,ONBOARDING_APPLICATION_ID,GCM_PAN,STATUS,FAILURE_MESSAGE,LAST_MODIFIED_DATE,LAST_MODIFIED_ID) values (1,399,'217145261','NotificationSent',null,null,null);
Insert into ONBOARDING_PARTY (ONBOARDING_PARTY_SEQ,ONBOARDING_APPLICATION_ID,GCM_PAN,STATUS,FAILURE_MESSAGE,LAST_MODIFIED_DATE,LAST_MODIFIED_ID) values (10,399,'217145262','NotificationSent',null,null,null);
Insert into ONBOARDING_PARTY (ONBOARDING_PARTY_SEQ,ONBOARDING_APPLICATION_ID,GCM_PAN,STATUS,FAILURE_MESSAGE,LAST_MODIFIED_DATE,LAST_MODIFIED_ID) values (19,399,'217145263','NotificationSent',null,null,null);
Insert into ONBOARDING_PARTY (ONBOARDING_PARTY_SEQ,ONBOARDING_APPLICATION_ID,GCM_PAN,STATUS,FAILURE_MESSAGE,LAST_MODIFIED_DATE,LAST_MODIFIED_ID) values (28,399,'217145264','NotificationSent',null,null,null);
Insert into ONBOARDING_PARTY (ONBOARDING_PARTY_SEQ,ONBOARDING_APPLICATION_ID,GCM_PAN,STATUS,FAILURE_MESSAGE,LAST_MODIFIED_DATE,LAST_MODIFIED_ID) values (37,399,'217145265','NotificationSent',null,null,null);
Insert into ONBOARDING_PARTY (ONBOARDING_PARTY_SEQ,ONBOARDING_APPLICATION_ID,GCM_PAN,STATUS,FAILURE_MESSAGE,LAST_MODIFIED_DATE,LAST_MODIFIED_ID) values (1,400,'217145266','NotificationSent',null,null,null);
Insert into ONBOARDING_PARTY (ONBOARDING_PARTY_SEQ,ONBOARDING_APPLICATION_ID,GCM_PAN,STATUS,FAILURE_MESSAGE,LAST_MODIFIED_DATE,LAST_MODIFIED_ID) values (1,451,'217160067',null,null,null,null);
Insert into ONBOARDING_PARTY (ONBOARDING_PARTY_SEQ,ONBOARDING_APPLICATION_ID,GCM_PAN,STATUS,FAILURE_MESSAGE,LAST_MODIFIED_DATE,LAST_MODIFIED_ID) values (1,453,'217160070',null,null,null,null);
Insert into ONBOARDING_PARTY (ONBOARDING_PARTY_SEQ,ONBOARDING_APPLICATION_ID,GCM_PAN,STATUS,FAILURE_MESSAGE,LAST_MODIFIED_DATE,LAST_MODIFIED_ID) values (1,454,'217160071',null,null,null,null);
Insert into ONBOARDING_PARTY (ONBOARDING_PARTY_SEQ,ONBOARDING_APPLICATION_ID,GCM_PAN,STATUS,FAILURE_MESSAGE,LAST_MODIFIED_DATE,LAST_MODIFIED_ID) values (1,455,'217160105',null,null,null,null);
Insert into ONBOARDING_PARTY (ONBOARDING_PARTY_SEQ,ONBOARDING_APPLICATION_ID,GCM_PAN,STATUS,FAILURE_MESSAGE,LAST_MODIFIED_DATE,LAST_MODIFIED_ID) values (1,457,'217160109','OnlineAccessRegistrationFailed','Technical Exception',null,null);
Insert into ONBOARDING_PARTY (ONBOARDING_PARTY_SEQ,ONBOARDING_APPLICATION_ID,GCM_PAN,STATUS,FAILURE_MESSAGE,LAST_MODIFIED_DATE,LAST_MODIFIED_ID) values (1,480,'217160132',null,null,null,null);
Insert into ONBOARDING_PARTY (ONBOARDING_PARTY_SEQ,ONBOARDING_APPLICATION_ID,GCM_PAN,STATUS,FAILURE_MESSAGE,LAST_MODIFIED_DATE,LAST_MODIFIED_ID) values (1,481,'217160133',null,null,null,null);
Insert into ONBOARDING_PARTY (ONBOARDING_PARTY_SEQ,ONBOARDING_APPLICATION_ID,GCM_PAN,STATUS,FAILURE_MESSAGE,LAST_MODIFIED_DATE,LAST_MODIFIED_ID) values (1,485,'217160136',null,null,null,null);
Insert into ONBOARDING_PARTY (ONBOARDING_PARTY_SEQ,ONBOARDING_APPLICATION_ID,GCM_PAN,STATUS,FAILURE_MESSAGE,LAST_MODIFIED_DATE,LAST_MODIFIED_ID) values (1,493,'217160145','OnlineAccessRegistrationFailed','Technical Exception',null,null);
Insert into ONBOARDING_PARTY (ONBOARDING_PARTY_SEQ,ONBOARDING_APPLICATION_ID,GCM_PAN,STATUS,FAILURE_MESSAGE,LAST_MODIFIED_DATE,LAST_MODIFIED_ID) values (1,498,'217160158','NotificationSent',null,null,null);
Insert into ONBOARDING_PARTY (ONBOARDING_PARTY_SEQ,ONBOARDING_APPLICATION_ID,GCM_PAN,STATUS,FAILURE_MESSAGE,LAST_MODIFIED_DATE,LAST_MODIFIED_ID) values (1,505,'217160167','NotificationSent',null,null,null);
Insert into ONBOARDING_PARTY (ONBOARDING_PARTY_SEQ,ONBOARDING_APPLICATION_ID,GCM_PAN,STATUS,FAILURE_MESSAGE,LAST_MODIFIED_DATE,LAST_MODIFIED_ID) values (1,57,'217132719','NotificationSent',null,null,null);
Insert into ONBOARDING_PARTY (ONBOARDING_PARTY_SEQ,ONBOARDING_APPLICATION_ID,GCM_PAN,STATUS,FAILURE_MESSAGE,LAST_MODIFIED_DATE,LAST_MODIFIED_ID) values (1,61,'217132724','NotificationSent',null,null,null);
Insert into ONBOARDING_PARTY (ONBOARDING_PARTY_SEQ,ONBOARDING_APPLICATION_ID,GCM_PAN,STATUS,FAILURE_MESSAGE,LAST_MODIFIED_DATE,LAST_MODIFIED_ID) values (1,86,'217132750','NotificationSent',null,null,null);
Insert into ONBOARDING_PARTY (ONBOARDING_PARTY_SEQ,ONBOARDING_APPLICATION_ID,GCM_PAN,STATUS,FAILURE_MESSAGE,LAST_MODIFIED_DATE,LAST_MODIFIED_ID) values (1,122,'217145038','NotificationSent',null,null,null);
Insert into ONBOARDING_PARTY (ONBOARDING_PARTY_SEQ,ONBOARDING_APPLICATION_ID,GCM_PAN,STATUS,FAILURE_MESSAGE,LAST_MODIFIED_DATE,LAST_MODIFIED_ID) values (1,125,'217145045','NotificationSent',null,null,null);
Insert into ONBOARDING_PARTY (ONBOARDING_PARTY_SEQ,ONBOARDING_APPLICATION_ID,GCM_PAN,STATUS,FAILURE_MESSAGE,LAST_MODIFIED_DATE,LAST_MODIFIED_ID) values (1,126,'217145046','OnlineAccessRegistrationFailed','Technical Exception',null,null);
Insert into ONBOARDING_PARTY (ONBOARDING_PARTY_SEQ,ONBOARDING_APPLICATION_ID,GCM_PAN,STATUS,FAILURE_MESSAGE,LAST_MODIFIED_DATE,LAST_MODIFIED_ID) values (1,133,'217145059','OnlineAccessRegistrationFailed','Technical Exception',null,null);
Insert into ONBOARDING_PARTY (ONBOARDING_PARTY_SEQ,ONBOARDING_APPLICATION_ID,GCM_PAN,STATUS,FAILURE_MESSAGE,LAST_MODIFIED_DATE,LAST_MODIFIED_ID) values (1,134,'217145060','NotificationSent',null,null,null);
Insert into ONBOARDING_PARTY (ONBOARDING_PARTY_SEQ,ONBOARDING_APPLICATION_ID,GCM_PAN,STATUS,FAILURE_MESSAGE,LAST_MODIFIED_DATE,LAST_MODIFIED_ID) values (1,139,'217145067','NotificationSent',null,null,null);
Insert into ONBOARDING_PARTY (ONBOARDING_PARTY_SEQ,ONBOARDING_APPLICATION_ID,GCM_PAN,STATUS,FAILURE_MESSAGE,LAST_MODIFIED_DATE,LAST_MODIFIED_ID) values (1,146,'217145073','NotificationSent',null,null,null);
Insert into ONBOARDING_PARTY (ONBOARDING_PARTY_SEQ,ONBOARDING_APPLICATION_ID,GCM_PAN,STATUS,FAILURE_MESSAGE,LAST_MODIFIED_DATE,LAST_MODIFIED_ID) values (1,1,'217145074','OnlineAccessRegistrationFailed','Technical Exception',null,null);
Insert into ONBOARDING_PARTY (ONBOARDING_PARTY_SEQ,ONBOARDING_APPLICATION_ID,GCM_PAN,STATUS,FAILURE_MESSAGE,LAST_MODIFIED_DATE,LAST_MODIFIED_ID) values (1,190,'217145087','OnlineAccessRegistrationFailed','Technical Exception',null,null);
Insert into ONBOARDING_PARTY (ONBOARDING_PARTY_SEQ,ONBOARDING_APPLICATION_ID,GCM_PAN,STATUS,FAILURE_MESSAGE,LAST_MODIFIED_DATE,LAST_MODIFIED_ID) values (1,211,'217145090','OnlineAccessRegistrationFailed','Technical Exception',null,null);
Insert into ONBOARDING_PARTY (ONBOARDING_PARTY_SEQ,ONBOARDING_APPLICATION_ID,GCM_PAN,STATUS,FAILURE_MESSAGE,LAST_MODIFIED_DATE,LAST_MODIFIED_ID) values (1,244,'217145137','NotificationSent',null,null,null);
Insert into ONBOARDING_PARTY (ONBOARDING_PARTY_SEQ,ONBOARDING_APPLICATION_ID,GCM_PAN,STATUS,FAILURE_MESSAGE,LAST_MODIFIED_DATE,LAST_MODIFIED_ID) values (10,244,'217145138','NotificationSent',null,null,null);
Insert into ONBOARDING_PARTY (ONBOARDING_PARTY_SEQ,ONBOARDING_APPLICATION_ID,GCM_PAN,STATUS,FAILURE_MESSAGE,LAST_MODIFIED_DATE,LAST_MODIFIED_ID) values (1,245,'217145139','NotificationSent',null,null,null);
Insert into ONBOARDING_PARTY (ONBOARDING_PARTY_SEQ,ONBOARDING_APPLICATION_ID,GCM_PAN,STATUS,FAILURE_MESSAGE,LAST_MODIFIED_DATE,LAST_MODIFIED_ID) values (1,246,'217145140',null,null,null,null);
Insert into ONBOARDING_PARTY (ONBOARDING_PARTY_SEQ,ONBOARDING_APPLICATION_ID,GCM_PAN,STATUS,FAILURE_MESSAGE,LAST_MODIFIED_DATE,LAST_MODIFIED_ID) values (10,246,'217145141',null,null,null,null);
Insert into ONBOARDING_PARTY (ONBOARDING_PARTY_SEQ,ONBOARDING_APPLICATION_ID,GCM_PAN,STATUS,FAILURE_MESSAGE,LAST_MODIFIED_DATE,LAST_MODIFIED_ID) values (1,261,'217145174','NotificationSent',null,null,null);
Insert into ONBOARDING_PARTY (ONBOARDING_PARTY_SEQ,ONBOARDING_APPLICATION_ID,GCM_PAN,STATUS,FAILURE_MESSAGE,LAST_MODIFIED_DATE,LAST_MODIFIED_ID) values (1,282,'217145190','OnlineAccessRegistrationFailed','Technical Exception',null,null);
Insert into ONBOARDING_PARTY (ONBOARDING_PARTY_SEQ,ONBOARDING_APPLICATION_ID,GCM_PAN,STATUS,FAILURE_MESSAGE,LAST_MODIFIED_DATE,LAST_MODIFIED_ID) values (1,301,'217145194','OnlineAccessRegistrationFailed','Technical Exception',null,null);
Insert into ONBOARDING_PARTY (ONBOARDING_PARTY_SEQ,ONBOARDING_APPLICATION_ID,GCM_PAN,STATUS,FAILURE_MESSAGE,LAST_MODIFIED_DATE,LAST_MODIFIED_ID) values (10,301,'217145195','OnlineAccessRegistrationFailed','Technical Exception',null,null);
Insert into ONBOARDING_PARTY (ONBOARDING_PARTY_SEQ,ONBOARDING_APPLICATION_ID,GCM_PAN,STATUS,FAILURE_MESSAGE,LAST_MODIFIED_DATE,LAST_MODIFIED_ID) values (1,302,'217145196','OnlineAccessRegistrationFailed','Technical Exception',null,null);
Insert into ONBOARDING_PARTY (ONBOARDING_PARTY_SEQ,ONBOARDING_APPLICATION_ID,GCM_PAN,STATUS,FAILURE_MESSAGE,LAST_MODIFIED_DATE,LAST_MODIFIED_ID) values (10,302,'217145197','OnlineAccessRegistrationFailed','Technical Exception',null,null);
Insert into ONBOARDING_PARTY (ONBOARDING_PARTY_SEQ,ONBOARDING_APPLICATION_ID,GCM_PAN,STATUS,FAILURE_MESSAGE,LAST_MODIFIED_DATE,LAST_MODIFIED_ID) values (1,365,'217145209','OnlineAccessRegistrationFailed','Technical Exception',null,null);
Insert into ONBOARDING_PARTY (ONBOARDING_PARTY_SEQ,ONBOARDING_APPLICATION_ID,GCM_PAN,STATUS,FAILURE_MESSAGE,LAST_MODIFIED_DATE,LAST_MODIFIED_ID) values (1,366,'217145210','OnlineAccessRegistrationFailed','Technical Exception',null,null);
Insert into ONBOARDING_PARTY (ONBOARDING_PARTY_SEQ,ONBOARDING_APPLICATION_ID,GCM_PAN,STATUS,FAILURE_MESSAGE,LAST_MODIFIED_DATE,LAST_MODIFIED_ID) values (1,367,'217145211','NotificationSent',null,null,null);
Insert into ONBOARDING_PARTY (ONBOARDING_PARTY_SEQ,ONBOARDING_APPLICATION_ID,GCM_PAN,STATUS,FAILURE_MESSAGE,LAST_MODIFIED_DATE,LAST_MODIFIED_ID) values (1,380,'217145231','NotificationSent',null,null,null);
Insert into ONBOARDING_PARTY (ONBOARDING_PARTY_SEQ,ONBOARDING_APPLICATION_ID,GCM_PAN,STATUS,FAILURE_MESSAGE,LAST_MODIFIED_DATE,LAST_MODIFIED_ID) values (1,412,'217145289','NotificationSent',null,null,null);
Insert into ONBOARDING_PARTY (ONBOARDING_PARTY_SEQ,ONBOARDING_APPLICATION_ID,GCM_PAN,STATUS,FAILURE_MESSAGE,LAST_MODIFIED_DATE,LAST_MODIFIED_ID) values (10,412,'217145290','NotificationSent',null,null,null);
Insert into ONBOARDING_PARTY (ONBOARDING_PARTY_SEQ,ONBOARDING_APPLICATION_ID,GCM_PAN,STATUS,FAILURE_MESSAGE,LAST_MODIFIED_DATE,LAST_MODIFIED_ID) values (19,412,'217145291','NotificationSent',null,null,null);
Insert into ONBOARDING_PARTY (ONBOARDING_PARTY_SEQ,ONBOARDING_APPLICATION_ID,GCM_PAN,STATUS,FAILURE_MESSAGE,LAST_MODIFIED_DATE,LAST_MODIFIED_ID) values (1,456,'217160106','OnlineAccessRegistrationFailed','Technical Exception',null,null);
Insert into ONBOARDING_PARTY (ONBOARDING_PARTY_SEQ,ONBOARDING_APPLICATION_ID,GCM_PAN,STATUS,FAILURE_MESSAGE,LAST_MODIFIED_DATE,LAST_MODIFIED_ID) values (1,475,'217160117',null,null,null,null);
Insert into ONBOARDING_PARTY (ONBOARDING_PARTY_SEQ,ONBOARDING_APPLICATION_ID,GCM_PAN,STATUS,FAILURE_MESSAGE,LAST_MODIFIED_DATE,LAST_MODIFIED_ID) values (1,477,'217160128',null,null,null,null);
Insert into ONBOARDING_PARTY (ONBOARDING_PARTY_SEQ,ONBOARDING_APPLICATION_ID,GCM_PAN,STATUS,FAILURE_MESSAGE,LAST_MODIFIED_DATE,LAST_MODIFIED_ID) values (1,478,'217160129',null,null,null,null);
Insert into ONBOARDING_PARTY (ONBOARDING_PARTY_SEQ,ONBOARDING_APPLICATION_ID,GCM_PAN,STATUS,FAILURE_MESSAGE,LAST_MODIFIED_DATE,LAST_MODIFIED_ID) values (1,479,'217160130',null,null,null,null);
Insert into ONBOARDING_PARTY (ONBOARDING_PARTY_SEQ,ONBOARDING_APPLICATION_ID,GCM_PAN,STATUS,FAILURE_MESSAGE,LAST_MODIFIED_DATE,LAST_MODIFIED_ID) values (1,495,'217160148','OnlineAccessRegistrationFailed','Technical Exception',null,null);
Insert into ONBOARDING_PARTY (ONBOARDING_PARTY_SEQ,ONBOARDING_APPLICATION_ID,GCM_PAN,STATUS,FAILURE_MESSAGE,LAST_MODIFIED_DATE,LAST_MODIFIED_ID) values (1,22,'217132624','NotificationSent',null,null,null);
Insert into ONBOARDING_PARTY (ONBOARDING_PARTY_SEQ,ONBOARDING_APPLICATION_ID,GCM_PAN,STATUS,FAILURE_MESSAGE,LAST_MODIFIED_DATE,LAST_MODIFIED_ID) values (1,29,'217132630','NotificationSent',null,null,null);
Insert into ONBOARDING_PARTY (ONBOARDING_PARTY_SEQ,ONBOARDING_APPLICATION_ID,GCM_PAN,STATUS,FAILURE_MESSAGE,LAST_MODIFIED_DATE,LAST_MODIFIED_ID) values (1,64,'217132728','NotificationSent',null,null,null);
Insert into ONBOARDING_PARTY (ONBOARDING_PARTY_SEQ,ONBOARDING_APPLICATION_ID,GCM_PAN,STATUS,FAILURE_MESSAGE,LAST_MODIFIED_DATE,LAST_MODIFIED_ID) values (1,65,'217132729','NotificationSent',null,null,null);
Insert into ONBOARDING_PARTY (ONBOARDING_PARTY_SEQ,ONBOARDING_APPLICATION_ID,GCM_PAN,STATUS,FAILURE_MESSAGE,LAST_MODIFIED_DATE,LAST_MODIFIED_ID) values (1,66,'217132731','NotificationSent',null,null,null);
Insert into ONBOARDING_PARTY (ONBOARDING_PARTY_SEQ,ONBOARDING_APPLICATION_ID,GCM_PAN,STATUS,FAILURE_MESSAGE,LAST_MODIFIED_DATE,LAST_MODIFIED_ID) values (1,73,'217132739','NotificationSent',null,null,null);
Insert into ONBOARDING_PARTY (ONBOARDING_PARTY_SEQ,ONBOARDING_APPLICATION_ID,GCM_PAN,STATUS,FAILURE_MESSAGE,LAST_MODIFIED_DATE,LAST_MODIFIED_ID) values (1,89,'217132754','NotificationSent',null,null,null);
Insert into ONBOARDING_PARTY (ONBOARDING_PARTY_SEQ,ONBOARDING_APPLICATION_ID,GCM_PAN,STATUS,FAILURE_MESSAGE,LAST_MODIFIED_DATE,LAST_MODIFIED_ID) values (1,92,'217132757','OnlineAccessRegistrationFailed','Technical Exception',null,null);
Insert into ONBOARDING_PARTY (ONBOARDING_PARTY_SEQ,ONBOARDING_APPLICATION_ID,GCM_PAN,STATUS,FAILURE_MESSAGE,LAST_MODIFIED_DATE,LAST_MODIFIED_ID) values (1,93,'217132758','OnlineAccessRegistrationFailed','Technical Exception',null,null);
Insert into ONBOARDING_PARTY (ONBOARDING_PARTY_SEQ,ONBOARDING_APPLICATION_ID,GCM_PAN,STATUS,FAILURE_MESSAGE,LAST_MODIFIED_DATE,LAST_MODIFIED_ID) values (1,112,'217132766','NotificationSent',null,null,null);
Insert into ONBOARDING_PARTY (ONBOARDING_PARTY_SEQ,ONBOARDING_APPLICATION_ID,GCM_PAN,STATUS,FAILURE_MESSAGE,LAST_MODIFIED_DATE,LAST_MODIFIED_ID) values (1,123,'217145041','DeviceRegistrationFailed','Sorry, I do not know what happened. Check the log',null,null);
Insert into ONBOARDING_PARTY (ONBOARDING_PARTY_SEQ,ONBOARDING_APPLICATION_ID,GCM_PAN,STATUS,FAILURE_MESSAGE,LAST_MODIFIED_DATE,LAST_MODIFIED_ID) values (10,123,'217145042','NotificationSent',null,null,null);
Insert into ONBOARDING_PARTY (ONBOARDING_PARTY_SEQ,ONBOARDING_APPLICATION_ID,GCM_PAN,STATUS,FAILURE_MESSAGE,LAST_MODIFIED_DATE,LAST_MODIFIED_ID) values (1,124,'217145043','NotificationSent',null,null,null);
Insert into ONBOARDING_PARTY (ONBOARDING_PARTY_SEQ,ONBOARDING_APPLICATION_ID,GCM_PAN,STATUS,FAILURE_MESSAGE,LAST_MODIFIED_DATE,LAST_MODIFIED_ID) values (10,124,'217145044','NotificationSent',null,null,null);
Insert into ONBOARDING_PARTY (ONBOARDING_PARTY_SEQ,ONBOARDING_APPLICATION_ID,GCM_PAN,STATUS,FAILURE_MESSAGE,LAST_MODIFIED_DATE,LAST_MODIFIED_ID) values (1,128,'217145049','NotificationSent',null,null,null);
Insert into ONBOARDING_PARTY (ONBOARDING_PARTY_SEQ,ONBOARDING_APPLICATION_ID,GCM_PAN,STATUS,FAILURE_MESSAGE,LAST_MODIFIED_DATE,LAST_MODIFIED_ID) values (1,138,'217145066','NotificationSent',null,null,null);
Insert into ONBOARDING_PARTY (ONBOARDING_PARTY_SEQ,ONBOARDING_APPLICATION_ID,GCM_PAN,STATUS,FAILURE_MESSAGE,LAST_MODIFIED_DATE,LAST_MODIFIED_ID) values (1,143,'217145070','NotificationSent',null,null,null);
Insert into ONBOARDING_PARTY (ONBOARDING_PARTY_SEQ,ONBOARDING_APPLICATION_ID,GCM_PAN,STATUS,FAILURE_MESSAGE,LAST_MODIFIED_DATE,LAST_MODIFIED_ID) values (1,144,'217145071','NotificationSent',null,null,null);
Insert into ONBOARDING_PARTY (ONBOARDING_PARTY_SEQ,ONBOARDING_APPLICATION_ID,GCM_PAN,STATUS,FAILURE_MESSAGE,LAST_MODIFIED_DATE,LAST_MODIFIED_ID) values (1,212,'217145091','NotificationSent',null,null,null);
Insert into ONBOARDING_PARTY (ONBOARDING_PARTY_SEQ,ONBOARDING_APPLICATION_ID,GCM_PAN,STATUS,FAILURE_MESSAGE,LAST_MODIFIED_DATE,LAST_MODIFIED_ID) values (1,237,'217145125','NotificationSent',null,null,null);
Insert into ONBOARDING_PARTY (ONBOARDING_PARTY_SEQ,ONBOARDING_APPLICATION_ID,GCM_PAN,STATUS,FAILURE_MESSAGE,LAST_MODIFIED_DATE,LAST_MODIFIED_ID) values (1,238,'217145126','NotificationSent',null,null,null);
Insert into ONBOARDING_PARTY (ONBOARDING_PARTY_SEQ,ONBOARDING_APPLICATION_ID,GCM_PAN,STATUS,FAILURE_MESSAGE,LAST_MODIFIED_DATE,LAST_MODIFIED_ID) values (1,241,'217145130','NotificationSent',null,null,null);
Insert into ONBOARDING_PARTY (ONBOARDING_PARTY_SEQ,ONBOARDING_APPLICATION_ID,GCM_PAN,STATUS,FAILURE_MESSAGE,LAST_MODIFIED_DATE,LAST_MODIFIED_ID) values (1,242,'217145133',null,null,null,null);
Insert into ONBOARDING_PARTY (ONBOARDING_PARTY_SEQ,ONBOARDING_APPLICATION_ID,GCM_PAN,STATUS,FAILURE_MESSAGE,LAST_MODIFIED_DATE,LAST_MODIFIED_ID) values (10,242,'217145134',null,null,null,null);
Insert into ONBOARDING_PARTY (ONBOARDING_PARTY_SEQ,ONBOARDING_APPLICATION_ID,GCM_PAN,STATUS,FAILURE_MESSAGE,LAST_MODIFIED_DATE,LAST_MODIFIED_ID) values (1,254,'217145149','NotificationSent',null,null,null);
Insert into ONBOARDING_PARTY (ONBOARDING_PARTY_SEQ,ONBOARDING_APPLICATION_ID,GCM_PAN,STATUS,FAILURE_MESSAGE,LAST_MODIFIED_DATE,LAST_MODIFIED_ID) values (1,260,'217145173','NotificationSent',null,null,null);
Insert into ONBOARDING_PARTY (ONBOARDING_PARTY_SEQ,ONBOARDING_APPLICATION_ID,GCM_PAN,STATUS,FAILURE_MESSAGE,LAST_MODIFIED_DATE,LAST_MODIFIED_ID) values (1,370,'217145212','OnlineAccessRegistrationFailed','Technical Exception',null,null);
Insert into ONBOARDING_PARTY (ONBOARDING_PARTY_SEQ,ONBOARDING_APPLICATION_ID,GCM_PAN,STATUS,FAILURE_MESSAGE,LAST_MODIFIED_DATE,LAST_MODIFIED_ID) values (1,371,'217145213','NotificationSent',null,null,null);
Insert into ONBOARDING_PARTY (ONBOARDING_PARTY_SEQ,ONBOARDING_APPLICATION_ID,GCM_PAN,STATUS,FAILURE_MESSAGE,LAST_MODIFIED_DATE,LAST_MODIFIED_ID) values (10,371,'217145214','NotificationSent',null,null,null);
Insert into ONBOARDING_PARTY (ONBOARDING_PARTY_SEQ,ONBOARDING_APPLICATION_ID,GCM_PAN,STATUS,FAILURE_MESSAGE,LAST_MODIFIED_DATE,LAST_MODIFIED_ID) values (1,378,'217145227','OnlineAccessRegistrationFailed','Technical Exception',null,null);
Insert into ONBOARDING_PARTY (ONBOARDING_PARTY_SEQ,ONBOARDING_APPLICATION_ID,GCM_PAN,STATUS,FAILURE_MESSAGE,LAST_MODIFIED_DATE,LAST_MODIFIED_ID) values (1,385,'217145235','NotificationSent',null,null,null);
Insert into ONBOARDING_PARTY (ONBOARDING_PARTY_SEQ,ONBOARDING_APPLICATION_ID,GCM_PAN,STATUS,FAILURE_MESSAGE,LAST_MODIFIED_DATE,LAST_MODIFIED_ID) values (10,385,'217145236','NotificationSent',null,null,null);
Insert into ONBOARDING_PARTY (ONBOARDING_PARTY_SEQ,ONBOARDING_APPLICATION_ID,GCM_PAN,STATUS,FAILURE_MESSAGE,LAST_MODIFIED_DATE,LAST_MODIFIED_ID) values (1,387,'217145239','NotificationSent',null,null,null);
Insert into ONBOARDING_PARTY (ONBOARDING_PARTY_SEQ,ONBOARDING_APPLICATION_ID,GCM_PAN,STATUS,FAILURE_MESSAGE,LAST_MODIFIED_DATE,LAST_MODIFIED_ID) values (1,388,'217145240','NotificationSent',null,null,null);
Insert into ONBOARDING_PARTY (ONBOARDING_PARTY_SEQ,ONBOARDING_APPLICATION_ID,GCM_PAN,STATUS,FAILURE_MESSAGE,LAST_MODIFIED_DATE,LAST_MODIFIED_ID) values (1,389,'217145241','DeviceRegistrationFailed','Sorry, I do not know what happened. Check the log',null,null);
Insert into ONBOARDING_PARTY (ONBOARDING_PARTY_SEQ,ONBOARDING_APPLICATION_ID,GCM_PAN,STATUS,FAILURE_MESSAGE,LAST_MODIFIED_DATE,LAST_MODIFIED_ID) values (10,389,'217145242','NotificationSent',null,null,null);
Insert into ONBOARDING_PARTY (ONBOARDING_PARTY_SEQ,ONBOARDING_APPLICATION_ID,GCM_PAN,STATUS,FAILURE_MESSAGE,LAST_MODIFIED_DATE,LAST_MODIFIED_ID) values (1,390,'217145243','NotificationSent',null,null,null);
Insert into ONBOARDING_PARTY (ONBOARDING_PARTY_SEQ,ONBOARDING_APPLICATION_ID,GCM_PAN,STATUS,FAILURE_MESSAGE,LAST_MODIFIED_DATE,LAST_MODIFIED_ID) values (10,390,'217145244','DeviceRegistrationFailed','Sorry, I do not know what happened. Check the log',null,null);
Insert into ONBOARDING_PARTY (ONBOARDING_PARTY_SEQ,ONBOARDING_APPLICATION_ID,GCM_PAN,STATUS,FAILURE_MESSAGE,LAST_MODIFIED_DATE,LAST_MODIFIED_ID) values (1,391,'217145245','NotificationSent',null,null,null);
Insert into ONBOARDING_PARTY (ONBOARDING_PARTY_SEQ,ONBOARDING_APPLICATION_ID,GCM_PAN,STATUS,FAILURE_MESSAGE,LAST_MODIFIED_DATE,LAST_MODIFIED_ID) values (10,391,'217145246','NotificationSent',null,null,null);
Insert into ONBOARDING_PARTY (ONBOARDING_PARTY_SEQ,ONBOARDING_APPLICATION_ID,GCM_PAN,STATUS,FAILURE_MESSAGE,LAST_MODIFIED_DATE,LAST_MODIFIED_ID) values (19,391,'217145247','NotificationSent',null,null,null);
Insert into ONBOARDING_PARTY (ONBOARDING_PARTY_SEQ,ONBOARDING_APPLICATION_ID,GCM_PAN,STATUS,FAILURE_MESSAGE,LAST_MODIFIED_DATE,LAST_MODIFIED_ID) values (28,391,'217145248','NotificationSent',null,null,null);
Insert into ONBOARDING_PARTY (ONBOARDING_PARTY_SEQ,ONBOARDING_APPLICATION_ID,GCM_PAN,STATUS,FAILURE_MESSAGE,LAST_MODIFIED_DATE,LAST_MODIFIED_ID) values (1,393,'217145251','NotificationSent',null,null,null);
Insert into ONBOARDING_PARTY (ONBOARDING_PARTY_SEQ,ONBOARDING_APPLICATION_ID,GCM_PAN,STATUS,FAILURE_MESSAGE,LAST_MODIFIED_DATE,LAST_MODIFIED_ID) values (10,393,'217145252','DeviceRegistrationFailed','Sorry, I do not know what happened. Check the log',null,null);
Insert into ONBOARDING_PARTY (ONBOARDING_PARTY_SEQ,ONBOARDING_APPLICATION_ID,GCM_PAN,STATUS,FAILURE_MESSAGE,LAST_MODIFIED_DATE,LAST_MODIFIED_ID) values (1,394,'217145253','NotificationSent',null,null,null);
Insert into ONBOARDING_PARTY (ONBOARDING_PARTY_SEQ,ONBOARDING_APPLICATION_ID,GCM_PAN,STATUS,FAILURE_MESSAGE,LAST_MODIFIED_DATE,LAST_MODIFIED_ID) values (10,394,'217145254','NotificationSent',null,null,null);
Insert into ONBOARDING_PARTY (ONBOARDING_PARTY_SEQ,ONBOARDING_APPLICATION_ID,GCM_PAN,STATUS,FAILURE_MESSAGE,LAST_MODIFIED_DATE,LAST_MODIFIED_ID) values (1,396,'217145258','NotificationSent',null,null,null);
Insert into ONBOARDING_PARTY (ONBOARDING_PARTY_SEQ,ONBOARDING_APPLICATION_ID,GCM_PAN,STATUS,FAILURE_MESSAGE,LAST_MODIFIED_DATE,LAST_MODIFIED_ID) values (1,397,'217145259','NotificationSent',null,null,null);
Insert into ONBOARDING_PARTY (ONBOARDING_PARTY_SEQ,ONBOARDING_APPLICATION_ID,GCM_PAN,STATUS,FAILURE_MESSAGE,LAST_MODIFIED_DATE,LAST_MODIFIED_ID) values (1,406,'217145278','NotificationSent',null,null,null);
Insert into ONBOARDING_PARTY (ONBOARDING_PARTY_SEQ,ONBOARDING_APPLICATION_ID,GCM_PAN,STATUS,FAILURE_MESSAGE,LAST_MODIFIED_DATE,LAST_MODIFIED_ID) values (1,407,'217145279','NotificationSent',null,null,null);
Insert into ONBOARDING_PARTY (ONBOARDING_PARTY_SEQ,ONBOARDING_APPLICATION_ID,GCM_PAN,STATUS,FAILURE_MESSAGE,LAST_MODIFIED_DATE,LAST_MODIFIED_ID) values (10,407,'217145280','NotificationSent',null,null,null);
Insert into ONBOARDING_PARTY (ONBOARDING_PARTY_SEQ,ONBOARDING_APPLICATION_ID,GCM_PAN,STATUS,FAILURE_MESSAGE,LAST_MODIFIED_DATE,LAST_MODIFIED_ID) values (19,407,'217145281','NotificationSent',null,null,null);
Insert into ONBOARDING_PARTY (ONBOARDING_PARTY_SEQ,ONBOARDING_APPLICATION_ID,GCM_PAN,STATUS,FAILURE_MESSAGE,LAST_MODIFIED_DATE,LAST_MODIFIED_ID) values (28,407,'217145282','NotificationSent',null,null,null);
Insert into ONBOARDING_PARTY (ONBOARDING_PARTY_SEQ,ONBOARDING_APPLICATION_ID,GCM_PAN,STATUS,FAILURE_MESSAGE,LAST_MODIFIED_DATE,LAST_MODIFIED_ID) values (1,418,'217145300','OnlineAccessRegistrationFailed','Technical Exception',null,null);
Insert into ONBOARDING_PARTY (ONBOARDING_PARTY_SEQ,ONBOARDING_APPLICATION_ID,GCM_PAN,STATUS,FAILURE_MESSAGE,LAST_MODIFIED_DATE,LAST_MODIFIED_ID) values (1,461,'217160138','NotificationSent',null,null,null);
Insert into ONBOARDING_PARTY (ONBOARDING_PARTY_SEQ,ONBOARDING_APPLICATION_ID,GCM_PAN,STATUS,FAILURE_MESSAGE,LAST_MODIFIED_DATE,LAST_MODIFIED_ID) values (1,491,'217160143','NotificationSent',null,null,null);
Insert into ONBOARDING_PARTY (ONBOARDING_PARTY_SEQ,ONBOARDING_APPLICATION_ID,GCM_PAN,STATUS,FAILURE_MESSAGE,LAST_MODIFIED_DATE,LAST_MODIFIED_ID) values (1,492,'217160144','NotificationSent',null,null,null);
Insert into ONBOARDING_PARTY (ONBOARDING_PARTY_SEQ,ONBOARDING_APPLICATION_ID,GCM_PAN,STATUS,FAILURE_MESSAGE,LAST_MODIFIED_DATE,LAST_MODIFIED_ID) values (1,494,'217160146','OnlineAccessRegistrationFailed','Technical Exception',null,null);
Insert into ONBOARDING_PARTY (ONBOARDING_PARTY_SEQ,ONBOARDING_APPLICATION_ID,GCM_PAN,STATUS,FAILURE_MESSAGE,LAST_MODIFIED_DATE,LAST_MODIFIED_ID) values (10,494,'217160147','OnlineAccessRegistrationFailed','Technical Exception',null,null);
Insert into ONBOARDING_PARTY (ONBOARDING_PARTY_SEQ,ONBOARDING_APPLICATION_ID,GCM_PAN,STATUS,FAILURE_MESSAGE,LAST_MODIFIED_DATE,LAST_MODIFIED_ID) values (1,496,'217160150','NotificationSent',null,null,null);
Insert into ONBOARDING_PARTY (ONBOARDING_PARTY_SEQ,ONBOARDING_APPLICATION_ID,GCM_PAN,STATUS,FAILURE_MESSAGE,LAST_MODIFIED_DATE,LAST_MODIFIED_ID) values (6,496,'217160151','NotificationSent',null,null,null);
Insert into ONBOARDING_PARTY (ONBOARDING_PARTY_SEQ,ONBOARDING_APPLICATION_ID,GCM_PAN,STATUS,FAILURE_MESSAGE,LAST_MODIFIED_DATE,LAST_MODIFIED_ID) values (11,496,'217160152','NotificationSent',null,null,null);
Insert into ONBOARDING_PARTY (ONBOARDING_PARTY_SEQ,ONBOARDING_APPLICATION_ID,GCM_PAN,STATUS,FAILURE_MESSAGE,LAST_MODIFIED_DATE,LAST_MODIFIED_ID) values (1,497,'217160153','NotificationSent',null,null,null);
Insert into ONBOARDING_PARTY (ONBOARDING_PARTY_SEQ,ONBOARDING_APPLICATION_ID,GCM_PAN,STATUS,FAILURE_MESSAGE,LAST_MODIFIED_DATE,LAST_MODIFIED_ID) values (6,497,'217160154','NotificationSent',null,null,null);
Insert into ONBOARDING_PARTY (ONBOARDING_PARTY_SEQ,ONBOARDING_APPLICATION_ID,GCM_PAN,STATUS,FAILURE_MESSAGE,LAST_MODIFIED_DATE,LAST_MODIFIED_ID) values (11,497,'217160155','NotificationSent',null,null,null);
Insert into ONBOARDING_PARTY (ONBOARDING_PARTY_SEQ,ONBOARDING_APPLICATION_ID,GCM_PAN,STATUS,FAILURE_MESSAGE,LAST_MODIFIED_DATE,LAST_MODIFIED_ID) values (16,497,'217160156','NotificationSent',null,null,null);
Insert into ONBOARDING_PARTY (ONBOARDING_PARTY_SEQ,ONBOARDING_APPLICATION_ID,GCM_PAN,STATUS,FAILURE_MESSAGE,LAST_MODIFIED_DATE,LAST_MODIFIED_ID) values (21,497,'217160157','NotificationSent',null,null,null);
Insert into ONBOARDING_PARTY (ONBOARDING_PARTY_SEQ,ONBOARDING_APPLICATION_ID,GCM_PAN,STATUS,FAILURE_MESSAGE,LAST_MODIFIED_DATE,LAST_MODIFIED_ID) values (1,499,'217160159','NotificationSent',null,null,null);
Insert into ONBOARDING_PARTY (ONBOARDING_PARTY_SEQ,ONBOARDING_APPLICATION_ID,GCM_PAN,STATUS,FAILURE_MESSAGE,LAST_MODIFIED_DATE,LAST_MODIFIED_ID) values (8,499,'217160160','NotificationSent',null,null,null);
Insert into ONBOARDING_PARTY (ONBOARDING_PARTY_SEQ,ONBOARDING_APPLICATION_ID,GCM_PAN,STATUS,FAILURE_MESSAGE,LAST_MODIFIED_DATE,LAST_MODIFIED_ID) values (14,499,'217160161','NotificationSent',null,null,null);
Insert into ONBOARDING_PARTY (ONBOARDING_PARTY_SEQ,ONBOARDING_APPLICATION_ID,GCM_PAN,STATUS,FAILURE_MESSAGE,LAST_MODIFIED_DATE,LAST_MODIFIED_ID) values (1,19,'217132617','NotificationSent',null,null,null);
Insert into ONBOARDING_PARTY (ONBOARDING_PARTY_SEQ,ONBOARDING_APPLICATION_ID,GCM_PAN,STATUS,FAILURE_MESSAGE,LAST_MODIFIED_DATE,LAST_MODIFIED_ID) values (1,31,'217132633','NotificationSent',null,null,null);
Insert into ONBOARDING_PARTY (ONBOARDING_PARTY_SEQ,ONBOARDING_APPLICATION_ID,GCM_PAN,STATUS,FAILURE_MESSAGE,LAST_MODIFIED_DATE,LAST_MODIFIED_ID) values (1,47,'217132707','NotificationSent',null,null,null);
Insert into ONBOARDING_PARTY (ONBOARDING_PARTY_SEQ,ONBOARDING_APPLICATION_ID,GCM_PAN,STATUS,FAILURE_MESSAGE,LAST_MODIFIED_DATE,LAST_MODIFIED_ID) values (10,47,'217132708',null,null,null,null);
Insert into ONBOARDING_PARTY (ONBOARDING_PARTY_SEQ,ONBOARDING_APPLICATION_ID,GCM_PAN,STATUS,FAILURE_MESSAGE,LAST_MODIFIED_DATE,LAST_MODIFIED_ID) values (1,50,'217132711','NotificationSent',null,null,null);
Insert into ONBOARDING_PARTY (ONBOARDING_PARTY_SEQ,ONBOARDING_APPLICATION_ID,GCM_PAN,STATUS,FAILURE_MESSAGE,LAST_MODIFIED_DATE,LAST_MODIFIED_ID) values (1,55,'217132718',null,null,null,null);
Insert into ONBOARDING_PARTY (ONBOARDING_PARTY_SEQ,ONBOARDING_APPLICATION_ID,GCM_PAN,STATUS,FAILURE_MESSAGE,LAST_MODIFIED_DATE,LAST_MODIFIED_ID) values (1,71,'217132736','NotificationSent',null,null,null);
Insert into ONBOARDING_PARTY (ONBOARDING_PARTY_SEQ,ONBOARDING_APPLICATION_ID,GCM_PAN,STATUS,FAILURE_MESSAGE,LAST_MODIFIED_DATE,LAST_MODIFIED_ID) values (10,71,'217132737',null,null,null,null);
Insert into ONBOARDING_PARTY (ONBOARDING_PARTY_SEQ,ONBOARDING_APPLICATION_ID,GCM_PAN,STATUS,FAILURE_MESSAGE,LAST_MODIFIED_DATE,LAST_MODIFIED_ID) values (1,72,'217132738','NotificationSent',null,null,null);
Insert into ONBOARDING_PARTY (ONBOARDING_PARTY_SEQ,ONBOARDING_APPLICATION_ID,GCM_PAN,STATUS,FAILURE_MESSAGE,LAST_MODIFIED_DATE,LAST_MODIFIED_ID) values (1,77,'217132740','NotificationSent',null,null,null);
Insert into ONBOARDING_PARTY (ONBOARDING_PARTY_SEQ,ONBOARDING_APPLICATION_ID,GCM_PAN,STATUS,FAILURE_MESSAGE,LAST_MODIFIED_DATE,LAST_MODIFIED_ID) values (1,81,'217132745','NotificationSent',null,null,null);
Insert into ONBOARDING_PARTY (ONBOARDING_PARTY_SEQ,ONBOARDING_APPLICATION_ID,GCM_PAN,STATUS,FAILURE_MESSAGE,LAST_MODIFIED_DATE,LAST_MODIFIED_ID) values (1,83,'217132747','NotificationSent',null,null,null);
Insert into ONBOARDING_PARTY (ONBOARDING_PARTY_SEQ,ONBOARDING_APPLICATION_ID,GCM_PAN,STATUS,FAILURE_MESSAGE,LAST_MODIFIED_DATE,LAST_MODIFIED_ID) values (1,88,'217132753','NotificationSent',null,null,null);
Insert into ONBOARDING_PARTY (ONBOARDING_PARTY_SEQ,ONBOARDING_APPLICATION_ID,GCM_PAN,STATUS,FAILURE_MESSAGE,LAST_MODIFIED_DATE,LAST_MODIFIED_ID) values (1,107,'217132763','OnlineAccessRegistrationFailed','Technical Exception',null,null);
Insert into ONBOARDING_PARTY (ONBOARDING_PARTY_SEQ,ONBOARDING_APPLICATION_ID,GCM_PAN,STATUS,FAILURE_MESSAGE,LAST_MODIFIED_DATE,LAST_MODIFIED_ID) values (1,115,'217132767','NotificationSent',null,null,null);
Insert into ONBOARDING_PARTY (ONBOARDING_PARTY_SEQ,ONBOARDING_APPLICATION_ID,GCM_PAN,STATUS,FAILURE_MESSAGE,LAST_MODIFIED_DATE,LAST_MODIFIED_ID) values (1,121,'217145036','DeviceRegistrationFailed','Sorry, I do not know what happened. Check the log',null,null);
Insert into ONBOARDING_PARTY (ONBOARDING_PARTY_SEQ,ONBOARDING_APPLICATION_ID,GCM_PAN,STATUS,FAILURE_MESSAGE,LAST_MODIFIED_DATE,LAST_MODIFIED_ID) values (10,121,'217145037','NotificationSent',null,null,null);
Insert into ONBOARDING_PARTY (ONBOARDING_PARTY_SEQ,ONBOARDING_APPLICATION_ID,GCM_PAN,STATUS,FAILURE_MESSAGE,LAST_MODIFIED_DATE,LAST_MODIFIED_ID) values (1,127,'217145047','NotificationSent','Technical Exception',null,null);
Insert into ONBOARDING_PARTY (ONBOARDING_PARTY_SEQ,ONBOARDING_APPLICATION_ID,GCM_PAN,STATUS,FAILURE_MESSAGE,LAST_MODIFIED_DATE,LAST_MODIFIED_ID) values (1,142,'217145069','NotificationSent',null,null,null);
Insert into ONBOARDING_PARTY (ONBOARDING_PARTY_SEQ,ONBOARDING_APPLICATION_ID,GCM_PAN,STATUS,FAILURE_MESSAGE,LAST_MODIFIED_DATE,LAST_MODIFIED_ID) values (1,150,'217145076','NotificationSent',null,null,null);
Insert into ONBOARDING_PARTY (ONBOARDING_PARTY_SEQ,ONBOARDING_APPLICATION_ID,GCM_PAN,STATUS,FAILURE_MESSAGE,LAST_MODIFIED_DATE,LAST_MODIFIED_ID) values (1,151,'217145077','NotificationSent',null,null,null);
Insert into ONBOARDING_PARTY (ONBOARDING_PARTY_SEQ,ONBOARDING_APPLICATION_ID,GCM_PAN,STATUS,FAILURE_MESSAGE,LAST_MODIFIED_DATE,LAST_MODIFIED_ID) values (10,151,'217145078','NotificationSent',null,null,null);
Insert into ONBOARDING_PARTY (ONBOARDING_PARTY_SEQ,ONBOARDING_APPLICATION_ID,GCM_PAN,STATUS,FAILURE_MESSAGE,LAST_MODIFIED_DATE,LAST_MODIFIED_ID) values (1,189,'217145086','OnlineAccessRegistrationFailed','Technical Exception',null,null);
Insert into ONBOARDING_PARTY (ONBOARDING_PARTY_SEQ,ONBOARDING_APPLICATION_ID,GCM_PAN,STATUS,FAILURE_MESSAGE,LAST_MODIFIED_DATE,LAST_MODIFIED_ID) values (1,221,'217145092','NotificationSent',null,null,null);
Insert into ONBOARDING_PARTY (ONBOARDING_PARTY_SEQ,ONBOARDING_APPLICATION_ID,GCM_PAN,STATUS,FAILURE_MESSAGE,LAST_MODIFIED_DATE,LAST_MODIFIED_ID) values (10,221,'217145093','NotificationSent',null,null,null);
Insert into ONBOARDING_PARTY (ONBOARDING_PARTY_SEQ,ONBOARDING_APPLICATION_ID,GCM_PAN,STATUS,FAILURE_MESSAGE,LAST_MODIFIED_DATE,LAST_MODIFIED_ID) values (1,222,'217145094','NotificationSent',null,null,null);
Insert into ONBOARDING_PARTY (ONBOARDING_PARTY_SEQ,ONBOARDING_APPLICATION_ID,GCM_PAN,STATUS,FAILURE_MESSAGE,LAST_MODIFIED_DATE,LAST_MODIFIED_ID) values (1,223,'217145095','NotificationSent',null,null,null);
Insert into ONBOARDING_PARTY (ONBOARDING_PARTY_SEQ,ONBOARDING_APPLICATION_ID,GCM_PAN,STATUS,FAILURE_MESSAGE,LAST_MODIFIED_DATE,LAST_MODIFIED_ID) values (10,223,'217145096','NotificationSent',null,null,null);
Insert into ONBOARDING_PARTY (ONBOARDING_PARTY_SEQ,ONBOARDING_APPLICATION_ID,GCM_PAN,STATUS,FAILURE_MESSAGE,LAST_MODIFIED_DATE,LAST_MODIFIED_ID) values (1,224,'217145097','NotificationSent',null,null,null);
Insert into ONBOARDING_PARTY (ONBOARDING_PARTY_SEQ,ONBOARDING_APPLICATION_ID,GCM_PAN,STATUS,FAILURE_MESSAGE,LAST_MODIFIED_DATE,LAST_MODIFIED_ID) values (1,253,'217145148','NotificationSent',null,null,null);
Insert into ONBOARDING_PARTY (ONBOARDING_PARTY_SEQ,ONBOARDING_APPLICATION_ID,GCM_PAN,STATUS,FAILURE_MESSAGE,LAST_MODIFIED_DATE,LAST_MODIFIED_ID) values (1,299,'217145193','OnlineAccessRegistrationFailed','Technical Exception',null,null);
Insert into ONBOARDING_PARTY (ONBOARDING_PARTY_SEQ,ONBOARDING_APPLICATION_ID,GCM_PAN,STATUS,FAILURE_MESSAGE,LAST_MODIFIED_DATE,LAST_MODIFIED_ID) values (1,373,'217145215','NotificationSent',null,null,null);
Insert into ONBOARDING_PARTY (ONBOARDING_PARTY_SEQ,ONBOARDING_APPLICATION_ID,GCM_PAN,STATUS,FAILURE_MESSAGE,LAST_MODIFIED_DATE,LAST_MODIFIED_ID) values (1,382,'217145232','NotificationSent',null,null,null);
Insert into ONBOARDING_PARTY (ONBOARDING_PARTY_SEQ,ONBOARDING_APPLICATION_ID,GCM_PAN,STATUS,FAILURE_MESSAGE,LAST_MODIFIED_DATE,LAST_MODIFIED_ID) values (1,383,'217145233','NotificationSent',null,null,null);
Insert into ONBOARDING_PARTY (ONBOARDING_PARTY_SEQ,ONBOARDING_APPLICATION_ID,GCM_PAN,STATUS,FAILURE_MESSAGE,LAST_MODIFIED_DATE,LAST_MODIFIED_ID) values (1,384,'217145234','OnlineAccessRegistrationFailed','Technical Exception',null,null);
Insert into ONBOARDING_PARTY (ONBOARDING_PARTY_SEQ,ONBOARDING_APPLICATION_ID,GCM_PAN,STATUS,FAILURE_MESSAGE,LAST_MODIFIED_DATE,LAST_MODIFIED_ID) values (1,398,'217145260','NotificationSent',null,null,null);
Insert into ONBOARDING_PARTY (ONBOARDING_PARTY_SEQ,ONBOARDING_APPLICATION_ID,GCM_PAN,STATUS,FAILURE_MESSAGE,LAST_MODIFIED_DATE,LAST_MODIFIED_ID) values (1,474,'217160114',null,null,null,null);
Insert into ONBOARDING_PARTY (ONBOARDING_PARTY_SEQ,ONBOARDING_APPLICATION_ID,GCM_PAN,STATUS,FAILURE_MESSAGE,LAST_MODIFIED_DATE,LAST_MODIFIED_ID) values (1,486,'217160139','OnlineAccessRegistrationFailed','Technical Exception',null,null);
Insert into ONBOARDING_PARTY (ONBOARDING_PARTY_SEQ,ONBOARDING_APPLICATION_ID,GCM_PAN,STATUS,FAILURE_MESSAGE,LAST_MODIFIED_DATE,LAST_MODIFIED_ID) values (1,487,'217160140','OnlineAccessRegistrationFailed','Technical Exception',null,null);
Insert into ONBOARDING_PARTY (ONBOARDING_PARTY_SEQ,ONBOARDING_APPLICATION_ID,GCM_PAN,STATUS,FAILURE_MESSAGE,LAST_MODIFIED_DATE,LAST_MODIFIED_ID) values (1,488,'217160141',null,null,null,null);
Insert into ONBOARDING_PARTY (ONBOARDING_PARTY_SEQ,ONBOARDING_APPLICATION_ID,GCM_PAN,STATUS,FAILURE_MESSAGE,LAST_MODIFIED_DATE,LAST_MODIFIED_ID) values (1,500,'217160162','OnlineAccessRegistrationFailed','Technical Exception',null,null);
Insert into ONBOARDING_PARTY (ONBOARDING_PARTY_SEQ,ONBOARDING_APPLICATION_ID,GCM_PAN,STATUS,FAILURE_MESSAGE,LAST_MODIFIED_DATE,LAST_MODIFIED_ID) values (1,501,'217160163','OnlineAccessRegistrationFailed','Technical Exception',null,null);
Insert into ONBOARDING_PARTY (ONBOARDING_PARTY_SEQ,ONBOARDING_APPLICATION_ID,GCM_PAN,STATUS,FAILURE_MESSAGE,LAST_MODIFIED_DATE,LAST_MODIFIED_ID) values (1,502,'217160164','NotificationSent',null,null,null);
Insert into ONBOARDING_PARTY (ONBOARDING_PARTY_SEQ,ONBOARDING_APPLICATION_ID,GCM_PAN,STATUS,FAILURE_MESSAGE,LAST_MODIFIED_DATE,LAST_MODIFIED_ID) values (1,503,'217160165','NotificationSent',null,null,null);
Insert into ONBOARDING_PARTY (ONBOARDING_PARTY_SEQ,ONBOARDING_APPLICATION_ID,GCM_PAN,STATUS,FAILURE_MESSAGE,LAST_MODIFIED_DATE,LAST_MODIFIED_ID) values (1,504,'217160166','NotificationSent',null,null,null);
Insert into ONBOARDING_PARTY (ONBOARDING_PARTY_SEQ,ONBOARDING_APPLICATION_ID,GCM_PAN,STATUS,FAILURE_MESSAGE,LAST_MODIFIED_DATE,LAST_MODIFIED_ID) values (1,507,'217160169','NotificationSent',null,null,null);
Insert into ONBOARDING_PARTY (ONBOARDING_PARTY_SEQ,ONBOARDING_APPLICATION_ID,GCM_PAN,STATUS,FAILURE_MESSAGE,LAST_MODIFIED_DATE,LAST_MODIFIED_ID) values (6,507,'217160170','NotificationSent',null,null,null);
Insert into ONBOARDING_PARTY (ONBOARDING_PARTY_SEQ,ONBOARDING_APPLICATION_ID,GCM_PAN,STATUS,FAILURE_MESSAGE,LAST_MODIFIED_DATE,LAST_MODIFIED_ID) values (11,507,'217160171','NotificationSent',null,null,null);
Insert into ONBOARDING_PARTY (ONBOARDING_PARTY_SEQ,ONBOARDING_APPLICATION_ID,GCM_PAN,STATUS,FAILURE_MESSAGE,LAST_MODIFIED_DATE,LAST_MODIFIED_ID) values (16,507,'217160172','NotificationSent',null,null,null);
Insert into ONBOARDING_PARTY (ONBOARDING_PARTY_SEQ,ONBOARDING_APPLICATION_ID,GCM_PAN,STATUS,FAILURE_MESSAGE,LAST_MODIFIED_DATE,LAST_MODIFIED_ID) values (21,507,'217160173','NotificationSent',null,null,null);
REM INSERTING into PAYEE
SET DEFINE OFF;
REM INSERTING into PAYEE_TYPE
SET DEFINE OFF;
REM INSERTING into PAY_ANYONE_PAYEE
SET DEFINE OFF;
REM INSERTING into USERS
SET DEFINE OFF;
Insert into USERS (USER_ID,ADVISER_ID,ISFIRSTTIME_LOGGEDIN,TNC_ACCEPTED,TNC_ACCEPTED_ON,WHATS_NEW_VERSION) values ('201602110','30962','N','N',null,null);
Insert into USERS (USER_ID,ADVISER_ID,ISFIRSTTIME_LOGGEDIN,TNC_ACCEPTED,TNC_ACCEPTED_ON,WHATS_NEW_VERSION) values ('201602121','30962','N','N',null,null);
Insert into USERS (USER_ID,ADVISER_ID,ISFIRSTTIME_LOGGEDIN,TNC_ACCEPTED,TNC_ACCEPTED_ON,WHATS_NEW_VERSION) values ('201602159','31234','N','Y',to_date('10/MAR/14','DD/MON/RR'),null);
Insert into USERS (USER_ID,ADVISER_ID,ISFIRSTTIME_LOGGEDIN,TNC_ACCEPTED,TNC_ACCEPTED_ON,WHATS_NEW_VERSION) values ('201602155','31209','N','Y',to_date('10/MAR/14','DD/MON/RR'),null);
Insert into USERS (USER_ID,ADVISER_ID,ISFIRSTTIME_LOGGEDIN,TNC_ACCEPTED,TNC_ACCEPTED_ON,WHATS_NEW_VERSION) values ('201602180','31234','N','Y',to_date('10/MAR/14','DD/MON/RR'),null);
Insert into USERS (USER_ID,ADVISER_ID,ISFIRSTTIME_LOGGEDIN,TNC_ACCEPTED,TNC_ACCEPTED_ON,WHATS_NEW_VERSION) values ('201602184','31209','N','Y',to_date('11/MAR/14','DD/MON/RR'),null);
Insert into USERS (USER_ID,ADVISER_ID,ISFIRSTTIME_LOGGEDIN,TNC_ACCEPTED,TNC_ACCEPTED_ON,WHATS_NEW_VERSION) values ('201602190','31234','N','Y',to_date('11/MAR/14','DD/MON/RR'),null);
Insert into USERS (USER_ID,ADVISER_ID,ISFIRSTTIME_LOGGEDIN,TNC_ACCEPTED,TNC_ACCEPTED_ON,WHATS_NEW_VERSION) values ('201602182','31209','N','N',null,null);
Insert into USERS (USER_ID,ADVISER_ID,ISFIRSTTIME_LOGGEDIN,TNC_ACCEPTED,TNC_ACCEPTED_ON,WHATS_NEW_VERSION) values ('201602198','31234','N','Y',to_date('11/MAR/14','DD/MON/RR'),null);
Insert into USERS (USER_ID,ADVISER_ID,ISFIRSTTIME_LOGGEDIN,TNC_ACCEPTED,TNC_ACCEPTED_ON,WHATS_NEW_VERSION) values ('201602200','31234','N','Y',to_date('11/MAR/14','DD/MON/RR'),null);
Insert into USERS (USER_ID,ADVISER_ID,ISFIRSTTIME_LOGGEDIN,TNC_ACCEPTED,TNC_ACCEPTED_ON,WHATS_NEW_VERSION) values ('201602192','31234','N','Y',to_date('11/MAR/14','DD/MON/RR'),null);
Insert into USERS (USER_ID,ADVISER_ID,ISFIRSTTIME_LOGGEDIN,TNC_ACCEPTED,TNC_ACCEPTED_ON,WHATS_NEW_VERSION) values ('201602205','31234','N','Y',to_date('11/MAR/14','DD/MON/RR'),null);
Insert into USERS (USER_ID,ADVISER_ID,ISFIRSTTIME_LOGGEDIN,TNC_ACCEPTED,TNC_ACCEPTED_ON,WHATS_NEW_VERSION) values ('201602207','31330','N','Y',to_date('11/MAR/14','DD/MON/RR'),null);
Insert into USERS (USER_ID,ADVISER_ID,ISFIRSTTIME_LOGGEDIN,TNC_ACCEPTED,TNC_ACCEPTED_ON,WHATS_NEW_VERSION) values ('201602220','31234','N','Y',to_date('11/MAR/14','DD/MON/RR'),null);
Insert into USERS (USER_ID,ADVISER_ID,ISFIRSTTIME_LOGGEDIN,TNC_ACCEPTED,TNC_ACCEPTED_ON,WHATS_NEW_VERSION) values ('201602222','31330','N','Y',to_date('11/MAR/14','DD/MON/RR'),null);
Insert into USERS (USER_ID,ADVISER_ID,ISFIRSTTIME_LOGGEDIN,TNC_ACCEPTED,TNC_ACCEPTED_ON,WHATS_NEW_VERSION) values ('201602203','31234','N','Y',to_date('11/MAR/14','DD/MON/RR'),null);
Insert into USERS (USER_ID,ADVISER_ID,ISFIRSTTIME_LOGGEDIN,TNC_ACCEPTED,TNC_ACCEPTED_ON,WHATS_NEW_VERSION) values ('201602226','31234','N','Y',to_date('12/MAR/14','DD/MON/RR'),null);
Insert into USERS (USER_ID,ADVISER_ID,ISFIRSTTIME_LOGGEDIN,TNC_ACCEPTED,TNC_ACCEPTED_ON,WHATS_NEW_VERSION) values ('201602230','31384','N','Y',to_date('12/MAR/14','DD/MON/RR'),null);
Insert into USERS (USER_ID,ADVISER_ID,ISFIRSTTIME_LOGGEDIN,TNC_ACCEPTED,TNC_ACCEPTED_ON,WHATS_NEW_VERSION) values ('201602229','31377','N','Y',to_date('12/MAR/14','DD/MON/RR'),null);
Insert into USERS (USER_ID,ADVISER_ID,ISFIRSTTIME_LOGGEDIN,TNC_ACCEPTED,TNC_ACCEPTED_ON,WHATS_NEW_VERSION) values ('201602243','31234','N','Y',to_date('12/MAR/14','DD/MON/RR'),null);
Insert into USERS (USER_ID,ADVISER_ID,ISFIRSTTIME_LOGGEDIN,TNC_ACCEPTED,TNC_ACCEPTED_ON,WHATS_NEW_VERSION) values ('201602240','31377','N','Y',to_date('12/MAR/14','DD/MON/RR'),null);
Insert into USERS (USER_ID,ADVISER_ID,ISFIRSTTIME_LOGGEDIN,TNC_ACCEPTED,TNC_ACCEPTED_ON,WHATS_NEW_VERSION) values ('201601934','30762','N','N',null,null);
Insert into USERS (USER_ID,ADVISER_ID,ISFIRSTTIME_LOGGEDIN,TNC_ACCEPTED,TNC_ACCEPTED_ON,WHATS_NEW_VERSION) values ('201602252','31384','N','Y',to_date('13/MAR/14','DD/MON/RR'),null);
Insert into USERS (USER_ID,ADVISER_ID,ISFIRSTTIME_LOGGEDIN,TNC_ACCEPTED,TNC_ACCEPTED_ON,WHATS_NEW_VERSION) values ('201602261','31384','N','Y',to_date('13/MAR/14','DD/MON/RR'),null);
Insert into USERS (USER_ID,ADVISER_ID,ISFIRSTTIME_LOGGEDIN,TNC_ACCEPTED,TNC_ACCEPTED_ON,WHATS_NEW_VERSION) values ('201602268','31384','N','Y',to_date('13/MAR/14','DD/MON/RR'),null);
Insert into USERS (USER_ID,ADVISER_ID,ISFIRSTTIME_LOGGEDIN,TNC_ACCEPTED,TNC_ACCEPTED_ON,WHATS_NEW_VERSION) values ('201602270','31234','N','Y',to_date('13/MAR/14','DD/MON/RR'),null);
Insert into USERS (USER_ID,ADVISER_ID,ISFIRSTTIME_LOGGEDIN,TNC_ACCEPTED,TNC_ACCEPTED_ON,WHATS_NEW_VERSION) values ('201602359','31234','N','Y',to_date('17/MAR/14','DD/MON/RR'),null);
Insert into USERS (USER_ID,ADVISER_ID,ISFIRSTTIME_LOGGEDIN,TNC_ACCEPTED,TNC_ACCEPTED_ON,WHATS_NEW_VERSION) values ('201602379','31234','N','Y',to_date('18/MAR/14','DD/MON/RR'),null);
Insert into USERS (USER_ID,ADVISER_ID,ISFIRSTTIME_LOGGEDIN,TNC_ACCEPTED,TNC_ACCEPTED_ON,WHATS_NEW_VERSION) values ('201602228','31370','N','Y',to_date('21/MAR/14','DD/MON/RR'),null);
Insert into USERS (USER_ID,ADVISER_ID,ISFIRSTTIME_LOGGEDIN,TNC_ACCEPTED,TNC_ACCEPTED_ON,WHATS_NEW_VERSION) values ('201602408','31370','N','Y',to_date('22/MAR/14','DD/MON/RR'),null);
Insert into USERS (USER_ID,ADVISER_ID,ISFIRSTTIME_LOGGEDIN,TNC_ACCEPTED,TNC_ACCEPTED_ON,WHATS_NEW_VERSION) values ('201602409','31370','N','Y',to_date('22/MAR/14','DD/MON/RR'),null);
Insert into USERS (USER_ID,ADVISER_ID,ISFIRSTTIME_LOGGEDIN,TNC_ACCEPTED,TNC_ACCEPTED_ON,WHATS_NEW_VERSION) values ('201602416','31234','N','Y',to_date('24/MAR/14','DD/MON/RR'),null);
Insert into USERS (USER_ID,ADVISER_ID,ISFIRSTTIME_LOGGEDIN,TNC_ACCEPTED,TNC_ACCEPTED_ON,WHATS_NEW_VERSION) values ('201602419','31330','N','Y',to_date('24/MAR/14','DD/MON/RR'),null);
Insert into USERS (USER_ID,ADVISER_ID,ISFIRSTTIME_LOGGEDIN,TNC_ACCEPTED,TNC_ACCEPTED_ON,WHATS_NEW_VERSION) values ('201602420','31330','N','Y',to_date('24/MAR/14','DD/MON/RR'),null);
Insert into USERS (USER_ID,ADVISER_ID,ISFIRSTTIME_LOGGEDIN,TNC_ACCEPTED,TNC_ACCEPTED_ON,WHATS_NEW_VERSION) values ('201602428','31377','N','Y',to_date('24/MAR/14','DD/MON/RR'),null);
Insert into USERS (USER_ID,ADVISER_ID,ISFIRSTTIME_LOGGEDIN,TNC_ACCEPTED,TNC_ACCEPTED_ON,WHATS_NEW_VERSION) values ('201602401','31652','N','Y',to_date('24/MAR/14','DD/MON/RR'),null);
Insert into USERS (USER_ID,ADVISER_ID,ISFIRSTTIME_LOGGEDIN,TNC_ACCEPTED,TNC_ACCEPTED_ON,WHATS_NEW_VERSION) values ('201602447','31384','N','Y',to_date('26/MAR/14','DD/MON/RR'),null);
Insert into USERS (USER_ID,ADVISER_ID,ISFIRSTTIME_LOGGEDIN,TNC_ACCEPTED,TNC_ACCEPTED_ON,WHATS_NEW_VERSION) values ('201602476','31234','N','Y',to_date('28/MAR/14','DD/MON/RR'),null);
Insert into USERS (USER_ID,ADVISER_ID,ISFIRSTTIME_LOGGEDIN,TNC_ACCEPTED,TNC_ACCEPTED_ON,WHATS_NEW_VERSION) values ('201602497','31209','N','Y',to_date('29/MAR/14','DD/MON/RR'),null);
Insert into USERS (USER_ID,ADVISER_ID,ISFIRSTTIME_LOGGEDIN,TNC_ACCEPTED,TNC_ACCEPTED_ON,WHATS_NEW_VERSION) values ('201602499','31384','N','Y',to_date('29/MAR/14','DD/MON/RR'),null);
Insert into USERS (USER_ID,ADVISER_ID,ISFIRSTTIME_LOGGEDIN,TNC_ACCEPTED,TNC_ACCEPTED_ON,WHATS_NEW_VERSION) values ('201602501','31384','N','Y',to_date('29/MAR/14','DD/MON/RR'),null);
Insert into USERS (USER_ID,ADVISER_ID,ISFIRSTTIME_LOGGEDIN,TNC_ACCEPTED,TNC_ACCEPTED_ON,WHATS_NEW_VERSION) values ('201602502','31384','N','Y',to_date('29/MAR/14','DD/MON/RR'),null);
Insert into USERS (USER_ID,ADVISER_ID,ISFIRSTTIME_LOGGEDIN,TNC_ACCEPTED,TNC_ACCEPTED_ON,WHATS_NEW_VERSION) values ('201602556','31652','N','Y',to_date('29/MAR/14','DD/MON/RR'),null);
Insert into USERS (USER_ID,ADVISER_ID,ISFIRSTTIME_LOGGEDIN,TNC_ACCEPTED,TNC_ACCEPTED_ON,WHATS_NEW_VERSION) values ('201602546','31384','Y','Y',to_date('29/MAR/14','DD/MON/RR'),null);
Insert into USERS (USER_ID,ADVISER_ID,ISFIRSTTIME_LOGGEDIN,TNC_ACCEPTED,TNC_ACCEPTED_ON,WHATS_NEW_VERSION) values ('201602545','31384','Y','Y',to_date('29/MAR/14','DD/MON/RR'),null);
Insert into USERS (USER_ID,ADVISER_ID,ISFIRSTTIME_LOGGEDIN,TNC_ACCEPTED,TNC_ACCEPTED_ON,WHATS_NEW_VERSION) values ('201602547','31384','Y','Y',to_date('29/MAR/14','DD/MON/RR'),null);
Insert into USERS (USER_ID,ADVISER_ID,ISFIRSTTIME_LOGGEDIN,TNC_ACCEPTED,TNC_ACCEPTED_ON,WHATS_NEW_VERSION) values ('201602549','31384','Y','Y',to_date('29/MAR/14','DD/MON/RR'),null);
Insert into USERS (USER_ID,ADVISER_ID,ISFIRSTTIME_LOGGEDIN,TNC_ACCEPTED,TNC_ACCEPTED_ON,WHATS_NEW_VERSION) values ('201602562','31330','N','Y',to_date('30/MAR/14','DD/MON/RR'),null);
Insert into USERS (USER_ID,ADVISER_ID,ISFIRSTTIME_LOGGEDIN,TNC_ACCEPTED,TNC_ACCEPTED_ON,WHATS_NEW_VERSION) values ('201602527','31384','N','Y',to_date('31/MAR/14','DD/MON/RR'),null);
Insert into USERS (USER_ID,ADVISER_ID,ISFIRSTTIME_LOGGEDIN,TNC_ACCEPTED,TNC_ACCEPTED_ON,WHATS_NEW_VERSION) values ('201602528','31384','N','Y',to_date('31/MAR/14','DD/MON/RR'),null);
Insert into USERS (USER_ID,ADVISER_ID,ISFIRSTTIME_LOGGEDIN,TNC_ACCEPTED,TNC_ACCEPTED_ON,WHATS_NEW_VERSION) values ('201602534','31384','N','Y',to_date('31/MAR/14','DD/MON/RR'),null);
Insert into USERS (USER_ID,ADVISER_ID,ISFIRSTTIME_LOGGEDIN,TNC_ACCEPTED,TNC_ACCEPTED_ON,WHATS_NEW_VERSION) values ('201602535','31384','N','Y',to_date('31/MAR/14','DD/MON/RR'),null);
Insert into USERS (USER_ID,ADVISER_ID,ISFIRSTTIME_LOGGEDIN,TNC_ACCEPTED,TNC_ACCEPTED_ON,WHATS_NEW_VERSION) values ('201602536','31384','N','Y',to_date('31/MAR/14','DD/MON/RR'),null);
Insert into USERS (USER_ID,ADVISER_ID,ISFIRSTTIME_LOGGEDIN,TNC_ACCEPTED,TNC_ACCEPTED_ON,WHATS_NEW_VERSION) values ('201602537','31384','N','Y',to_date('31/MAR/14','DD/MON/RR'),null);
Insert into USERS (USER_ID,ADVISER_ID,ISFIRSTTIME_LOGGEDIN,TNC_ACCEPTED,TNC_ACCEPTED_ON,WHATS_NEW_VERSION) values ('201602522','31384','N','Y',to_date('31/MAR/14','DD/MON/RR'),null);
Insert into USERS (USER_ID,ADVISER_ID,ISFIRSTTIME_LOGGEDIN,TNC_ACCEPTED,TNC_ACCEPTED_ON,WHATS_NEW_VERSION) values ('201602508','31384','N','Y',to_date('31/MAR/14','DD/MON/RR'),null);
Insert into USERS (USER_ID,ADVISER_ID,ISFIRSTTIME_LOGGEDIN,TNC_ACCEPTED,TNC_ACCEPTED_ON,WHATS_NEW_VERSION) values ('201602521','31384','N','Y',to_date('31/MAR/14','DD/MON/RR'),null);
Insert into USERS (USER_ID,ADVISER_ID,ISFIRSTTIME_LOGGEDIN,TNC_ACCEPTED,TNC_ACCEPTED_ON,WHATS_NEW_VERSION) values ('201602506','31384','N','Y',to_date('31/MAR/14','DD/MON/RR'),null);
Insert into USERS (USER_ID,ADVISER_ID,ISFIRSTTIME_LOGGEDIN,TNC_ACCEPTED,TNC_ACCEPTED_ON,WHATS_NEW_VERSION) values ('201602507','31384','N','Y',to_date('31/MAR/14','DD/MON/RR'),null);
Insert into USERS (USER_ID,ADVISER_ID,ISFIRSTTIME_LOGGEDIN,TNC_ACCEPTED,TNC_ACCEPTED_ON,WHATS_NEW_VERSION) values ('201602450','31652','N','Y',to_date('31/MAR/14','DD/MON/RR'),null);
Insert into USERS (USER_ID,ADVISER_ID,ISFIRSTTIME_LOGGEDIN,TNC_ACCEPTED,TNC_ACCEPTED_ON,WHATS_NEW_VERSION) values ('201602625','31384','Y','Y',to_date('31/MAR/14','DD/MON/RR'),null);
Insert into USERS (USER_ID,ADVISER_ID,ISFIRSTTIME_LOGGEDIN,TNC_ACCEPTED,TNC_ACCEPTED_ON,WHATS_NEW_VERSION) values ('201602634','31234','N','Y',to_date('31/MAR/14','DD/MON/RR'),null);
Insert into USERS (USER_ID,ADVISER_ID,ISFIRSTTIME_LOGGEDIN,TNC_ACCEPTED,TNC_ACCEPTED_ON,WHATS_NEW_VERSION) values ('201602624','31384','Y','Y',to_date('01/APR/14','DD/MON/RR'),null);
Insert into USERS (USER_ID,ADVISER_ID,ISFIRSTTIME_LOGGEDIN,TNC_ACCEPTED,TNC_ACCEPTED_ON,WHATS_NEW_VERSION) values ('201602642','31652','N','Y',to_date('01/APR/14','DD/MON/RR'),null);
Insert into USERS (USER_ID,ADVISER_ID,ISFIRSTTIME_LOGGEDIN,TNC_ACCEPTED,TNC_ACCEPTED_ON,WHATS_NEW_VERSION) values ('201602653','32122','N','Y',to_date('02/APR/14','DD/MON/RR'),null);
Insert into USERS (USER_ID,ADVISER_ID,ISFIRSTTIME_LOGGEDIN,TNC_ACCEPTED,TNC_ACCEPTED_ON,WHATS_NEW_VERSION) values ('201602692','31234','N','Y',to_date('02/APR/14','DD/MON/RR'),null);
Insert into USERS (USER_ID,ADVISER_ID,ISFIRSTTIME_LOGGEDIN,TNC_ACCEPTED,TNC_ACCEPTED_ON,WHATS_NEW_VERSION) values ('201602728','31234','N','Y',to_date('03/APR/14','DD/MON/RR'),null);
Insert into USERS (USER_ID,ADVISER_ID,ISFIRSTTIME_LOGGEDIN,TNC_ACCEPTED,TNC_ACCEPTED_ON,WHATS_NEW_VERSION) values ('201602730','31234','N','Y',to_date('03/APR/14','DD/MON/RR'),null);
Insert into USERS (USER_ID,ADVISER_ID,ISFIRSTTIME_LOGGEDIN,TNC_ACCEPTED,TNC_ACCEPTED_ON,WHATS_NEW_VERSION) values ('201602752','31234','N','Y',to_date('04/APR/14','DD/MON/RR'),null);
Insert into USERS (USER_ID,ADVISER_ID,ISFIRSTTIME_LOGGEDIN,TNC_ACCEPTED,TNC_ACCEPTED_ON,WHATS_NEW_VERSION) values ('201602778','31377','N','Y',to_date('07/APR/14','DD/MON/RR'),null);
Insert into USERS (USER_ID,ADVISER_ID,ISFIRSTTIME_LOGGEDIN,TNC_ACCEPTED,TNC_ACCEPTED_ON,WHATS_NEW_VERSION) values ('201602785','32228','N','Y',to_date('07/APR/14','DD/MON/RR'),null);
Insert into USERS (USER_ID,ADVISER_ID,ISFIRSTTIME_LOGGEDIN,TNC_ACCEPTED,TNC_ACCEPTED_ON,WHATS_NEW_VERSION) values ('201601533','29788','N','Y',to_date('08/APR/14','DD/MON/RR'),null);
Insert into USERS (USER_ID,ADVISER_ID,ISFIRSTTIME_LOGGEDIN,TNC_ACCEPTED,TNC_ACCEPTED_ON,WHATS_NEW_VERSION) values ('201601448','29673','N','Y',to_date('08/APR/14','DD/MON/RR'),null);
Insert into USERS (USER_ID,ADVISER_ID,ISFIRSTTIME_LOGGEDIN,TNC_ACCEPTED,TNC_ACCEPTED_ON,WHATS_NEW_VERSION) values ('201602853','31384','N','Y',to_date('09/APR/14','DD/MON/RR'),null);
Insert into USERS (USER_ID,ADVISER_ID,ISFIRSTTIME_LOGGEDIN,TNC_ACCEPTED,TNC_ACCEPTED_ON,WHATS_NEW_VERSION) values ('201602854','31384','N','Y',to_date('09/APR/14','DD/MON/RR'),null);
Insert into USERS (USER_ID,ADVISER_ID,ISFIRSTTIME_LOGGEDIN,TNC_ACCEPTED,TNC_ACCEPTED_ON,WHATS_NEW_VERSION) values ('201602825','31234','N','Y',to_date('09/APR/14','DD/MON/RR'),null);
Insert into USERS (USER_ID,ADVISER_ID,ISFIRSTTIME_LOGGEDIN,TNC_ACCEPTED,TNC_ACCEPTED_ON,WHATS_NEW_VERSION) values ('201601610','29962','N','Y',to_date('10/APR/14','DD/MON/RR'),null);
Insert into USERS (USER_ID,ADVISER_ID,ISFIRSTTIME_LOGGEDIN,TNC_ACCEPTED,TNC_ACCEPTED_ON,WHATS_NEW_VERSION) values ('201602871','29962','Y','Y',to_date('10/APR/14','DD/MON/RR'),null);
Insert into USERS (USER_ID,ADVISER_ID,ISFIRSTTIME_LOGGEDIN,TNC_ACCEPTED,TNC_ACCEPTED_ON,WHATS_NEW_VERSION) values ('201602872','29962','N','Y',to_date('10/APR/14','DD/MON/RR'),null);
Insert into USERS (USER_ID,ADVISER_ID,ISFIRSTTIME_LOGGEDIN,TNC_ACCEPTED,TNC_ACCEPTED_ON,WHATS_NEW_VERSION) values ('201602889','31234','N','Y',to_date('10/APR/14','DD/MON/RR'),null);
Insert into USERS (USER_ID,ADVISER_ID,ISFIRSTTIME_LOGGEDIN,TNC_ACCEPTED,TNC_ACCEPTED_ON,WHATS_NEW_VERSION) values ('201602895','31234','N','Y',to_date('11/APR/14','DD/MON/RR'),null);
Insert into USERS (USER_ID,ADVISER_ID,ISFIRSTTIME_LOGGEDIN,TNC_ACCEPTED,TNC_ACCEPTED_ON,WHATS_NEW_VERSION) values ('201601615','29981','N','Y',to_date('14/APR/14','DD/MON/RR'),null);
Insert into USERS (USER_ID,ADVISER_ID,ISFIRSTTIME_LOGGEDIN,TNC_ACCEPTED,TNC_ACCEPTED_ON,WHATS_NEW_VERSION) values ('201601666','30240','N','Y',to_date('14/APR/14','DD/MON/RR'),null);
Insert into USERS (USER_ID,ADVISER_ID,ISFIRSTTIME_LOGGEDIN,TNC_ACCEPTED,TNC_ACCEPTED_ON,WHATS_NEW_VERSION) values ('201601623','30008','N','Y',to_date('14/APR/14','DD/MON/RR'),null);
Insert into USERS (USER_ID,ADVISER_ID,ISFIRSTTIME_LOGGEDIN,TNC_ACCEPTED,TNC_ACCEPTED_ON,WHATS_NEW_VERSION) values ('201601661','30222','N','Y',to_date('14/APR/14','DD/MON/RR'),null);
Insert into USERS (USER_ID,ADVISER_ID,ISFIRSTTIME_LOGGEDIN,TNC_ACCEPTED,TNC_ACCEPTED_ON,WHATS_NEW_VERSION) values ('201601475','29704','N','Y',to_date('14/APR/14','DD/MON/RR'),null);
Insert into USERS (USER_ID,ADVISER_ID,ISFIRSTTIME_LOGGEDIN,TNC_ACCEPTED,TNC_ACCEPTED_ON,WHATS_NEW_VERSION) values ('201601619','29994','N','Y',to_date('14/APR/14','DD/MON/RR'),null);
Insert into USERS (USER_ID,ADVISER_ID,ISFIRSTTIME_LOGGEDIN,TNC_ACCEPTED,TNC_ACCEPTED_ON,WHATS_NEW_VERSION) values ('201601613','29974','N','Y',to_date('14/APR/14','DD/MON/RR'),null);
Insert into USERS (USER_ID,ADVISER_ID,ISFIRSTTIME_LOGGEDIN,TNC_ACCEPTED,TNC_ACCEPTED_ON,WHATS_NEW_VERSION) values ('201601432','29629','N','Y',to_date('14/APR/14','DD/MON/RR'),null);
Insert into USERS (USER_ID,ADVISER_ID,ISFIRSTTIME_LOGGEDIN,TNC_ACCEPTED,TNC_ACCEPTED_ON,WHATS_NEW_VERSION) values ('201601421','29595','N','Y',to_date('14/APR/14','DD/MON/RR'),null);
Insert into USERS (USER_ID,ADVISER_ID,ISFIRSTTIME_LOGGEDIN,TNC_ACCEPTED,TNC_ACCEPTED_ON,WHATS_NEW_VERSION) values ('201601580','29875','N','Y',to_date('14/APR/14','DD/MON/RR'),null);
Insert into USERS (USER_ID,ADVISER_ID,ISFIRSTTIME_LOGGEDIN,TNC_ACCEPTED,TNC_ACCEPTED_ON,WHATS_NEW_VERSION) values ('201603157','31234','N','Y',to_date('14/APR/14','DD/MON/RR'),null);
Insert into USERS (USER_ID,ADVISER_ID,ISFIRSTTIME_LOGGEDIN,TNC_ACCEPTED,TNC_ACCEPTED_ON,WHATS_NEW_VERSION) values ('201601535','29794','N','Y',to_date('14/APR/14','DD/MON/RR'),null);
Insert into USERS (USER_ID,ADVISER_ID,ISFIRSTTIME_LOGGEDIN,TNC_ACCEPTED,TNC_ACCEPTED_ON,WHATS_NEW_VERSION) values ('201601473','29698','N','Y',to_date('14/APR/14','DD/MON/RR'),null);
Insert into USERS (USER_ID,ADVISER_ID,ISFIRSTTIME_LOGGEDIN,TNC_ACCEPTED,TNC_ACCEPTED_ON,WHATS_NEW_VERSION) values ('201601668','30247','N','Y',to_date('14/APR/14','DD/MON/RR'),null);
Insert into USERS (USER_ID,ADVISER_ID,ISFIRSTTIME_LOGGEDIN,TNC_ACCEPTED,TNC_ACCEPTED_ON,WHATS_NEW_VERSION) values ('201603148','32433','N','Y',to_date('14/APR/14','DD/MON/RR'),null);
Insert into USERS (USER_ID,ADVISER_ID,ISFIRSTTIME_LOGGEDIN,TNC_ACCEPTED,TNC_ACCEPTED_ON,WHATS_NEW_VERSION) values ('201603207','31234','N','Y',to_date('15/APR/14','DD/MON/RR'),null);
Insert into USERS (USER_ID,ADVISER_ID,ISFIRSTTIME_LOGGEDIN,TNC_ACCEPTED,TNC_ACCEPTED_ON,WHATS_NEW_VERSION) values ('201601584','29882','N','Y',to_date('15/APR/14','DD/MON/RR'),null);
Insert into USERS (USER_ID,ADVISER_ID,ISFIRSTTIME_LOGGEDIN,TNC_ACCEPTED,TNC_ACCEPTED_ON,WHATS_NEW_VERSION) values ('201601438','29641','N','Y',to_date('15/APR/14','DD/MON/RR'),null);
Insert into USERS (USER_ID,ADVISER_ID,ISFIRSTTIME_LOGGEDIN,TNC_ACCEPTED,TNC_ACCEPTED_ON,WHATS_NEW_VERSION) values ('201601396','29553','N','Y',to_date('15/APR/14','DD/MON/RR'),null);
Insert into USERS (USER_ID,ADVISER_ID,ISFIRSTTIME_LOGGEDIN,TNC_ACCEPTED,TNC_ACCEPTED_ON,WHATS_NEW_VERSION) values ('201601412','29581','N','Y',to_date('15/APR/14','DD/MON/RR'),null);
Insert into USERS (USER_ID,ADVISER_ID,ISFIRSTTIME_LOGGEDIN,TNC_ACCEPTED,TNC_ACCEPTED_ON,WHATS_NEW_VERSION) values ('201601653','30195','N','Y',to_date('15/APR/14','DD/MON/RR'),null);
Insert into USERS (USER_ID,ADVISER_ID,ISFIRSTTIME_LOGGEDIN,TNC_ACCEPTED,TNC_ACCEPTED_ON,WHATS_NEW_VERSION) values ('201601553','29827','N','Y',to_date('16/APR/14','DD/MON/RR'),null);
Insert into USERS (USER_ID,ADVISER_ID,ISFIRSTTIME_LOGGEDIN,TNC_ACCEPTED,TNC_ACCEPTED_ON,WHATS_NEW_VERSION) values ('201601608','29955','N','Y',to_date('16/APR/14','DD/MON/RR'),null);
Insert into USERS (USER_ID,ADVISER_ID,ISFIRSTTIME_LOGGEDIN,TNC_ACCEPTED,TNC_ACCEPTED_ON,WHATS_NEW_VERSION) values ('201601669','30254','N','Y',to_date('16/APR/14','DD/MON/RR'),null);
Insert into USERS (USER_ID,ADVISER_ID,ISFIRSTTIME_LOGGEDIN,TNC_ACCEPTED,TNC_ACCEPTED_ON,WHATS_NEW_VERSION) values ('201601561','29834','N','Y',to_date('16/APR/14','DD/MON/RR'),null);
Insert into USERS (USER_ID,ADVISER_ID,ISFIRSTTIME_LOGGEDIN,TNC_ACCEPTED,TNC_ACCEPTED_ON,WHATS_NEW_VERSION) values ('201601390','29511','N','Y',to_date('16/APR/14','DD/MON/RR'),null);
Insert into USERS (USER_ID,ADVISER_ID,ISFIRSTTIME_LOGGEDIN,TNC_ACCEPTED,TNC_ACCEPTED_ON,WHATS_NEW_VERSION) values ('201601638','30078','N','Y',to_date('16/APR/14','DD/MON/RR'),null);
Insert into USERS (USER_ID,ADVISER_ID,ISFIRSTTIME_LOGGEDIN,TNC_ACCEPTED,TNC_ACCEPTED_ON,WHATS_NEW_VERSION) values ('201601460','29680','N','Y',to_date('17/APR/14','DD/MON/RR'),null);
Insert into USERS (USER_ID,ADVISER_ID,ISFIRSTTIME_LOGGEDIN,TNC_ACCEPTED,TNC_ACCEPTED_ON,WHATS_NEW_VERSION) values ('201601617','29987','N','Y',to_date('17/APR/14','DD/MON/RR'),null);
Insert into USERS (USER_ID,ADVISER_ID,ISFIRSTTIME_LOGGEDIN,TNC_ACCEPTED,TNC_ACCEPTED_ON,WHATS_NEW_VERSION) values ('201601597','29921','N','Y',to_date('17/APR/14','DD/MON/RR'),null);
Insert into USERS (USER_ID,ADVISER_ID,ISFIRSTTIME_LOGGEDIN,TNC_ACCEPTED,TNC_ACCEPTED_ON,WHATS_NEW_VERSION) values ('201601481','29724','N','Y',to_date('17/APR/14','DD/MON/RR'),null);
Insert into USERS (USER_ID,ADVISER_ID,ISFIRSTTIME_LOGGEDIN,TNC_ACCEPTED,TNC_ACCEPTED_ON,WHATS_NEW_VERSION) values ('201601435','29635','N','Y',to_date('17/APR/14','DD/MON/RR'),null);
Insert into USERS (USER_ID,ADVISER_ID,ISFIRSTTIME_LOGGEDIN,TNC_ACCEPTED,TNC_ACCEPTED_ON,WHATS_NEW_VERSION) values ('201603113','30222','N','Y',to_date('17/APR/14','DD/MON/RR'),null);
Insert into USERS (USER_ID,ADVISER_ID,ISFIRSTTIME_LOGGEDIN,TNC_ACCEPTED,TNC_ACCEPTED_ON,WHATS_NEW_VERSION) values ('201601524','29782','N','Y',to_date('17/APR/14','DD/MON/RR'),null);
Insert into USERS (USER_ID,ADVISER_ID,ISFIRSTTIME_LOGGEDIN,TNC_ACCEPTED,TNC_ACCEPTED_ON,WHATS_NEW_VERSION) values ('201603334','31234','N','Y',to_date('17/APR/14','DD/MON/RR'),null);
Insert into USERS (USER_ID,ADVISER_ID,ISFIRSTTIME_LOGGEDIN,TNC_ACCEPTED,TNC_ACCEPTED_ON,WHATS_NEW_VERSION) values ('201601575','29856','N','Y',to_date('17/APR/14','DD/MON/RR'),null);
Insert into USERS (USER_ID,ADVISER_ID,ISFIRSTTIME_LOGGEDIN,TNC_ACCEPTED,TNC_ACCEPTED_ON,WHATS_NEW_VERSION) values ('201603350','29788','N','Y',to_date('22/APR/14','DD/MON/RR'),null);
Insert into USERS (USER_ID,ADVISER_ID,ISFIRSTTIME_LOGGEDIN,TNC_ACCEPTED,TNC_ACCEPTED_ON,WHATS_NEW_VERSION) values ('201601539','29800','N','Y',to_date('22/APR/14','DD/MON/RR'),null);
Insert into USERS (USER_ID,ADVISER_ID,ISFIRSTTIME_LOGGEDIN,TNC_ACCEPTED,TNC_ACCEPTED_ON,WHATS_NEW_VERSION) values ('201601423','29601','N','Y',to_date('22/APR/14','DD/MON/RR'),null);
Insert into USERS (USER_ID,ADVISER_ID,ISFIRSTTIME_LOGGEDIN,TNC_ACCEPTED,TNC_ACCEPTED_ON,WHATS_NEW_VERSION) values ('201601926','30742','N','Y',to_date('22/APR/14','DD/MON/RR'),null);
Insert into USERS (USER_ID,ADVISER_ID,ISFIRSTTIME_LOGGEDIN,TNC_ACCEPTED,TNC_ACCEPTED_ON,WHATS_NEW_VERSION) values ('201601649','30182','N','Y',to_date('23/APR/14','DD/MON/RR'),null);
Insert into USERS (USER_ID,ADVISER_ID,ISFIRSTTIME_LOGGEDIN,TNC_ACCEPTED,TNC_ACCEPTED_ON,WHATS_NEW_VERSION) values ('201601429','29622','N','Y',to_date('23/APR/14','DD/MON/RR'),null);
Insert into USERS (USER_ID,ADVISER_ID,ISFIRSTTIME_LOGGEDIN,TNC_ACCEPTED,TNC_ACCEPTED_ON,WHATS_NEW_VERSION) values ('201601627','30028','N','Y',to_date('23/APR/14','DD/MON/RR'),null);
Insert into USERS (USER_ID,ADVISER_ID,ISFIRSTTIME_LOGGEDIN,TNC_ACCEPTED,TNC_ACCEPTED_ON,WHATS_NEW_VERSION) values ('201603400','32652','N','Y',to_date('23/APR/14','DD/MON/RR'),null);
Insert into USERS (USER_ID,ADVISER_ID,ISFIRSTTIME_LOGGEDIN,TNC_ACCEPTED,TNC_ACCEPTED_ON,WHATS_NEW_VERSION) values ('201601577','29863','N','Y',to_date('23/APR/14','DD/MON/RR'),null);
Insert into USERS (USER_ID,ADVISER_ID,ISFIRSTTIME_LOGGEDIN,TNC_ACCEPTED,TNC_ACCEPTED_ON,WHATS_NEW_VERSION) values ('201601659','30215','N','Y',to_date('23/APR/14','DD/MON/RR'),null);
Insert into USERS (USER_ID,ADVISER_ID,ISFIRSTTIME_LOGGEDIN,TNC_ACCEPTED,TNC_ACCEPTED_ON,WHATS_NEW_VERSION) values ('201603457','32652','N','Y',to_date('23/APR/14','DD/MON/RR'),null);
Insert into USERS (USER_ID,ADVISER_ID,ISFIRSTTIME_LOGGEDIN,TNC_ACCEPTED,TNC_ACCEPTED_ON,WHATS_NEW_VERSION) values ('201603365','32606','N','Y',to_date('23/APR/14','DD/MON/RR'),null);
Insert into USERS (USER_ID,ADVISER_ID,ISFIRSTTIME_LOGGEDIN,TNC_ACCEPTED,TNC_ACCEPTED_ON,WHATS_NEW_VERSION) values ('201603437','32757','N','Y',to_date('23/APR/14','DD/MON/RR'),null);
Insert into USERS (USER_ID,ADVISER_ID,ISFIRSTTIME_LOGGEDIN,TNC_ACCEPTED,TNC_ACCEPTED_ON,WHATS_NEW_VERSION) values ('201603508','32940','N','Y',to_date('24/APR/14','DD/MON/RR'),null);
Insert into USERS (USER_ID,ADVISER_ID,ISFIRSTTIME_LOGGEDIN,TNC_ACCEPTED,TNC_ACCEPTED_ON,WHATS_NEW_VERSION) values ('201603622','32606','N','Y',to_date('24/APR/14','DD/MON/RR'),null);
Insert into USERS (USER_ID,ADVISER_ID,ISFIRSTTIME_LOGGEDIN,TNC_ACCEPTED,TNC_ACCEPTED_ON,WHATS_NEW_VERSION) values ('201601509','29762','N','Y',to_date('24/APR/14','DD/MON/RR'),null);
Insert into USERS (USER_ID,ADVISER_ID,ISFIRSTTIME_LOGGEDIN,TNC_ACCEPTED,TNC_ACCEPTED_ON,WHATS_NEW_VERSION) values ('201601468','29686','N','Y',to_date('24/APR/14','DD/MON/RR'),null);
Insert into USERS (USER_ID,ADVISER_ID,ISFIRSTTIME_LOGGEDIN,TNC_ACCEPTED,TNC_ACCEPTED_ON,WHATS_NEW_VERSION) values ('201601655','30202','N','Y',to_date('28/APR/14','DD/MON/RR'),null);
Insert into USERS (USER_ID,ADVISER_ID,ISFIRSTTIME_LOGGEDIN,TNC_ACCEPTED,TNC_ACCEPTED_ON,WHATS_NEW_VERSION) values ('201603946','31384','N','Y',to_date('28/APR/14','DD/MON/RR'),null);
Insert into USERS (USER_ID,ADVISER_ID,ISFIRSTTIME_LOGGEDIN,TNC_ACCEPTED,TNC_ACCEPTED_ON,WHATS_NEW_VERSION) values ('201603947','31384','N','Y',to_date('28/APR/14','DD/MON/RR'),null);
Insert into USERS (USER_ID,ADVISER_ID,ISFIRSTTIME_LOGGEDIN,TNC_ACCEPTED,TNC_ACCEPTED_ON,WHATS_NEW_VERSION) values ('201601410','29575','N','Y',to_date('29/APR/14','DD/MON/RR'),null);
Insert into USERS (USER_ID,ADVISER_ID,ISFIRSTTIME_LOGGEDIN,TNC_ACCEPTED,TNC_ACCEPTED_ON,WHATS_NEW_VERSION) values ('201601486','29729','N','Y',to_date('29/APR/14','DD/MON/RR'),null);
Insert into USERS (USER_ID,ADVISER_ID,ISFIRSTTIME_LOGGEDIN,TNC_ACCEPTED,TNC_ACCEPTED_ON,WHATS_NEW_VERSION) values ('201601443','29653','N','Y',to_date('29/APR/14','DD/MON/RR'),null);
Insert into USERS (USER_ID,ADVISER_ID,ISFIRSTTIME_LOGGEDIN,TNC_ACCEPTED,TNC_ACCEPTED_ON,WHATS_NEW_VERSION) values ('201603416','32694','N','Y',to_date('29/APR/14','DD/MON/RR'),null);
Insert into USERS (USER_ID,ADVISER_ID,ISFIRSTTIME_LOGGEDIN,TNC_ACCEPTED,TNC_ACCEPTED_ON,WHATS_NEW_VERSION) values ('201603939','33570','N','Y',to_date('29/APR/14','DD/MON/RR'),null);
Insert into USERS (USER_ID,ADVISER_ID,ISFIRSTTIME_LOGGEDIN,TNC_ACCEPTED,TNC_ACCEPTED_ON,WHATS_NEW_VERSION) values ('201601309','28279','N','Y',to_date('30/APR/14','DD/MON/RR'),'onboarding-feedback-2.0-b1044');
Insert into USERS (USER_ID,ADVISER_ID,ISFIRSTTIME_LOGGEDIN,TNC_ACCEPTED,TNC_ACCEPTED_ON,WHATS_NEW_VERSION) values ('201603625','33067','N','Y',to_date('30/APR/14','DD/MON/RR'),null);
Insert into USERS (USER_ID,ADVISER_ID,ISFIRSTTIME_LOGGEDIN,TNC_ACCEPTED,TNC_ACCEPTED_ON,WHATS_NEW_VERSION) values ('201603621','32606','N','Y',to_date('30/APR/14','DD/MON/RR'),null);
Insert into USERS (USER_ID,ADVISER_ID,ISFIRSTTIME_LOGGEDIN,TNC_ACCEPTED,TNC_ACCEPTED_ON,WHATS_NEW_VERSION) values ('201603431','32737','N','Y',to_date('30/APR/14','DD/MON/RR'),null);
Insert into USERS (USER_ID,ADVISER_ID,ISFIRSTTIME_LOGGEDIN,TNC_ACCEPTED,TNC_ACCEPTED_ON,WHATS_NEW_VERSION) values ('201604127','29595','N','Y',to_date('30/APR/14','DD/MON/RR'),null);
Insert into USERS (USER_ID,ADVISER_ID,ISFIRSTTIME_LOGGEDIN,TNC_ACCEPTED,TNC_ACCEPTED_ON,WHATS_NEW_VERSION) values ('201604211','31234','N','Y',to_date('30/APR/14','DD/MON/RR'),null);
Insert into USERS (USER_ID,ADVISER_ID,ISFIRSTTIME_LOGGEDIN,TNC_ACCEPTED,TNC_ACCEPTED_ON,WHATS_NEW_VERSION) values ('201601477','29710','N','Y',to_date('01/MAY/14','DD/MON/RR'),null);
REM INSERTING into VERSION
SET DEFINE OFF;
Insert into VERSION (APPVERSION) values ('${database.version}                               ');
REM INSERTING into BPAY_BILLER
SET DEFINE OFF;
REM INSERTING into BSB
SET DEFINE OFF;

--------------------------------------------------------
--  DDL for Index UK_ACL_SID
--------------------------------------------------------

  CREATE UNIQUE INDEX "UK_ACL_SID" ON "ACL_SID" ("SID", "PRINCIPAL") 
  ;
--------------------------------------------------------
--  DDL for Index ACL_ENTRY_PK
--------------------------------------------------------

  CREATE UNIQUE INDEX "ACL_ENTRY_PK" ON "ACL_ENTRY" ("ID") 
  ;
--------------------------------------------------------
--  DDL for Index PK_DATABASECHANGELOGLOCK
--------------------------------------------------------

  CREATE UNIQUE INDEX "PK_DATABASECHANGELOGLOCK" ON "DATABASECHANGELOGLOCK" ("ID") 
  ;
--------------------------------------------------------
--  DDL for Index UNIQUE_ONBOARDING_APP_PARTY
--------------------------------------------------------

  CREATE UNIQUE INDEX "UNIQUE_ONBOARDING_APP_PARTY" ON "ONBOARDING_PARTY" ("ONBOARDING_APPLICATION_ID", "GCM_PAN") 
  ;
--------------------------------------------------------
--  DDL for Index UK_ACL_OBJID
--------------------------------------------------------

  CREATE UNIQUE INDEX "UK_ACL_OBJID" ON "ACL_OBJECT_IDENTITY" ("OBJECT_ID_CLASS", "OBJECT_ID_IDENTITY") 
  ;
--------------------------------------------------------
--  DDL for Index UK_ACL_ENTRY
--------------------------------------------------------

  CREATE UNIQUE INDEX "UK_ACL_ENTRY" ON "ACL_ENTRY" ("ACL_OBJECT_IDENTITY", "ACE_ORDER") 
  ;
--------------------------------------------------------
--  DDL for Index PK_CLIENT_APPLICATION
--------------------------------------------------------

  CREATE UNIQUE INDEX "PK_CLIENT_APPLICATION" ON "CLIENT_APPLICATION" ("CLIENT_APPLICATION_ID") 
  ;
--------------------------------------------------------
--  DDL for Index ACL_OBJECT_IDENTITY_PK
--------------------------------------------------------

  CREATE UNIQUE INDEX "ACL_OBJECT_IDENTITY_PK" ON "ACL_OBJECT_IDENTITY" ("ID") 
  ;
--------------------------------------------------------
--  DDL for Index PK_ONBOARDING_APPLICATION
--------------------------------------------------------

  CREATE UNIQUE INDEX "PK_ONBOARDING_APPLICATION" ON "ONBOARDING_APPLICATION" ("ID") 
  ;
--------------------------------------------------------
--  DDL for Index UNIQUE_ONBOARDING_APP
--------------------------------------------------------

  CREATE UNIQUE INDEX "UNIQUE_ONBOARDING_APP" ON "CLIENT_APPLICATION" ("ONBOARDING_APPLICATION_ID") 
  ;
--------------------------------------------------------
--  DDL for Index UK_ACL_CLASS
--------------------------------------------------------

  CREATE UNIQUE INDEX "UK_ACL_CLASS" ON "ACL_CLASS" ("CLASS") 
  ;
--------------------------------------------------------
--  DDL for Index ACL_CLASS_PK
--------------------------------------------------------

  CREATE UNIQUE INDEX "ACL_CLASS_PK" ON "ACL_CLASS" ("ID") 
  ;
--------------------------------------------------------
--  DDL for Index ACL_SID_PK
--------------------------------------------------------

  CREATE UNIQUE INDEX "ACL_SID_PK" ON "ACL_SID" ("ID") 
  ;
--------------------------------------------------------
--  Constraints for Table DATABASECHANGELOG
--------------------------------------------------------

  ALTER TABLE "DATABASECHANGELOG" MODIFY ("EXECTYPE" NOT NULL ENABLE);
  ALTER TABLE "DATABASECHANGELOG" MODIFY ("ORDEREXECUTED" NOT NULL ENABLE);
  ALTER TABLE "DATABASECHANGELOG" MODIFY ("DATEEXECUTED" NOT NULL ENABLE);
  ALTER TABLE "DATABASECHANGELOG" MODIFY ("FILENAME" NOT NULL ENABLE);
  ALTER TABLE "DATABASECHANGELOG" MODIFY ("AUTHOR" NOT NULL ENABLE);
  ALTER TABLE "DATABASECHANGELOG" MODIFY ("ID" NOT NULL ENABLE);
--------------------------------------------------------
--  Constraints for Table USERS
--------------------------------------------------------

  ALTER TABLE "USERS" ADD PRIMARY KEY ("USER_ID") ENABLE;
--------------------------------------------------------
--  Constraints for Table ACL_OBJECT_IDENTITY
--------------------------------------------------------

  ALTER TABLE "ACL_OBJECT_IDENTITY" ADD CONSTRAINT "UK_ACL_OBJID" UNIQUE ("OBJECT_ID_CLASS", "OBJECT_ID_IDENTITY") ENABLE;
  ALTER TABLE "ACL_OBJECT_IDENTITY" ADD CONSTRAINT "ACL_OBJECT_IDENTITY_PK" PRIMARY KEY ("ID") ENABLE;
  ALTER TABLE "ACL_OBJECT_IDENTITY" MODIFY ("ENTRIES_INHERITING" NOT NULL ENABLE);
  ALTER TABLE "ACL_OBJECT_IDENTITY" MODIFY ("OBJECT_ID_IDENTITY" NOT NULL ENABLE);
  ALTER TABLE "ACL_OBJECT_IDENTITY" MODIFY ("OBJECT_ID_CLASS" NOT NULL ENABLE);
  ALTER TABLE "ACL_OBJECT_IDENTITY" MODIFY ("ID" NOT NULL ENABLE);
--------------------------------------------------------
--  Constraints for Table ACL_ENTRY
--------------------------------------------------------

  ALTER TABLE "ACL_ENTRY" ADD CONSTRAINT "UK_ACL_ENTRY" UNIQUE ("ACL_OBJECT_IDENTITY", "ACE_ORDER") ENABLE;
  ALTER TABLE "ACL_ENTRY" ADD CONSTRAINT "ACL_ENTRY_PK" PRIMARY KEY ("ID") ENABLE;
  ALTER TABLE "ACL_ENTRY" MODIFY ("AUDIT_FAILURE" NOT NULL ENABLE);
  ALTER TABLE "ACL_ENTRY" MODIFY ("AUDIT_SUCCESS" NOT NULL ENABLE);
  ALTER TABLE "ACL_ENTRY" MODIFY ("GRANTING" NOT NULL ENABLE);
  ALTER TABLE "ACL_ENTRY" MODIFY ("MASK" NOT NULL ENABLE);
  ALTER TABLE "ACL_ENTRY" MODIFY ("SID" NOT NULL ENABLE);
  ALTER TABLE "ACL_ENTRY" MODIFY ("ACE_ORDER" NOT NULL ENABLE);
  ALTER TABLE "ACL_ENTRY" MODIFY ("ACL_OBJECT_IDENTITY" NOT NULL ENABLE);
  ALTER TABLE "ACL_ENTRY" MODIFY ("ID" NOT NULL ENABLE);
--------------------------------------------------------
--  Constraints for Table VERSION
--------------------------------------------------------

  ALTER TABLE "VERSION" ADD PRIMARY KEY ("APPVERSION") ENABLE;
--------------------------------------------------------
--  Constraints for Table ONBOARDING_COMMUNICATION
--------------------------------------------------------

  ALTER TABLE "ONBOARDING_COMMUNICATION" MODIFY ("CREATED_DATE" NOT NULL ENABLE);
  ALTER TABLE "ONBOARDING_COMMUNICATION" MODIFY ("COMMUNICATION_INITIATION_TIME" NOT NULL ENABLE);
  ALTER TABLE "ONBOARDING_COMMUNICATION" MODIFY ("EMAIL_ADDRESS" NOT NULL ENABLE);
  ALTER TABLE "ONBOARDING_COMMUNICATION" ADD PRIMARY KEY ("COMMUNICATION_ID") ENABLE;
  ALTER TABLE "ONBOARDING_COMMUNICATION" MODIFY ("GCM_PAN" NOT NULL ENABLE);
  ALTER TABLE "ONBOARDING_COMMUNICATION" MODIFY ("ONBOARDING_APPLICATION_ID" NOT NULL ENABLE);
  ALTER TABLE "ONBOARDING_COMMUNICATION" MODIFY ("COMMUNICATION_ID" NOT NULL ENABLE);
--------------------------------------------------------
--  Constraints for Table ONBOARDING_APPLICATION
--------------------------------------------------------

  ALTER TABLE "ONBOARDING_APPLICATION" ADD CONSTRAINT "PK_ONBOARDING_APPLICATION" PRIMARY KEY ("ID") ENABLE;
  ALTER TABLE "ONBOARDING_APPLICATION" MODIFY ("ID" NOT NULL ENABLE);
--------------------------------------------------------
--  Constraints for Table PAY_ANYONE_PAYEE
--------------------------------------------------------

  ALTER TABLE "PAY_ANYONE_PAYEE" ADD PRIMARY KEY ("PAYEE_SEQ") ENABLE;
--------------------------------------------------------
--  Constraints for Table DATABASECHANGELOGLOCK
--------------------------------------------------------

  ALTER TABLE "DATABASECHANGELOGLOCK" ADD CONSTRAINT "PK_DATABASECHANGELOGLOCK" PRIMARY KEY ("ID") ENABLE;
  ALTER TABLE "DATABASECHANGELOGLOCK" MODIFY ("LOCKED" NOT NULL ENABLE);
  ALTER TABLE "DATABASECHANGELOGLOCK" MODIFY ("ID" NOT NULL ENABLE);
--------------------------------------------------------
--  Constraints for Table CLIENT_APPLICATION
--------------------------------------------------------

  ALTER TABLE "CLIENT_APPLICATION" ADD CONSTRAINT "UNIQUE_ONBOARDING_APP" UNIQUE ("ONBOARDING_APPLICATION_ID") ENABLE;
  ALTER TABLE "CLIENT_APPLICATION" ADD CONSTRAINT "CLIENT_APPLICATION_CHK_STATUS" CHECK ( STATUS IN ('draft','deleted','processing', 'active')) ENABLE;
  ALTER TABLE "CLIENT_APPLICATION" ADD CONSTRAINT "PK_CLIENT_APPLICATION" PRIMARY KEY ("CLIENT_APPLICATION_ID") ENABLE;
  ALTER TABLE "CLIENT_APPLICATION" MODIFY ("CLIENT_APPLICATION_ID" NOT NULL ENABLE);
--------------------------------------------------------
--  Constraints for Table ACL_CLASS
--------------------------------------------------------

  ALTER TABLE "ACL_CLASS" ADD CONSTRAINT "UK_ACL_CLASS" UNIQUE ("CLASS") ENABLE;
  ALTER TABLE "ACL_CLASS" ADD CONSTRAINT "ACL_CLASS_PK" PRIMARY KEY ("ID") ENABLE;
  ALTER TABLE "ACL_CLASS" MODIFY ("CLASS" NOT NULL ENABLE);
  ALTER TABLE "ACL_CLASS" MODIFY ("ID" NOT NULL ENABLE);
--------------------------------------------------------
--  Constraints for Table BPAY_PAYEE
--------------------------------------------------------

  ALTER TABLE "BPAY_PAYEE" ADD PRIMARY KEY ("PAYEE_SEQ") ENABLE;
--------------------------------------------------------
--  Constraints for Table LINKED_ACCOUNT
--------------------------------------------------------

  ALTER TABLE "LINKED_ACCOUNT" ADD PRIMARY KEY ("PAYEE_SEQ") ENABLE;
--------------------------------------------------------
--  Constraints for Table PAYEE_TYPE
--------------------------------------------------------

  ALTER TABLE "PAYEE_TYPE" ADD PRIMARY KEY ("PAYEE_TYPE") ENABLE;
--------------------------------------------------------
--  Constraints for Table PAYEE
--------------------------------------------------------

  ALTER TABLE "PAYEE" ADD PRIMARY KEY ("PAYEE_SEQ") ENABLE;
--------------------------------------------------------
--  Constraints for Table ACL_SID
--------------------------------------------------------

  ALTER TABLE "ACL_SID" ADD CONSTRAINT "UK_ACL_SID" UNIQUE ("SID", "PRINCIPAL") ENABLE;
  ALTER TABLE "ACL_SID" ADD CONSTRAINT "ACL_SID_PK" PRIMARY KEY ("ID") ENABLE;
  ALTER TABLE "ACL_SID" MODIFY ("SID" NOT NULL ENABLE);
  ALTER TABLE "ACL_SID" MODIFY ("PRINCIPAL" NOT NULL ENABLE);
  ALTER TABLE "ACL_SID" MODIFY ("ID" NOT NULL ENABLE);
--------------------------------------------------------
--  Constraints for Table ONBOARDING_ACCOUNT
--------------------------------------------------------

  ALTER TABLE "ONBOARDING_ACCOUNT" ADD PRIMARY KEY ("ONBOARDING_APPLICATION_ID", "ONBOARDING_ACCOUNT_SEQ") ENABLE;
  ALTER TABLE "ONBOARDING_ACCOUNT" MODIFY ("ONBOARDING_APPLICATION_ID" NOT NULL ENABLE);
  ALTER TABLE "ONBOARDING_ACCOUNT" MODIFY ("ONBOARDING_ACCOUNT_SEQ" NOT NULL ENABLE);
--------------------------------------------------------
--  Constraints for Table DEALER_PRODUCTS
--------------------------------------------------------

  ALTER TABLE "DEALER_PRODUCTS" MODIFY ("PRODUCT_ID" NOT NULL ENABLE);
  ALTER TABLE "DEALER_PRODUCTS" MODIFY ("DEALER_GRP" NOT NULL ENABLE);
--------------------------------------------------------
--  Constraints for Table ONBOARDING_PARTY
--------------------------------------------------------

  ALTER TABLE "ONBOARDING_PARTY" ADD CONSTRAINT "UNIQUE_ONBOARDING_APP_PARTY" UNIQUE ("ONBOARDING_APPLICATION_ID", "GCM_PAN") ENABLE;
  ALTER TABLE "ONBOARDING_PARTY" MODIFY ("GCM_PAN" NOT NULL ENABLE);
  ALTER TABLE "ONBOARDING_PARTY" ADD PRIMARY KEY ("ONBOARDING_APPLICATION_ID", "ONBOARDING_PARTY_SEQ") ENABLE;
  ALTER TABLE "ONBOARDING_PARTY" MODIFY ("ONBOARDING_APPLICATION_ID" NOT NULL ENABLE);
  ALTER TABLE "ONBOARDING_PARTY" MODIFY ("ONBOARDING_PARTY_SEQ" NOT NULL ENABLE);
--------------------------------------------------------
--  Ref Constraints for Table CLIENT_APPLICATION
--------------------------------------------------------

  ALTER TABLE "CLIENT_APPLICATION" ADD CONSTRAINT "FK_CLIENT_ONBOARDING_APP" FOREIGN KEY ("ONBOARDING_APPLICATION_ID")
	  REFERENCES "ONBOARDING_APPLICATION" ("ID") ENABLE;
--------------------------------------------------------
--  Ref Constraints for Table ONBOARDING_ACCOUNT
--------------------------------------------------------

  ALTER TABLE "ONBOARDING_ACCOUNT" ADD CONSTRAINT "FK_ACCOUNT_APP_CORRELATION" FOREIGN KEY ("ONBOARDING_APPLICATION_ID")
	  REFERENCES "ONBOARDING_APPLICATION" ("ID") ENABLE;
--------------------------------------------------------
--  Ref Constraints for Table ONBOARDING_COMMUNICATION
--------------------------------------------------------

  ALTER TABLE "ONBOARDING_COMMUNICATION" ADD CONSTRAINT "FK_COMM_APP_PARTY_CORRELATION" FOREIGN KEY ("ONBOARDING_APPLICATION_ID", "GCM_PAN")
	  REFERENCES "ONBOARDING_PARTY" ("ONBOARDING_APPLICATION_ID", "GCM_PAN") ENABLE;
--------------------------------------------------------
--  Ref Constraints for Table ONBOARDING_PARTY
--------------------------------------------------------

  ALTER TABLE "ONBOARDING_PARTY" ADD CONSTRAINT "FK_PARTY_APP_CORRELATION" FOREIGN KEY ("ONBOARDING_APPLICATION_ID")
	  REFERENCES "ONBOARDING_APPLICATION" ("ID") ENABLE;
/
--------------------------------------------------------
--  DDL for Function SQUIRREL_GET_ERROR_OFFSET
--------------------------------------------------------

  CREATE OR REPLACE FUNCTION "SQUIRREL_GET_ERROR_OFFSET" (query IN varchar2) return number authid current_user is      l_theCursor     integer default dbms_sql.open_cursor;      l_status        integer; begin          begin          dbms_sql.parse(  l_theCursor, query, dbms_sql.native );          exception                  when others then l_status := dbms_sql.last_error_position;          end;          dbms_sql.close_cursor( l_theCursor );          return l_status; end; 

/
--------------------------------------------------------
--  DDL for Package COMMUNICATION
--------------------------------------------------------

  CREATE OR REPLACE PACKAGE "COMMUNICATION" 
AS
    PROCEDURE set_onboarding_communication (communication_id     IN VARCHAR2,
                                            application_id       IN VARCHAR2,
                                            gcm_pan              IN VARCHAR2,
                                            communication_status IN VARCHAR2,
                                            email_address        IN VARCHAR2,
                                            initiation_time      IN TIMESTAMP,
                                            tracking_id          IN VARCHAR2,
                                            failure_message      IN VARCHAR2,
                                            status               OUT INTEGER);

    PROCEDURE get_onboarding_communications( from_ts IN TIMESTAMP,
                                            to_ts IN TIMESTAMP,
                                            communication_result_set OUT SYS_REFCURSOR );

END COMMUNICATION;

/
--------------------------------------------------------
--  DDL for Package ONBOARDING_ID_UPDATES
--------------------------------------------------------

  CREATE OR REPLACE PACKAGE "ONBOARDING_ID_UPDATES" 
AS
    PROCEDURE set_onboarding_correlation_ids (application_id IN VARCHAR2,
                                              correlation_data_xml in CLOB,
                                              status OUT INTEGER);
END onboarding_id_updates;

/
--------------------------------------------------------
--  DDL for Package ONBOARDING_STATUS_UPDATES
--------------------------------------------------------

  CREATE OR REPLACE PACKAGE "ONBOARDING_STATUS_UPDATES" 
AS
    PROCEDURE set_onboarding_app_status (application_id IN VARCHAR2,application_status IN VARCHAR2, FAILURE_MSG IN VARCHAR2, status OUT INTEGER);
    PROCEDURE set_onboarding_party_status (application_id IN VARCHAR2, gcm_pan_var IN VARCHAR2,  party_status IN VARCHAR2, FAILURE_MSG IN VARCHAR2, status OUT INTEGER);
    PROCEDURE set_onboarding_comm_status (communication_id IN VARCHAR2, communication_status IN VARCHAR2, FAILURE_MSG IN VARCHAR2, status OUT INTEGER);
END onboarding_status_updates;

/
--------------------------------------------------------
--  DDL for Package Body COMMUNICATION
--------------------------------------------------------

  CREATE OR REPLACE PACKAGE BODY "COMMUNICATION" 
AS
    PROCEDURE set_onboarding_communication (communication_id     IN VARCHAR2,
                                            application_id       IN VARCHAR2,
                                            gcm_pan              IN VARCHAR2,
                                            communication_status IN VARCHAR2,
                                            email_address        IN VARCHAR2,
                                            initiation_time      IN TIMESTAMP,
                                            tracking_id          IN VARCHAR2,
                                            failure_message      IN VARCHAR2,
                                            status               OUT INTEGER)
    IS
        record_count    INTEGER;
        trimmed_message VARCHAR2(4000);
    BEGIN
        IF application_id IS NULL OR application_id = '' THEN
             RAISE_APPLICATION_ERROR('-20100', 'APPLICATION ID IS NULL OR EMPTY.');
        END IF;

        IF communication_id IS NULL OR communication_id = '' THEN
            RAISE_APPLICATION_ERROR('-20101', 'COMMUNICATION ID IS NULL OR EMPTY.');
        END IF;

        IF gcm_pan IS NULL OR gcm_pan = '' THEN
           RAISE_APPLICATION_ERROR('-20102', 'GCM PAN ID IS NULL OR EMPTY.');
        END IF;

        IF email_address IS NULL THEN
            RAISE_APPLICATION_ERROR('-20103', 'EMAIL ADDRESS CANNOT BE NULL.');
        END IF;

        IF initiation_time IS NULL THEN
            RAISE_APPLICATION_ERROR('-20104', 'COMMUNICATION INITIATION TIMESTAMP CANNOT BE NULL.');
        END IF;

        IF failure_message IS NOT NULL AND LENGTH(failure_message) > 4000 THEN
            trimmed_message := SUBSTR(failure_message,1,4000);
        ELSE
            trimmed_message := failure_message;
        END IF;

        INSERT INTO
            onboarding_communication
            (
            communication_id,
            onboarding_application_id,
            gcm_pan,
            status,
            email_address,
            communication_initiation_time,
            tracking_id,
            created_date,
            failure_message
            )
        VALUES
            (set_onboarding_communication.communication_id,
            application_id,
            set_onboarding_communication.gcm_pan,
            communication_status,
            set_onboarding_communication.email_address,
            initiation_time,
            set_onboarding_communication.tracking_id,
            CURRENT_TIMESTAMP,
            trimmed_message
            );

        status := 1;

    END set_onboarding_communication;

    PROCEDURE get_onboarding_communications( from_ts IN TIMESTAMP,
                                            to_ts IN TIMESTAMP,
                                            communication_result_set OUT SYS_REFCURSOR )
    IS
    BEGIN
    IF from_ts IS NULL OR to_ts IS NULL THEN
      RAISE_APPLICATION_ERROR(-20100,'FROM OR TO TIMESTAMP CANNOT BE NULL.');
    END IF;

    OPEN communication_result_set
    FOR SELECT
      communication_id,
      onboarding_application_id,
      gcm_pan,
      status,
      email_address,
      communication_initiation_time
    FROM
      onboarding_communication
    WHERE
      communication_initiation_time
      BETWEEN
      from_ts
      AND
      to_ts;

    END get_onboarding_communications;
END communication;

/
--------------------------------------------------------
--  DDL for Package Body ONBOARDING_ID_UPDATES
--------------------------------------------------------

  CREATE OR REPLACE PACKAGE BODY "ONBOARDING_ID_UPDATES" 
AS
    ob_correlation_input_xml_ns VARCHAR2(200);
    FUNCTION get_correlation_xml_from_clob (correlation_data_xml IN CLOB) RETURN XMLTYPE;
    PROCEDURE set_app_correlation_id (application_id IN VARCHAR, avaloq_order_id_var IN VARCHAR);
    PROCEDURE set_party_correlation_ids (application_id in VARCHAR2, parties IN XMLTYPE);
    PROCEDURE set_account_correlation_ids (application_id IN VARCHAR2, accounts IN XMLTYPE);

    PROCEDURE set_onboarding_correlation_ids (application_id IN VARCHAR2, correlation_data_xml in CLOB, status OUT INTEGER)
    IS
        xmlObject               XMLTYPE;
        schemaDOC               VARCHAR2(5000);
        schemaURL               VARCHAR2(30);
        application_count       INTEGER;
        temp_count              INTEGER;
        address_count           INTEGER;
    BEGIN
        ob_correlation_input_xml_ns := 'xmlns="ns://private.btfin.com/Panorama/Onboarding/IDUpdate/V1_0"';
        status    := 0;
        xmlObject := get_correlation_xml_from_clob(correlation_data_xml);
        FOR app IN (
                SELECT
                    ExtractValue(VALUE(application), 'application/application_correlation_id/text()',ob_correlation_input_xml_ns) AS application_correlation_id,
                    ExtractValue(VALUE(application), 'application/avaloq_order_id/text()',ob_correlation_input_xml_ns)            AS avaloq_order_id,
                    Extract(VALUE(application), 'application/accounts',ob_correlation_input_xml_ns)                               AS accounts,
                    Extract(VALUE(application), 'application/parties',ob_correlation_input_xml_ns)                                AS parties
                FROM
                TABLE ( XMLSequence ( Extract(xmlObject, '/application',ob_correlation_input_xml_ns) ) ) application
                )
        LOOP
            set_app_correlation_id(app.application_correlation_id, app.avaloq_order_id);
            set_account_correlation_ids(app.application_correlation_id, app.accounts);
            set_party_correlation_ids(app.application_correlation_id, app.parties);
        END LOOP;
        commit;
        status := 1;
    EXCEPTION
        WHEN OTHERS THEN
            rollback;
            raise;
    END set_onboarding_correlation_ids;

    FUNCTION get_correlation_xml_from_clob (correlation_data_xml IN CLOB)
    RETURN XMLTYPE
    AS
        xmlObject       XMLTYPE;
        schemaURL       VARCHAR2(30);
    BEGIN
        schemaURL := 'onboarding-correlation-ids.xsd';
        dbms_xmlschema.compileSchema(schemaURL);
        xmlObject := XMLTYPE(correlation_data_xml).createSchemaBasedXML(schemaURL);
        xmlObject.schemaValidate();
        RETURN xmlObject;
    END get_correlation_xml_from_clob;

    PROCEDURE set_app_correlation_id (application_id IN VARCHAR, avaloq_order_id_var IN VARCHAR)
    IS
        application_count       INTEGER;
    BEGIN
        dbms_output.put_line(application_id);
        IF avaloq_order_id_var IS NOT NULL AND application_id IS NOT NULL
        THEN
            SELECT
                COUNT ( id )
            INTO application_count
            FROM onboarding_application
            WHERE id = application_id;
            IF application_count = 1
            THEN
                UPDATE onboarding_application
                SET avaloq_order_id = avaloq_order_id_var
                WHERE id = application_id;
            ELSE
                raise_application_error('-20100', 'ONBOARDING APPLICATION ID CANNOT BE FOUND. APPLICATION ID: ' || application_id);
            END IF;
        ELSE
            raise_application_error('-20101', 'AVALOQ ORDER ID AND APPLICATION ID CANNOT BE NULL OR EMPTY');
        END IF;
    END set_app_correlation_id;

    PROCEDURE set_account_correlation_ids (application_id IN VARCHAR2, accounts IN XMLTYPE)
    IS
        temp_count      INTEGER;
    BEGIN
        FOR account_row IN
                (SELECT
                     ExtractValue(Value(account), 'account/account_correlation_seq/text()',ob_correlation_input_xml_ns) AS account_correlation_seq,
                     ExtractValue(Value(account), 'account/account_number/text()',ob_correlation_input_xml_ns)          AS account_number
                 FROM
                 TABLE ( XMLSequence ( Extract(accounts, '/accounts/account',ob_correlation_input_xml_ns) ) ) account
                )
        LOOP
            IF account_row.account_correlation_seq IS NOT NULL THEN
                temp_count := 0;
                SELECT
                    COUNT (*)
                INTO temp_count
                FROM onboarding_account
                WHERE onboarding_account_seq = account_row.account_correlation_seq AND
                    onboarding_application_id = application_id;
                IF temp_count = 1
                THEN
                    UPDATE onboarding_account
                    SET account_number = account_row.account_number
                    WHERE onboarding_account_seq = account_row.account_correlation_seq AND
                        onboarding_application_id = application_id;
                ELSE
                    INSERT INTO onboarding_account (onboarding_account_seq, onboarding_application_id, account_number) VALUES (account_row.account_correlation_seq, application_id, account_row.account_number);
                END IF;
            ELSE
                raise_application_error('-20103',
                    'ACCOUNT CORRELATION SEQUENCE IS EMPTY. APPLICATION ID: ' || application_id);
            END IF;
        END LOOP;
    EXCEPTION
        WHEN OTHERS THEN
            ROLLBACK;
            RAISE;
    END set_account_correlation_ids;

    PROCEDURE set_party_correlation_ids (application_id in VARCHAR2, parties IN XMLTYPE)
    IS
        temp_count      INTEGER;
    BEGIN
        FOR party_row IN
                (SELECT
                     ExtractValue(Value(party), 'party/party_correlation_seq/text()',ob_correlation_input_xml_ns) AS party_correlation_seq,
                     ExtractValue(Value(party), 'party/gcm_pan/text()',ob_correlation_input_xml_ns)               AS gcm_pan,
                     Extract(Value(party), 'party/addresses',ob_correlation_input_xml_ns)                         AS addresses
                 FROM
                 TABLE ( XMLSequence ( Extract(parties, '/parties/party',ob_correlation_input_xml_ns) ) ) party
                )
        LOOP
            IF party_row.party_correlation_seq IS NOT NULL THEN
                temp_count := 0;
                IF party_row.gcm_pan IS NOT NULL THEN
                    SELECT COUNT (*)
                    INTO temp_count
                    FROM onboarding_party
                    WHERE onboarding_party_seq = party_row.party_correlation_seq AND
                        onboarding_application_id = application_id;
                    IF temp_count = 1 THEN
                        UPDATE onboarding_party
                        SET gcm_pan = party_row.gcm_pan
                        WHERE onboarding_party_seq = party_row.party_correlation_seq AND
                            onboarding_application_id = application_id;
                    ELSE
                        INSERT INTO onboarding_party (onboarding_party_seq, onboarding_application_id, gcm_pan) VALUES (party_row.party_correlation_seq, application_id, party_row.gcm_pan);
                    END IF;
                ELSE
                    raise_application_error('-20105', 'GCM PAN IS NULL. APPLICATION ID: ' || application_id);
                END IF;
            ELSE
                raise_application_error('-20106', 'PARTY CORRELATION SEQUENCE IS EMPTY. APPLICATION ID: ' || application_id);
            END IF;
        END LOOP;
    END set_party_correlation_ids;


END onboarding_id_updates;

/
--------------------------------------------------------
--  DDL for Package Body ONBOARDING_STATUS_UPDATES
--------------------------------------------------------

  CREATE OR REPLACE PACKAGE BODY "ONBOARDING_STATUS_UPDATES" 
AS
    FUNCTION get_trimmed_failure_message (failure_message IN VARCHAR2) RETURN VARCHAR2;
    PROCEDURE set_onboarding_app_status (application_id IN VARCHAR2, application_status IN VARCHAR2, FAILURE_MSG IN VARCHAR2, status OUT INTEGER)
    IS
        application_count       INTEGER;
        trimmed_message         VARCHAR2(4000);
    BEGIN
        status := 0;
        -- 'UPDATE APPLICATION STATUS IF APPLICATION FOUND'
        IF application_id IS NOT NULL THEN
            trimmed_message := get_trimmed_failure_message(failure_msg);
            SELECT COUNT ( id ) INTO application_count
            FROM onboarding_application
            WHERE id = application_id;
            IF application_count = 1 THEN
                UPDATE onboarding_application
                SET status = application_status,
                    failure_message = trimmed_message
                WHERE id = application_id;
            ELSE
                raise_application_error('-20100', 'ONBOARDING APPLICATION ID CANNOT BE FOUND. APPLICATION ID:' || application_id);
            END IF;
        ELSE
            raise_application_error('-20101', 'APPLICATION ID IS NULL.');
        END IF;
        status := 1;
    END set_onboarding_app_status;
    PROCEDURE set_onboarding_party_status (application_id IN VARCHAR2, gcm_pan_var IN VARCHAR2, party_status IN VARCHAR2, FAILURE_MSG IN VARCHAR2, status OUT INTEGER)
    IS
        party_count     INTEGER;
        trimmed_message VARCHAR2(4000);
    BEGIN
        status := 0;
        -- 'UPDATE PARTY STATUS IF APPLICATION FOUND'
        IF application_id IS NOT NULL AND gcm_pan_var IS NOT NULL THEN
            trimmed_message := get_trimmed_failure_message(failure_msg);
            SELECT COUNT (*) INTO party_count
            FROM onboarding_party
            WHERE onboarding_application_id = application_id
                AND gcm_pan = gcm_pan_var;
            IF party_count = 1 THEN
                UPDATE onboarding_party
                SET status = party_status,
                    failure_message = trimmed_message
                WHERE onboarding_application_id = application_id
                    AND gcm_pan = gcm_pan_var;
            ELSE
                raise_application_error('-20106', 'PARTY CANNOT BE FOUND. APPLICATION ID :' || application_id || ' AND GCM PAN:' || gcm_pan_var);
            END IF;
        ELSE
            raise_application_error('-20107', 'GCM PAN OR APPLICATION ID IS NULL');
        END IF;
        status := 1;
    END set_onboarding_party_status;

    PROCEDURE set_onboarding_comm_status (communication_id IN VARCHAR2, communication_status IN VARCHAR2, failure_msg IN VARCHAR2, status OUT INTEGER)
    IS
    trimmed_message VARCHAR2(4000);
    BEGIN
        status := 0;
        trimmed_message := get_trimmed_failure_message(failure_msg);
        -- 'UPDATE COMMUNICATION STATUS IF COMMUNICATION FOUND'
        IF communication_id IS NOT NULL THEN
            UPDATE onboarding_communication
            SET status = communication_status,
                failure_message = trimmed_message
            WHERE communication_id = set_onboarding_comm_status.communication_id;
            IF SQL%ROWCOUNT = 0 THEN
                raise_application_error('-20108', 'COMMUNICATION ID - ' || set_onboarding_comm_status.communication_id || ' IS NOT FOUND');
            END IF;
        ELSE
            raise_application_error('-20109', 'COMMUNICATION ID IS NULL');
        END IF;
        status := 1;
    END set_onboarding_comm_status;

    FUNCTION get_trimmed_failure_message (failure_message IN VARCHAR2) RETURN VARCHAR2
    AS
    BEGIN
        IF failure_message IS NOT NULL AND LENGTH(failure_message) > 4000 THEN
          RETURN SUBSTR(failure_message,1,4000);
        ELSE
          RETURN failure_message;
        END IF;
    END get_trimmed_failure_message;
END onboarding_status_updates;

/
--------------------------------------------------------
--  DDL for Procedure REG_OB_CORRELATION_XML_SCHEMA
--------------------------------------------------------
set define off;

  CREATE OR REPLACE PROCEDURE "REG_OB_CORRELATION_XML_SCHEMA" IS
  existingSchema INTEGER;
  schemaDOC VARCHAR2(5000);
  schemaURL VARCHAR2(100);
  BEGIN
    schemaURL := 'onboarding-correlation-ids.xsd';

    SELECT COUNT(SCHEMA) INTO existingSchema
    FROM   ALL_XML_SCHEMAS
    WHERE  SCHEMA_URL = schemaURL;

    IF (existingSchema > 0) THEN
      dbms_xmlSchema.deleteSchema(schemaURL,dbms_xmlSchema.DELETE_CASCADE_FORCE);
    END IF;
    schemaDOC := '<xs:schema attributeFormDefault="qualified" elementFormDefault="qualified"
                           xmlns="http://www.w3.org/2001/XMLSchema"
                           xmlns:xs="http://www.w3.org/2001/XMLSchema"
                           targetNamespace="ns://private.btfin.com/Panorama/Onboarding/IDUpdate/V1_0"
                           version="1.0">
                    <xs:element name="application">
                        <xs:complexType>
                            <xs:sequence>
                                <xs:element type="xs:string" name="application_correlation_id" maxOccurs="1" minOccurs="1"/>
                                <xs:element type="xs:string" name="avaloq_order_id"  maxOccurs="1" minOccurs="1"/>
                                <xs:element name="accounts"  maxOccurs="1" minOccurs="0">
                                    <xs:complexType>
                                        <xs:sequence>
                                            <xs:element name="account" maxOccurs="unbounded" minOccurs="1">
                                                <xs:complexType>
                                                    <xs:sequence>
                                                        <xs:element type="xs:string" name="account_correlation_seq" maxOccurs="1" minOccurs="1"/>
                                                        <xs:element type="xs:string" name="account_number" maxOccurs="1" minOccurs="1"/>
                                                    </xs:sequence>
                                                </xs:complexType>
                                            </xs:element>
                                        </xs:sequence>
                                    </xs:complexType>
                                </xs:element>
                                <xs:element name="parties" maxOccurs="1" minOccurs="1">
                                    <xs:complexType>
                                        <xs:sequence>
                                            <xs:element name="party" maxOccurs="unbounded" minOccurs="1">
                                                <xs:complexType>
                                                    <xs:sequence>
                                                        <xs:element type="xs:string" name="party_correlation_seq" maxOccurs="1" minOccurs="1"/>
                                                        <xs:element type="xs:string" name="gcm_pan" maxOccurs="1" minOccurs="1"/>
                                                        <xs:element name="addresses" maxOccurs="1" minOccurs="1">
                                                            <xs:complexType>
                                                                <xs:sequence>
                                                                    <xs:element name="address" maxOccurs="unbounded" minOccurs="0">
                                                                        <xs:complexType>
                                                                            <xs:sequence>
                                                                                <xs:element type="xs:string" name="address_correlation_seq" maxOccurs="1"  minOccurs="1"/>
                                                                                <xs:element type="xs:string" name="avaloq_address_id" maxOccurs="1" minOccurs="1"/>
                                                                            </xs:sequence>
                                                                        </xs:complexType>
                                                                    </xs:element>
                                                                </xs:sequence>
                                                            </xs:complexType>
                                                        </xs:element>
                                                    </xs:sequence>
                                                </xs:complexType>
                                            </xs:element>
                                        </xs:sequence>
                                    </xs:complexType>
                                </xs:element>
                            </xs:sequence>
                        </xs:complexType>
                    </xs:element>
                </xs:schema>';

    dbms_xmlSchema.registerSchema(schemaurl => schemaURL,
                                  schemadoc => schemaDOC,
                                  local => true,
                                  gentypes => false,
                                  gentables => false );
 END reg_ob_correlation_xml_schema;

/
