[{
		"sponsorname" : "Wilson HTM Ltd ASTC - 04126",
		"sponsorpid" : "04126"
	}, {
		"sponsorname" : "ABN AMRO Clearing Sydney Pty Ltd ASTC - 01193",
		"sponsorpid" : "01193"
	}, {
		"sponsorname" : "AET Structured Finance Services Pty Limited ASTC - 20066",
		"sponsorpid" : "20066"
	}, {
		"sponsorname" : "ANZ Margin Services Pty Limited ASTC - 21019",
		"sponsorpid" : "21019"
	}, {
		"sponsorname" : "Equity Trustees Wealth Services Limited ASTC - 20098",
		"sponsorpid" : "20098"
	}, {
		"sponsorname" : "Australian Executor Trustees Limited ASTC - 20120",
		"sponsorpid" : "20120"
	}, {
		"sponsorname" : "Australian Investment Exchange Limited ASTC - 06381",
		"sponsorpid" : "06381"
	}, {
		"sponsorname" : "Baillieu Holst Ltd ASTC - 03118",
		"sponsorpid" : "03118"
	}, {
		"sponsorname" : "BBY Ltd ASTC - 01124",
		"sponsorpid" : "01124"
	}, {
		"sponsorname" : "Bell Potter Securities Limited ASTC - 01543",
		"sponsorpid" : "01543"
	}, {
		"sponsorname" : "BNP Paribas Securities Services ASTC - 27050",
		"sponsorpid" : "27050"
	}, {
		"sponsorname" : "Bond Street Custodians Limited - A/C Institutional ASTC - 21003",
		"sponsorpid" : "21003"
	}, {
		"sponsorname" : "Bond Street Custodians Limited - A/C Portfolio Serv ASTC - 21028",
		"sponsorpid" : "21028"
	}, {
		"sponsorname" : "BPC Securities Pty Limited ASTC - 20306",
		"sponsorpid" : "20306"
	}, {
		"sponsorname" : "BT Portfolio Services Ltd ASTC - 21034",
		"sponsorpid" : "21034"
	}, {
		"sponsorname" : "BT Securities Ltd ASTC - 20021",
		"sponsorpid" : "20021"
	}, {
		"sponsorname" : "Capricorn Investment Partners Limited ASTC - 21033",
		"sponsorpid" : "21033"
	}, {
		"sponsorname" : "CBA Equities Limited ASTC - 03103",
		"sponsorpid" : "03103"
	}, {
		"sponsorname" : "Chimaera Capital Ltd ASTC - 22123",
		"sponsorpid" : "22123"
	}, {
		"sponsorname" : "Citicorp Nominees Pty Limited ASTC - 20018",
		"sponsorpid" : "20018"
	}, {
		"sponsorname" : "Citigroup Global Markets Australia Pty Limited ASTC - 02033",
		"sponsorpid" : "02033"
	}, {
		"sponsorname" : "CMC Markets Stockbroking Limited ASTC - 02662",
		"sponsorpid" : "02662"
	}, {
		"sponsorname" : "Commonwealth Securities Limited ASTC - 01202",
		"sponsorpid" : "01202"
	}, {
		"sponsorname" : "Commonwealth Securities Limited ASTC - 01402",
		"sponsorpid" : "01402"
	}, {
		"sponsorname" : "Computershare Clearing Pty Limited ASTC - 20127",
		"sponsorpid" : "20127"
	}, {
		"sponsorname" : "Credit Suisse Equities (Australia) Limited ASTC - 01103",
		"sponsorpid" : "01103"
	}, {
		"sponsorname" : "Deutsche Securities Australia Limited ASTC - 02103",
		"sponsorpid" : "02103"
	}, {
		"sponsorname" : "Deutsche Securities Australia Limited ASTC - 02104",
		"sponsorpid" : "02104"
	}, {
		"sponsorname" : "E*TRADE Australia Securities Limited ASTC - 01442",
		"sponsorpid" : "01442"
	}, {
		"sponsorname" : "Asgard Capital Management Ltd ASTC - 20131",
		"sponsorpid" : "20131"
	}, {
		"sponsorname" : "Equity Trustees Limited ASTC - 20054",
		"sponsorpid" : "20054"
	}, {
		"sponsorname" : "Goldman Sachs Australia Pty Ltd ASTC - 03614",
		"sponsorpid" : "03614"
	}, {
		"sponsorname" : "Hartleys Limited ASTC - 06086",
		"sponsorpid" : "06086"
	}, {
		"sponsorname" : "HSBC Custody Nominees (Australia) Limited ASTC - 20057",
		"sponsorpid" : "20057"
	}, {
		"sponsorname" : "Instinet Australia Pty Limited ASTC - 02172",
		"sponsorpid" : "02172"
	}, {
		"sponsorname" : "INVIA Custodian Pty Limited ASTC - 20039",
		"sponsorpid" : "20039"
	}, {
		"sponsorname" : "ITG Australia Limited ASTC - 03453",
		"sponsorpid" : "03453"
	}, {
		"sponsorname" : "J.P. Morgan Nominees Australia Limited ASTC - 20104",
		"sponsorpid" : "20104"
	}, {
		"sponsorname" : "J.P. Morgan Nominees Australia Limited - GSP ASTC - 21104",
		"sponsorpid" : "21104"
	}, {
		"sponsorname" : "J.P. Morgan Securities Australia Limited ASTC - 02972",
		"sponsorpid" : "02972"
	}, {
		"sponsorname" : "Link Market Services Limited ASTC - 20378",
		"sponsorpid" : "20378"
	}, {
		"sponsorname" : "Macquarie Equities Limited ASTC - 02442",
		"sponsorpid" : "02442"
	}, {
		"sponsorname" : "Merrill Lynch Equities (Australia) Limited ASTC - 03666",
		"sponsorpid" : "03666"
	}, {
		"sponsorname" : "Morgan Stanley Australia Securities Limited ASTC - 02992",
		"sponsorpid" : "02992"
	}, {
		"sponsorname" : "Morgan Stanley Wealth Management Australia Pty Ltd ASTC - 03383",
		"sponsorpid" : "03383"
	}, {
		"sponsorname" : "Morgans Financial Limited ASTC - 04064",
		"sponsorpid" : "04064"
	}, {
		"sponsorname" : "Morrison Securities Pty Limited ASTC - 01088",
		"sponsorpid" : "01088"
	}, {
		"sponsorname" : "Mutual Trust Pty Ltd ASTC - 21036",
		"sponsorpid" : "21036"
	}, {
		"sponsorname" : "National Australia Bank Limited ASTC - 20006",
		"sponsorpid" : "20006"
	}, {
		"sponsorname" : "National Australia Trustees Limited ASTC - 20106",
		"sponsorpid" : "20106"
	}, {
		"sponsorname" : "National Margin Services Pty Ltd ASTC - 21030",
		"sponsorpid" : "21030"
	}, {
		"sponsorname" : "National Stock Exchange of Australia Limited ASTC - 21031",
		"sponsorpid" : "21031"
	}, {
		"sponsorname" : "Netwealth Investments Limited ASTC - 20367",
		"sponsorpid" : "20367"
	}, {
		"sponsorname" : "NSW Trustee and Guardian ASTC - 21029",
		"sponsorpid" : "21029"
	}, {
		"sponsorname" : "One Managed Investment Funds Limited ASTC - 27052",
		"sponsorpid" : "27052"
	}, {
		"sponsorname" : "OpenMarkets Australia Limited ASTC - 01135",
		"sponsorpid" : "01135"
	}, {
		"sponsorname" : "Patersons Securities Limited ASTC - 06776",
		"sponsorpid" : "06776"
	}, {
		"sponsorname" : "Pershing Securities Australia Pty Ltd ASTC 01792 - 01792",
		"sponsorpid" : "01792"
	}, {
		"sponsorname" : "Pirie Street Custodian Ltd ASTC - 21008",
		"sponsorpid" : "21008"
	}, {
		"sponsorname" : "RBC Investor Services Trust ASTC - 21119",
		"sponsorpid" : "21119"
	}, {
		"sponsorname" : "RBC Securities Australia Pty Limited ASTC - 02542",
		"sponsorpid" : "02542"
	}, {
		"sponsorname" : "Sandhurst Trustees Limited ASTC - 20082",
		"sponsorpid" : "20082"
	}, {
		"sponsorname" : "Shaw Stockbroking Limited ASTC - 02982",
		"sponsorpid" : "02982"
	}, {
		"sponsorname" : "State One Stockbroking Ltd ASTC - 06788",
		"sponsorpid" : "06788"
	}, {
		"sponsorname" : "Suncorp Custodian Services Pty Ltd ASTC - 20152",
		"sponsorpid" : "20152"
	}, {
		"sponsorname" : "Tasmanian Perpetual Trustees Ltd ASTC - 21035",
		"sponsorpid" : "21035"
	}, {
		"sponsorname" : "The Trust Company Limited ASTC - 20025",
		"sponsorpid" : "20025"
	}, {
		"sponsorname" : "Third Party Platform Pty Ltd ASTC - 02552",
		"sponsorpid" : "02552"
	}, {
		"sponsorname" : "UBS Securities Australia Ltd ASTC - 01505",
		"sponsorpid" : "01505"
	}, {
		"sponsorname" : "UBS Securities Australia Ltd ASTC - 01506",
		"sponsorpid" : "01506"
	}, {
		"sponsorname" : "UBS Securities Australia Ltd (ASX Futures Clearing PID) ASTC - 01502",
		"sponsorpid" : "01502"
	}, {
		"sponsorname" : "Value Nominees Pty Ltd ASTC - 22888",
		"sponsorpid" : "22888"
	}, {
		"sponsorname" : "Wealthub Securities Limited ASTC - 01227",
		"sponsorpid" : "01227"
	}, {
		"sponsorname" : "Wealthub Securities Limited ASTC - 01226",
		"sponsorpid" : "01226"
	}, {
		"sponsorname" : "Ord Minnett Limited ASTC - 02338",
		"sponsorpid" : "02338"
	}, {
		"sponsorname" : "FinClear Execution Limited ASTC - 03555",
		"sponsorpid" : "03555"
	}, {
		"sponsorname" : "Ord Minnett Limited ASTC - 02337",
		"sponsorpid" : "02337"
	}, {
		"sponsorname" : "BNP Paribas Securities Services ASTC - 1892",
		"sponsorpid" : "1892"
	}, {
		"sponsorname" : "BT Private Portfolio Management ASTC - 20041",
		"sponsorpid" : "20041"
	}, {
		"sponsorname" : "UBS Wealth Management Australia Ltd ASTC - 23005",
		"sponsorpid" : "23005"
	}, {
		"sponsorname" : "CBA Markets Limited ASTC - 03102",
		"sponsorpid" : "03102"
	}, {
		"sponsorname" : "Pershing Securities Australia Pty Ltd ASTC - 01791",
		"sponsorpid" : "01791"
	}, {
		"sponsorname" : "Managed Portfolio Services Limited ASTC - 27048",
		"sponsorpid" : "27048"
	}, {
		"sponsorname" : "Interactive Brokers Australia Ltd ASTC - 02392",
		"sponsorpid" : "02392"
	}, {
		"sponsorname" : "Phillip Capital Limited ASTC - 02922",
		"sponsorpid" : "02922"
	}, {
		"sponsorname" : "Phillip Capital Limited ASTC - 02924",
		"sponsorpid" : "02924"
	}, {
		"sponsorname" : "Pershing Securities Australia Pty Ltd ASTC - 05127",
		"sponsorpid" : "05127"
	}, {
		"sponsorname" : "Patersons Securities Limited ASTC - 06777",
		"sponsorpid" : "06777"
	}, {
		"sponsorname" : "Shaw and Partners Limited ASTC - 02981",
		"sponsorpid" : "02981"
	}, {
		"sponsorname" : "Baker Young Stockbrokers Limited ASTC - 02026",
		"sponsorpid" : "02026"
	}
]
